seed,epoch,loss
100,1,0.9517898550033569
100,2,0.7467096033096313
100,3,0.6454369821548462
100,4,0.5856671237945557
100,5,0.5283399004936218
100,6,0.4923997733592987
100,7,0.47019881200790403
100,8,0.44532847380638124
100,9,0.43708881306648256
100,10,0.4242762038707733
100,11,0.41628920936584474
100,12,0.40908247089385985
100,13,0.3997401065826416
100,14,0.40054772853851317
100,15,0.40199149417877195
100,16,0.3957795283794403
100,17,0.39071594762802125
100,18,0.37927814078330996
100,19,0.37959839510917665
100,20,0.38576839947700503
100,21,0.37973218607902526
100,22,0.3731721155643463
100,23,0.37140887379646303
100,24,0.3650090944766998
100,25,0.37143710112571715
100,26,0.3619862141609192
100,27,0.36238603949546816
100,28,0.35246472096443177
100,29,0.34634984064102176
100,30,0.347117520570755
100,31,0.34979294085502627
100,32,0.34757033371925355
100,33,0.3407468271255493
100,34,0.3388371245861053
100,35,0.3338220117092133
100,36,0.329792266368866
100,37,0.32564622616767885
100,38,0.32662992691993714
100,39,0.32225504803657534
100,40,0.3181347985267639
100,41,0.3184443004131317
100,42,0.3188154191970825
100,43,0.31898055934906006
100,44,0.30816677236557005
100,45,0.3107858362197876
100,46,0.30896638679504396
100,47,0.31072751665115356
100,48,0.30428000354766843
100,49,0.30121093773841856
100,50,0.3079409713745117
100,51,0.30368845820426943
100,52,0.29979098987579345
100,53,0.2964825360774994
100,54,0.29923949551582335
100,55,0.29273836970329287
100,56,0.2944097924232483
100,57,0.29780532455444336
100,58,0.2903057481050491
100,59,0.28336353397369385
100,60,0.2900827910900116
100,61,0.2928372936248779
100,62,0.29226272106170653
100,63,0.2790437333583832
100,64,0.2867153775691986
100,65,0.281796506524086
100,66,0.2820305337905884
100,67,0.28428131437301635
100,68,0.2809209249019623
100,69,0.28598397207260134
100,70,0.27488114261627195
100,71,0.2796075756549835
100,72,0.27486666369438173
100,73,0.2749434101581574
100,74,0.2723570957183838
100,75,0.2729387040138245
100,76,0.2738379390239716
100,77,0.26636579775810243
100,78,0.27146859884262087
100,79,0.2633871326446533
100,80,0.2731180354356766
100,81,0.26857615721225736
100,82,0.2691992566585541
100,83,0.2684506323337555
100,84,0.26840759539604186
100,85,0.2629678683280945
100,86,0.25928994750976564
100,87,0.25941343426704405
100,88,0.2664441702365875
100,89,0.25814979982376096
100,90,0.2619251662492752
100,91,0.260960919380188
100,92,0.25747898852825163
100,93,0.251629625916481
100,94,0.26100873696804044
100,95,0.25292519068717956
100,96,0.25649716281890866
100,97,0.25496269917488096
100,98,0.25048455929756164
100,99,0.24596760702133177
100,100,0.24787494719028472
100,101,0.24466345500946046
100,102,0.2519831614494324
100,103,0.24361677384376526
100,104,0.24365112912654877
100,105,0.2464891812801361
100,106,0.2481168553829193
100,107,0.25061104393005373
100,108,0.24501709628105164
100,109,0.24543197798728944
100,110,0.2457939999103546
100,111,0.2444576326608658
100,112,0.24397097051143646
100,113,0.24404250252246856
100,114,0.2357127766609192
100,115,0.2438407520055771
100,116,0.24279203462600707
100,117,0.2436974893808365
100,118,0.23965252065658568
100,119,0.24042881536483765
100,120,0.23768781614303588
100,121,0.24325998401641846
100,122,0.23318454372882844
100,123,0.23828943920135498
100,124,0.2314501050710678
100,125,0.23897398495674133
100,126,0.23430254662036895
100,127,0.2268787157535553
100,128,0.2338662016391754
100,129,0.23618561887741088
100,130,0.23233371961116792
100,131,0.2256413531303406
100,132,0.223637286901474
100,133,0.23651512360572816
100,134,0.2295371973514557
100,135,0.22315711557865142
100,136,0.22857853317260743
100,137,0.2293891260623932
100,138,0.22855915784835815
100,139,0.2284377213716507
100,140,0.2289263174533844
100,141,0.22069907104969025
100,142,0.23491176462173463
100,143,0.21819251894950867
100,144,0.22707797241210936
100,145,0.22274621403217315
100,146,0.22560262966156006
100,147,0.21939738261699676
100,148,0.22892838442325592
100,149,0.2263097939491272
100,150,0.2163830362558365
100,151,0.22157046985626222
100,152,0.21558314490318298
100,153,0.22591270935535432
100,154,0.22705450880527497
100,155,0.21979810810089112
100,156,0.22598465824127198
100,157,0.217181054353714
100,158,0.21350280225276946
100,159,0.2146230149269104
100,160,0.21523604607582092
100,161,0.21843912303447724
100,162,0.21868306851387023
100,163,0.22120700478553773
100,164,0.21634671676158906
100,165,0.2213542422056198
100,166,0.21644118750095367
100,167,0.21594097709655763
100,168,0.21564219188690187
100,169,0.2210191857814789
100,170,0.22098797249794006
100,171,0.20861923801898957
100,172,0.21937197411060333
100,173,0.2171520496606827
100,174,0.21794117259979248
100,175,0.21644739949703218
100,176,0.2114533153772354
100,177,0.20896866214275361
100,178,0.21219105994701384
100,179,0.21839189064502715
100,180,0.2113460508584976
100,181,0.215632883310318
100,182,0.20578675734996796
100,183,0.21332510399818422
100,184,0.2117512763738632
100,185,0.207601683139801
100,186,0.20803166818618773
100,187,0.2155556901693344
100,188,0.2075610795021057
100,189,0.20846352446079255
100,190,0.21087238597869873
100,191,0.21279549622535707
100,192,0.2066686327457428
100,193,0.2036250272989273
100,194,0.19812271285057068
100,195,0.20288701844215393
100,196,0.20683934795856476
100,197,0.20543866181373596
100,198,0.20973152375221252
100,199,0.2081188590526581
100,200,0.20689577579498292
100,201,0.20760487592220306
100,202,0.20741656243801118
100,203,0.20137001967430115
100,204,0.21636748123168945
100,205,0.1999448217153549
100,206,0.2056921377182007
100,207,0.20609366035461427
100,208,0.2062196695804596
100,209,0.2014650185108185
100,210,0.20811647081375123
100,211,0.20119269227981568
100,212,0.20290028154850007
100,213,0.20200142323970793
100,214,0.20109686088562012
100,215,0.20481287324428557
100,216,0.19661729645729065
100,217,0.20155996036529542
100,218,0.20330444276332854
100,219,0.19972456562519073
100,220,0.2015577929019928
100,221,0.19845202600955963
100,222,0.19462243139743804
100,223,0.19854665446281433
100,224,0.20018174183368684
100,225,0.1953994485139847
100,226,0.19986936140060424
100,227,0.19637728762626647
100,228,0.19875957083702087
100,229,0.19813132655620574
100,230,0.20283543527126313
100,231,0.19880564379692078
100,232,0.20262436318397523
100,233,0.19699588549137115
100,234,0.20012641131877898
100,235,0.19113107132911683
100,236,0.19606212246418
100,237,0.19408230030536652
100,238,0.19088380110263825
100,239,0.19217436349391936
100,240,0.189736168384552
100,241,0.1916375422477722
100,242,0.19361478734016419
100,243,0.19017835986614226
100,244,0.20077228021621704
100,245,0.19485606622695922
100,246,0.19718199825286864
100,247,0.19129529178142549
100,248,0.19133212089538573
100,249,0.19818594074249268
100,250,0.19490282547473908
100,251,0.19324609768390655
100,252,0.19354019355773927
100,253,0.192451793551445
100,254,0.18627202892303465
100,255,0.1902160004377365
100,256,0.19590181136131288
100,257,0.1911380342245102
100,258,0.1924261440038681
100,259,0.19207789707183837
100,260,0.19307591426372528
100,261,0.187164444565773
100,262,0.1925883387327194
100,263,0.19761833256483077
100,264,0.1897024692296982
100,265,0.18216942489147187
100,266,0.19009879648685454
100,267,0.1910709867477417
100,268,0.19279525458812713
100,269,0.18987513089179991
100,270,0.19509089994430542
100,271,0.19017013573646546
100,272,0.19813924515247344
100,273,0.19204666507244111
100,274,0.18775824224948884
100,275,0.18918813240528107
100,276,0.18819502019882203
100,277,0.188564199924469
100,278,0.18624793446063995
100,279,0.18825184237957002
100,280,0.1902386612892151
100,281,0.19041296434402466
100,282,0.1908412536382675
100,283,0.18783815455436706
100,284,0.18940443694591522
100,285,0.1856319054365158
100,286,0.18446875202655794
100,287,0.18356616950035096
100,288,0.18974207031726836
100,289,0.179335116147995
100,290,0.1837383085489273
100,291,0.1838168649673462
100,292,0.1842468144893646
100,293,0.1818261730670929
100,294,0.19199080407619476
100,295,0.18791583597660064
100,296,0.18661753559112548
100,297,0.18560913467407228
100,298,0.18345216834545136
100,299,0.1831765615940094
100,300,0.1885342218875885
100,301,0.18886839091777802
100,302,0.19412581598758696
100,303,0.18572311520576476
100,304,0.1843826996088028
100,305,0.18532685673236846
100,306,0.18422066605091095
100,307,0.18195434248447417
100,308,0.182063653588295
100,309,0.18251492965221405
100,310,0.18086457598209382
100,311,0.1818217533826828
100,312,0.17959668791294098
100,313,0.18887047815322877
100,314,0.18364284253120422
100,315,0.18077637815475464
100,316,0.18721294212341308
100,317,0.18652947783470153
100,318,0.17900428009033204
100,319,0.17710230886936187
100,320,0.18477933287620543
100,321,0.18314979362487793
100,322,0.18437531888484954
100,323,0.18080351126194
100,324,0.1855741230249405
100,325,0.1872055811882019
100,326,0.18284271681308747
100,327,0.1740251078605652
100,328,0.1825524182319641
100,329,0.17867990028858186
100,330,0.17371691930294036
100,331,0.17520292842388152
100,332,0.1776424823999405
100,333,0.17797597754001618
100,334,0.1766509917974472
100,335,0.18151115882396698
100,336,0.18008338916301728
100,337,0.1787743215560913
100,338,0.18316282415390014
100,339,0.18243932962417603
100,340,0.17767628622055054
100,341,0.18062849867343903
100,342,0.17575070095062256
100,343,0.17643649077415466
100,344,0.1811691151857376
100,345,0.17631570172309877
100,346,0.1799681585431099
100,347,0.1754068773984909
100,348,0.17478786706924437
100,349,0.17982916700839996
100,350,0.1753099081516266
100,351,0.17680579912662506
100,352,0.1794563398361206
100,353,0.173241241812706
100,354,0.1792371450662613
100,355,0.17935441899299623
100,356,0.17580839359760284
100,357,0.17736357402801514
100,358,0.18022995340824127
100,359,0.1780520759820938
100,360,0.1755924869775772
100,361,0.17899408173561096
100,362,0.17957813906669617
100,363,0.17766890025138854
100,364,0.17684891474246978
100,365,0.18354448592662811
100,366,0.17597859621047973
100,367,0.17789963495731353
100,368,0.17763047564029694
100,369,0.17392000889778136
100,370,0.17194181787967683
100,371,0.1777255402803421
100,372,0.18030481016635894
100,373,0.1783572599887848
100,374,0.1748071210384369
100,375,0.1763691234588623
100,376,0.18001550030708313
100,377,0.17719195199012755
100,378,0.17904406130313874
100,379,0.16661336266994475
100,380,0.17661864387989043
100,381,0.17447400176525116
100,382,0.17441538238525392
100,383,0.17784467315673827
100,384,0.17331021511554717
100,385,0.17323858892917632
100,386,0.17300695967674257
100,387,0.17904338502883912
100,388,0.17647571051120758
100,389,0.17429157543182372
100,390,0.17005959725379943
100,391,0.17872885477542877
100,392,0.17596007084846496
100,393,0.18068630015850068
100,394,0.1747381694316864
100,395,0.17345868337154388
100,396,0.1723691223859787
100,397,0.1716283462047577
100,398,0.17240599250793456
100,399,0.17508485019207
100,400,0.17520891773700714
100,401,0.1753600492477417
100,402,0.1703349574804306
100,403,0.170115003824234
100,404,0.16815356957912445
100,405,0.1745374675989151
100,406,0.16977540397644042
100,407,0.16786972963809968
100,408,0.1725207042694092
100,409,0.16886419475078582
100,410,0.1657650318145752
100,411,0.16893222856521606
100,412,0.17362100470066072
100,413,0.17238711547851562
100,414,0.1722544798851013
100,415,0.16905417919158935
100,416,0.17079218184947967
100,417,0.16552263796329497
100,418,0.1740056312084198
100,419,0.17189913773536683
100,420,0.17336608397960662
100,421,0.16754813134670257
100,422,0.17279274916648865
100,423,0.17182501256465912
100,424,0.16998433923721312
100,425,0.17260828399658204
100,426,0.17337541270256043
100,427,0.17018711376190185
100,428,0.17458874940872193
100,429,0.16895238268375395
100,430,0.1709176126718521
100,431,0.17291759622097017
100,432,0.17609820783138275
100,433,0.16785538136959077
100,434,0.16970824313163757
100,435,0.17345631921291352
100,436,0.16860606002807618
100,437,0.16515866541862487
100,438,0.16867039406299592
100,439,0.1680402090549469
100,440,0.17681177020072936
100,441,0.16936906850337982
100,442,0.16810974931716918
100,443,0.1703818963766098
100,444,0.17286198246479034
100,445,0.16827983486652373
100,446,0.1666220029592514
100,447,0.1687670657634735
100,448,0.16873527324199677
100,449,0.16927107977867126
100,450,0.1674842972755432
100,451,0.17065482199192047
100,452,0.16497710955142975
100,453,0.16819259667396547
100,454,0.16715549755096434
100,455,0.1690114824771881
100,456,0.17015144097805024
100,457,0.16852626955509187
100,458,0.16757392048835754
100,459,0.1701024888753891
100,460,0.16813215911388396
100,461,0.16742662155628205
100,462,0.1670152860879898
100,463,0.16327520620822905
100,464,0.17184132301807403
100,465,0.16438101398944854
100,466,0.16130877935886384
100,467,0.1686083264350891
100,468,0.16801653015613555
100,469,0.1696197919845581
100,470,0.17305048072338106
100,471,0.16276528763771056
100,472,0.16001912891864778
100,473,0.167414666056633
100,474,0.15920087969303132
100,475,0.1652229219675064
100,476,0.16721076452732087
100,477,0.16616464018821717
100,478,0.16827973544597627
100,479,0.16593060755729674
100,480,0.16227419781684876
100,481,0.16532878732681275
100,482,0.16565604770183565
100,483,0.16370309257507323
100,484,0.16522550916671752
100,485,0.16237780916690828
100,486,0.16469690597057343
100,487,0.16668044650554656
100,488,0.16603165447711946
100,489,0.16770467221736907
100,490,0.16191075056791304
100,491,0.1641357697248459
100,492,0.16709882593154907
100,493,0.159228986620903
100,494,0.16611464869976045
100,495,0.16309720051288604
100,496,0.16616066229343415
100,497,0.16331675797700881
100,498,0.1595178188085556
100,499,0.16179076111316681
100,500,0.16928334712982177
100,501,0.16137549805641174
100,502,0.15842556726932525
100,503,0.16251634073257445
100,504,0.16247634088993074
100,505,0.1643808923959732
100,506,0.16394727385044097
100,507,0.16412790262699128
100,508,0.1650396547317505
100,509,0.16072532951831817
100,510,0.16420446956157683
100,511,0.1668684356212616
100,512,0.15821437323093415
100,513,0.15908284294605254
100,514,0.1595430864095688
100,515,0.15956449031829834
100,516,0.16082616221904755
100,517,0.15555951857566833
100,518,0.16640684139728545
100,519,0.16462160050868987
100,520,0.1628554813861847
100,521,0.16119181728363038
100,522,0.17013773143291475
100,523,0.15964449870586395
100,524,0.16169297647476197
100,525,0.1652726024389267
100,526,0.1617596170902252
100,527,0.16311970126628875
100,528,0.16725983595848085
100,529,0.16324932289123534
100,530,0.16222763156890868
100,531,0.1613968105316162
100,532,0.16261740386486054
100,533,0.1556829176545143
100,534,0.16205220234394074
100,535,0.15954891872406005
100,536,0.15529643285274505
100,537,0.1587270233631134
100,538,0.1592110104560852
100,539,0.1642630632519722
100,540,0.15931751477718353
100,541,0.16179304349422455
100,542,0.16305152928829192
100,543,0.1610120372772217
100,544,0.1628549439907074
100,545,0.1603661769628525
100,546,0.15628812420368193
100,547,0.1593747643828392
100,548,0.15437345951795578
100,549,0.1583669899702072
100,550,0.16108460640907288
100,551,0.16192682337760925
100,552,0.1611906659603119
100,553,0.15577955329418183
100,554,0.15906075930595398
100,555,0.15969880843162537
100,556,0.16484678614139556
100,557,0.15627517557144166
100,558,0.16043260741233825
100,559,0.15544195115566253
100,560,0.15521883821487426
100,561,0.1665593730211258
100,562,0.16090811824798584
100,563,0.15821929943561555
100,564,0.16185423010587693
100,565,0.15801834678649904
100,566,0.15945440363883973
100,567,0.15872224724292755
100,568,0.16277109718322755
100,569,0.1560434650182724
100,570,0.1621986358165741
100,571,0.15726885604858398
100,572,0.16066569542884826
100,573,0.15664652949571609
100,574,0.158497883439064
100,575,0.1588074907064438
100,576,0.15729804766178132
100,577,0.1599863792657852
100,578,0.15541590178012848
100,579,0.1596809710264206
100,580,0.15593493103981018
100,581,0.15438008511066437
100,582,0.15653127920627594
100,583,0.15643642330169677
100,584,0.15485967528820038
100,585,0.15278679823875427
100,586,0.15507335484027862
100,587,0.15696228468418122
100,588,0.15627644562721252
100,589,0.15585623586177827
100,590,0.1588216552734375
100,591,0.15629090082645417
100,592,0.15762937593460083
100,593,0.156902663230896
100,594,0.1607762598991394
100,595,0.1592583807706833
100,596,0.15534964537620544
100,597,0.1585103907585144
100,598,0.153129408121109
100,599,0.15873406338691712
100,600,0.16021797013282776
100,601,0.1543006740808487
100,602,0.1575992170572281
100,603,0.15619571995735168
100,604,0.1501527019739151
100,605,0.15826802682876587
100,606,0.15758708178997038
100,607,0.16010227715969086
100,608,0.1583024331331253
100,609,0.15420573377609254
100,610,0.14994906294345856
100,611,0.1503883603811264
100,612,0.16018894922733307
100,613,0.15115086460113525
100,614,0.15892106688022614
100,615,0.15305331683158874
100,616,0.15651576375961304
100,617,0.16197490167617798
100,618,0.15582478880882264
100,619,0.15641716694831848
100,620,0.1550458868741989
100,621,0.1589769646525383
100,622,0.1578338063955307
100,623,0.15517737913131713
100,624,0.15325385797023774
100,625,0.15649757766723632
100,626,0.15242484438419343
100,627,0.15182735228538513
100,628,0.15295281422138213
100,629,0.15390416532754897
100,630,0.15439216196537017
100,631,0.1570934875011444
100,632,0.15241050243377685
100,633,0.15565751910209655
100,634,0.15478909063339233
100,635,0.15709499287605286
100,636,0.15819826686382293
100,637,0.15096271681785584
100,638,0.1469467785358429
100,639,0.14858091068267823
100,640,0.14784564650058746
100,641,0.15545054346323015
100,642,0.15765373456478118
100,643,0.15657904422283173
100,644,0.15975443792343139
100,645,0.16009341645240785
100,646,0.15280112481117247
100,647,0.1606850140094757
100,648,0.15420759916305543
100,649,0.15483127784729003
100,650,0.1520570925474167
100,651,0.15509102547168732
100,652,0.15500328016281129
100,653,0.1537674857378006
100,654,0.15245807015895843
100,655,0.15382043135166168
100,656,0.1551046895980835
100,657,0.1570019973516464
100,658,0.1571011816263199
100,659,0.1543547529578209
100,660,0.15018089032173157
100,661,0.14986620771884918
100,662,0.1525720909833908
100,663,0.15960999298095704
100,664,0.15702753877639772
100,665,0.15672811627388
100,666,0.15503019416332245
100,667,0.15162102150917053
100,668,0.15171987515687943
100,669,0.15483728766441346
100,670,0.1560100985765457
100,671,0.1518072943687439
100,672,0.15333895754814147
100,673,0.1480543396472931
100,674,0.15245559453964233
100,675,0.1524274344444275
100,676,0.15488545739650728
100,677,0.1512362819314003
100,678,0.15147117352485656
100,679,0.1500757110118866
100,680,0.1501286301612854
100,681,0.15189750039577485
100,682,0.15305826437473297
100,683,0.1585492679476738
100,684,0.15729506587982178
100,685,0.1519188015460968
100,686,0.1495085141658783
100,687,0.1540625210404396
100,688,0.15121730554103852
100,689,0.15384134483337403
100,690,0.1563451647758484
100,691,0.1554503470659256
100,692,0.1540970368385315
100,693,0.148889482319355
100,694,0.15241637635231017
100,695,0.1568552473783493
100,696,0.15967656111717224
100,697,0.15488430714607238
100,698,0.15219442975521089
100,699,0.1538531438112259
100,700,0.15264134466648102
100,701,0.15525417637825012
100,702,0.15040314841270447
100,703,0.15023516380786897
100,704,0.15278921616077423
100,705,0.15492631953954697
100,706,0.15044961535930634
100,707,0.1565076756477356
100,708,0.15201640063524247
100,709,0.15286365592479706
100,710,0.15195157861709593
100,711,0.1524231117963791
100,712,0.15289444053173065
100,713,0.14462293219566344
100,714,0.1451361917257309
100,715,0.14885448205471039
100,716,0.1518919208049774
100,717,0.1517265421152115
100,718,0.14982804334163666
100,719,0.14887414419651032
100,720,0.15499342691898346
100,721,0.15633052909374237
100,722,0.15042737233638764
100,723,0.15669681084156037
100,724,0.15241539812088012
100,725,0.1527163679599762
100,726,0.14803037136793137
100,727,0.1490018128156662
100,728,0.15331543576717377
100,729,0.14918277418613435
100,730,0.15473758685588837
100,731,0.15619579124450683
100,732,0.15463410305976868
100,733,0.14914870285987855
100,734,0.15073832833766937
100,735,0.15293343913555146
100,736,0.14491746997833252
100,737,0.14740816444158555
100,738,0.14676960396766664
100,739,0.15002067136764527
100,740,0.15163956987857818
100,741,0.15105457937717437
100,742,0.14706239187717438
100,743,0.15107073163986207
100,744,0.1503322275876999
100,745,0.14692539143562316
100,746,0.14621491026878358
100,747,0.15079393982887268
100,748,0.15242093527317047
100,749,0.15194354170560836
100,750,0.15172712576389313
101,1,0.9486478047370911
101,2,0.7442514443397522
101,3,0.6448152222633362
101,4,0.5761529450416565
101,5,0.5268411903381348
101,6,0.49599334645271304
101,7,0.46570212960243224
101,8,0.452093620300293
101,9,0.4327700335979462
101,10,0.4206863067150116
101,11,0.4135289304256439
101,12,0.4108142116069794
101,13,0.4054419183731079
101,14,0.3984300239086151
101,15,0.39861865520477296
101,16,0.3927741768360138
101,17,0.39892364692687987
101,18,0.384626948595047
101,19,0.3830686595439911
101,20,0.37968017983436586
101,21,0.3735919332504272
101,22,0.3770799369812012
101,23,0.36863764667510984
101,24,0.37076782989501955
101,25,0.3657834033966064
101,26,0.3505765507221222
101,27,0.360722363948822
101,28,0.35546465015411377
101,29,0.35486378526687623
101,30,0.34797129106521607
101,31,0.34471311736106874
101,32,0.3540602414608002
101,33,0.3412997395992279
101,34,0.3391684610843658
101,35,0.334394909620285
101,36,0.3329994626045227
101,37,0.3270208196640015
101,38,0.3248087418079376
101,39,0.3260059480667114
101,40,0.3290064368247986
101,41,0.3194674656391144
101,42,0.32155742025375367
101,43,0.30714090895652774
101,44,0.3140221149921417
101,45,0.3078649706840515
101,46,0.3046215631961823
101,47,0.30498304414749144
101,48,0.3089673429727554
101,49,0.30255914425849917
101,50,0.3072699275016785
101,51,0.2919904749393463
101,52,0.29569979763031007
101,53,0.2929005286693573
101,54,0.30095105290412905
101,55,0.29273257732391356
101,56,0.30283300995826723
101,57,0.2963724763393402
101,58,0.2960109055042267
101,59,0.2856951380968094
101,60,0.28282612609863284
101,61,0.29551684522628785
101,62,0.2810721616744995
101,63,0.2865451879501343
101,64,0.2774724404811859
101,65,0.2900118428468704
101,66,0.285108425617218
101,67,0.2833409230709076
101,68,0.28236955988407136
101,69,0.26821475648880005
101,70,0.2717738356590271
101,71,0.2749001588821411
101,72,0.2718163743019104
101,73,0.28429374074935915
101,74,0.27346929216384885
101,75,0.27263622188568115
101,76,0.27052312707901
101,77,0.27693472743034364
101,78,0.26701340985298155
101,79,0.2687370238304138
101,80,0.26398216652870177
101,81,0.2694436737298965
101,82,0.2681630599498749
101,83,0.2619859986305237
101,84,0.2626517324447632
101,85,0.2630553238391876
101,86,0.26501188349723814
101,87,0.2542205719947815
101,88,0.26380825209617614
101,89,0.26388715863227846
101,90,0.26487298142910004
101,91,0.2662055342197418
101,92,0.25984025382995607
101,93,0.2527013394832611
101,94,0.2585977470874786
101,95,0.2554585607051849
101,96,0.25241846656799316
101,97,0.2616012977361679
101,98,0.25713440108299257
101,99,0.2573211758136749
101,100,0.2572611000537872
101,101,0.2578954048156738
101,102,0.2556032700538635
101,103,0.25269814682006836
101,104,0.25063677990436556
101,105,0.24200454783439637
101,106,0.2508352749347687
101,107,0.2577934262752533
101,108,0.24901543664932252
101,109,0.2554091477394104
101,110,0.2509793353080749
101,111,0.25185366582870483
101,112,0.2414570083618164
101,113,0.24707637667655946
101,114,0.25109451150894163
101,115,0.2537830348014832
101,116,0.24059596419334411
101,117,0.23969666039943696
101,118,0.24340752387046813
101,119,0.249355743765831
101,120,0.2415149118900299
101,121,0.2438165738582611
101,122,0.23613615429401397
101,123,0.23812129139900207
101,124,0.23631467592716218
101,125,0.236981684923172
101,126,0.23945276784896852
101,127,0.23497974252700807
101,128,0.2443038251399994
101,129,0.2379628667831421
101,130,0.24237021708488465
101,131,0.23785466718673706
101,132,0.2376711699962616
101,133,0.2342131562232971
101,134,0.24066139090061187
101,135,0.2330308772325516
101,136,0.2413114298582077
101,137,0.23409865760803222
101,138,0.23480106127262115
101,139,0.23307810080051422
101,140,0.23361654949188232
101,141,0.23022956824302673
101,142,0.22808131062984466
101,143,0.23414290714263916
101,144,0.22830715084075928
101,145,0.23285100197792052
101,146,0.22352113842964172
101,147,0.23274956500530242
101,148,0.22744977617263795
101,149,0.22187468767166138
101,150,0.22432981264591217
101,151,0.22618173527717592
101,152,0.22923118221759797
101,153,0.22829526734352112
101,154,0.23033758735656737
101,155,0.21970419049263
101,156,0.2251080174446106
101,157,0.2212928248643875
101,158,0.22245378410816194
101,159,0.22510217189788817
101,160,0.21801147997379303
101,161,0.22170937895774842
101,162,0.22528558540344237
101,163,0.22056031250953675
101,164,0.22728961312770843
101,165,0.2183766884803772
101,166,0.220815905213356
101,167,0.22235519909858703
101,168,0.22121295952796935
101,169,0.21612666523456572
101,170,0.21276207196712493
101,171,0.21842693054676057
101,172,0.2182776017189026
101,173,0.2190192048549652
101,174,0.22077970337867736
101,175,0.21868263614177705
101,176,0.21955685782432557
101,177,0.2242610181570053
101,178,0.21852741396427156
101,179,0.21766524112224578
101,180,0.21917777693271637
101,181,0.22064421105384827
101,182,0.21174924051761626
101,183,0.21344702863693238
101,184,0.22136992037296296
101,185,0.21386072146892549
101,186,0.214843714594841
101,187,0.2084808132648468
101,188,0.21677632296085358
101,189,0.21256450700759888
101,190,0.2189584196805954
101,191,0.21420847868919374
101,192,0.2166626479625702
101,193,0.2097684803009033
101,194,0.2123808046579361
101,195,0.21887624502182007
101,196,0.21132794308662414
101,197,0.2085431888103485
101,198,0.213180189371109
101,199,0.20748655843734742
101,200,0.21105390977859498
101,201,0.20382049977779387
101,202,0.2026194589138031
101,203,0.211584339261055
101,204,0.2080345220565796
101,205,0.2042266004085541
101,206,0.2089677140712738
101,207,0.20848065805435181
101,208,0.20570333528518678
101,209,0.2076284407377243
101,210,0.20725287771224976
101,211,0.20592508029937745
101,212,0.20518006110191345
101,213,0.20715275824069976
101,214,0.20966558992862702
101,215,0.204563579082489
101,216,0.20516262531280519
101,217,0.20730990087985993
101,218,0.20676482892036438
101,219,0.21064878404140472
101,220,0.2007949615716934
101,221,0.2054668241739273
101,222,0.19902235698699952
101,223,0.20478564739227295
101,224,0.19779291808605193
101,225,0.20106926536560057
101,226,0.21194858884811402
101,227,0.20150344717502594
101,228,0.20684112000465393
101,229,0.20408774304389954
101,230,0.2068043075799942
101,231,0.2050784307718277
101,232,0.20135790026187897
101,233,0.19924336850643157
101,234,0.1980657719373703
101,235,0.19910455322265624
101,236,0.2019619733095169
101,237,0.20072168040275573
101,238,0.20719882225990296
101,239,0.20262089991569518
101,240,0.20427024757862092
101,241,0.2010064377784729
101,242,0.20244014513492584
101,243,0.19487607789039613
101,244,0.20130783247947692
101,245,0.2028054155111313
101,246,0.1982668671607971
101,247,0.1981608854532242
101,248,0.19700552546977998
101,249,0.19651996624469756
101,250,0.1947775481939316
101,251,0.19837536680698395
101,252,0.19548938858509063
101,253,0.19601271748542787
101,254,0.19849450039863586
101,255,0.19724965906143188
101,256,0.19373358488082887
101,257,0.19181986939907075
101,258,0.19576240777969361
101,259,0.19774411326646804
101,260,0.19663682067394256
101,261,0.189722825050354
101,262,0.19672535932064056
101,263,0.19388761830329895
101,264,0.19438100934028626
101,265,0.19533313882350922
101,266,0.19401839077472688
101,267,0.1957097110748291
101,268,0.20183791065216064
101,269,0.18915961492061614
101,270,0.19164986312389373
101,271,0.1920483672618866
101,272,0.19790318500995635
101,273,0.19597232246398927
101,274,0.19388779258728028
101,275,0.19022882246971132
101,276,0.19201335632801056
101,277,0.18791061782836915
101,278,0.18821355843544008
101,279,0.1959243732690811
101,280,0.19613024723529815
101,281,0.1879870265722275
101,282,0.18774762439727782
101,283,0.18622140109539032
101,284,0.1894065216779709
101,285,0.19608558869361878
101,286,0.18825500905513765
101,287,0.19547788310050965
101,288,0.19054757201671602
101,289,0.18535428810119628
101,290,0.19551030695438384
101,291,0.19114175152778626
101,292,0.18882111358642578
101,293,0.19336467933654786
101,294,0.1892085072994232
101,295,0.1894265365600586
101,296,0.19185627686977386
101,297,0.188551025390625
101,298,0.19137104439735414
101,299,0.18665510678291322
101,300,0.19001339614391327
101,301,0.18534853196144105
101,302,0.18312177169322968
101,303,0.18195876932144164
101,304,0.18832117462158204
101,305,0.18738454389572143
101,306,0.19239579486846925
101,307,0.18221035540103914
101,308,0.18399985873699187
101,309,0.18701806282997133
101,310,0.18662158381938934
101,311,0.17991198027133942
101,312,0.18417765474319459
101,313,0.1838447573184967
101,314,0.18798151576519012
101,315,0.18645232105255127
101,316,0.1812197107076645
101,317,0.1872386313676834
101,318,0.18339044404029847
101,319,0.18520078760385514
101,320,0.1816119487285614
101,321,0.18551015067100524
101,322,0.18316562521457672
101,323,0.1910930781364441
101,324,0.18481636226177214
101,325,0.18520877319574355
101,326,0.1886968536376953
101,327,0.1823660069704056
101,328,0.1802109330892563
101,329,0.18173576247692108
101,330,0.18392230451107025
101,331,0.1813234419822693
101,332,0.1781832182407379
101,333,0.1798577448129654
101,334,0.18443186312913895
101,335,0.1828703898191452
101,336,0.18125438034534455
101,337,0.1856114866733551
101,338,0.1808381505012512
101,339,0.1858395400047302
101,340,0.18465822780132293
101,341,0.17865471816062928
101,342,0.18044586288928985
101,343,0.18221906119585038
101,344,0.1771851440668106
101,345,0.17776530849933625
101,346,0.1775282722711563
101,347,0.1755691282749176
101,348,0.17981419134140014
101,349,0.18629247963428497
101,350,0.17775398659706115
101,351,0.18104787337779998
101,352,0.1776406307220459
101,353,0.17603687369823456
101,354,0.18252482438087464
101,355,0.18026551711559297
101,356,0.17735595881938934
101,357,0.1738476744890213
101,358,0.1729054753780365
101,359,0.17594808995723724
101,360,0.1793185374736786
101,361,0.17443112123012544
101,362,0.17768021130561829
101,363,0.17956007468700408
101,364,0.17364379143714906
101,365,0.1749050214290619
101,366,0.17609645760059356
101,367,0.17922358298301697
101,368,0.17544036662578583
101,369,0.17955510258674623
101,370,0.17944680345058442
101,371,0.1814972540140152
101,372,0.177761767745018
101,373,0.17433339285850524
101,374,0.17280433452129365
101,375,0.17154896688461305
101,376,0.17264497232437134
101,377,0.17651380598545074
101,378,0.174216801404953
101,379,0.17405603814125062
101,380,0.1780556138753891
101,381,0.17597035479545592
101,382,0.17291247642040253
101,383,0.17463192892074586
101,384,0.17471275436878203
101,385,0.17601837873458862
101,386,0.17865781843662262
101,387,0.18068314063549043
101,388,0.17354369974136352
101,389,0.1715276107788086
101,390,0.17292933106422426
101,391,0.1737170501947403
101,392,0.17199039161205293
101,393,0.17595902633666993
101,394,0.17606541126966477
101,395,0.17412438702583313
101,396,0.17496017718315124
101,397,0.17132271230220794
101,398,0.16912659668922425
101,399,0.17109376537799836
101,400,0.180902459859848
101,401,0.16990308833122253
101,402,0.17379560673236846
101,403,0.17703066098690032
101,404,0.17160819888114928
101,405,0.17655166840553282
101,406,0.1758403675556183
101,407,0.17183445739746095
101,408,0.17449987173080445
101,409,0.17261330604553224
101,410,0.1769885414838791
101,411,0.16949310529232026
101,412,0.1650522426366806
101,413,0.16891828298568726
101,414,0.17184710907936096
101,415,0.17075029838085173
101,416,0.16972896921634675
101,417,0.17306586372852326
101,418,0.1716479951143265
101,419,0.1674036695957184
101,420,0.17300281155109407
101,421,0.17397045934200286
101,422,0.17349267280101777
101,423,0.17082863831520081
101,424,0.16486585980653762
101,425,0.17084683525562286
101,426,0.16996716523170471
101,427,0.1663665827512741
101,428,0.16904038500785828
101,429,0.1719924613237381
101,430,0.175090940117836
101,431,0.16727789199352264
101,432,0.1702421714067459
101,433,0.17291646540164948
101,434,0.17277792382240295
101,435,0.17366158103942872
101,436,0.1691133314371109
101,437,0.17279334008693695
101,438,0.16795627999305726
101,439,0.16325170576572418
101,440,0.17077479588985442
101,441,0.16539004600048066
101,442,0.1591193835735321
101,443,0.16805149483680726
101,444,0.17750809943675994
101,445,0.1718229968547821
101,446,0.16794995081424713
101,447,0.16834239161014558
101,448,0.16852237045764923
101,449,0.1633022495508194
101,450,0.1651921373605728
101,451,0.1737716374397278
101,452,0.17115640938282012
101,453,0.16691501712799073
101,454,0.1692600769996643
101,455,0.16389898765087127
101,456,0.1644926103949547
101,457,0.168701420545578
101,458,0.16996191489696502
101,459,0.17215787863731385
101,460,0.16981034982204438
101,461,0.16246723473072053
101,462,0.1686316695213318
101,463,0.16832706570625305
101,464,0.16789285206794738
101,465,0.17060056400299073
101,466,0.1682318229675293
101,467,0.17249749326705932
101,468,0.1671219573020935
101,469,0.16511542809009552
101,470,0.1680670553445816
101,471,0.16624552392959593
101,472,0.16203561222553253
101,473,0.1708816668987274
101,474,0.16517853224277496
101,475,0.1631191109418869
101,476,0.16140697371959686
101,477,0.16997348845005036
101,478,0.16818414986133576
101,479,0.17006009709835052
101,480,0.16888627982139587
101,481,0.16436054170131684
101,482,0.16525707805156709
101,483,0.16829415225982666
101,484,0.16860283744335175
101,485,0.16917625904083253
101,486,0.16853654277324676
101,487,0.1713635803461075
101,488,0.17094750547409057
101,489,0.1644680906534195
101,490,0.16023524338006973
101,491,0.15498754847049714
101,492,0.16556237703561782
101,493,0.164937854886055
101,494,0.16378370916843416
101,495,0.1614115959405899
101,496,0.16041195201873779
101,497,0.1593769575357437
101,498,0.16485963582992555
101,499,0.16385610818862914
101,500,0.16255813455581666
101,501,0.16271156704425813
101,502,0.16461438858509064
101,503,0.15725442987680435
101,504,0.16340443754196168
101,505,0.16830604338645935
101,506,0.1653922395706177
101,507,0.16564951419830323
101,508,0.16558883249759673
101,509,0.16490509206056594
101,510,0.16638608741760255
101,511,0.16560263502597808
101,512,0.15827505445480347
101,513,0.16354483675956727
101,514,0.15833466064929963
101,515,0.1659231139421463
101,516,0.1674368028640747
101,517,0.16096080267429352
101,518,0.16412814712524415
101,519,0.1668893280029297
101,520,0.16863315510749816
101,521,0.15878515470027924
101,522,0.16012891709804536
101,523,0.16121880578994752
101,524,0.1649625164270401
101,525,0.1671150026321411
101,526,0.16360731101036072
101,527,0.15546215462684632
101,528,0.16274539029598237
101,529,0.16334383165836333
101,530,0.16126395618915557
101,531,0.16125724351406098
101,532,0.1614472759962082
101,533,0.1689059178829193
101,534,0.162598983168602
101,535,0.15959477114677428
101,536,0.17039966368675233
101,537,0.1660133066177368
101,538,0.15831811797618867
101,539,0.16717225420475007
101,540,0.1609107288122177
101,541,0.16228247451782227
101,542,0.16700756704807282
101,543,0.16236596715450285
101,544,0.15861582839488983
101,545,0.16432856899499892
101,546,0.16442238318920135
101,547,0.1663298909664154
101,548,0.15973098850250245
101,549,0.160808529317379
101,550,0.16477798712253572
101,551,0.16028361022472382
101,552,0.1587080203294754
101,553,0.16332682371139526
101,554,0.1638779356479645
101,555,0.1641211849451065
101,556,0.16373067378997802
101,557,0.15512825405597686
101,558,0.16411681598424913
101,559,0.16172287678718567
101,560,0.16179348385334014
101,561,0.15908477640151977
101,562,0.16483657944202423
101,563,0.16312727952003478
101,564,0.15877466690540315
101,565,0.15909150326251983
101,566,0.1638335625529289
101,567,0.15577210569381714
101,568,0.1559161720275879
101,569,0.16028339660167695
101,570,0.16394885766506195
101,571,0.1627138823866844
101,572,0.15811045670509338
101,573,0.15911063462495803
101,574,0.15966669082641602
101,575,0.15596356403827666
101,576,0.15391644525527953
101,577,0.16129230642318726
101,578,0.15850580489635469
101,579,0.15536934900283814
101,580,0.15785226035118102
101,581,0.1594271969795227
101,582,0.15872239220142365
101,583,0.15682117402553558
101,584,0.15723129165172578
101,585,0.16167517173290252
101,586,0.16127126276493073
101,587,0.1599170218706131
101,588,0.16074934411048888
101,589,0.158394376039505
101,590,0.16237381565570833
101,591,0.16217795073986052
101,592,0.15966175264120103
101,593,0.1568014702796936
101,594,0.15747034454345704
101,595,0.1565961252450943
101,596,0.15515845954418184
101,597,0.16065763819217682
101,598,0.15637044680118561
101,599,0.15747227263450622
101,600,0.15460965180397035
101,601,0.16485663878917695
101,602,0.16065647220611573
101,603,0.1583457270860672
101,604,0.15916035318374633
101,605,0.16100980460643768
101,606,0.16635809648036956
101,607,0.15972216713428497
101,608,0.16344470477104187
101,609,0.16173656356334687
101,610,0.15892298197746277
101,611,0.1591376883983612
101,612,0.15834646534919739
101,613,0.16300395560264588
101,614,0.15077884674072264
101,615,0.15652523458003997
101,616,0.1619355627298355
101,617,0.158546706199646
101,618,0.16004703140258789
101,619,0.15875388503074647
101,620,0.16129169428348542
101,621,0.16381293833255767
101,622,0.15443167901039123
101,623,0.15818973660469055
101,624,0.15934362339973449
101,625,0.14888221406936644
101,626,0.1597087004184723
101,627,0.16008587527275087
101,628,0.15802889621257782
101,629,0.15746534335613252
101,630,0.15920494353771208
101,631,0.15376949214935304
101,632,0.1532426575422287
101,633,0.15345400094985961
101,634,0.1561500287055969
101,635,0.15616417610645295
101,636,0.16167644762992858
101,637,0.15574262118339538
101,638,0.15779610574245453
101,639,0.15614473235607146
101,640,0.1549527645111084
101,641,0.15503155291080475
101,642,0.1543187322616577
101,643,0.15263135254383087
101,644,0.15254355996847152
101,645,0.16034856486320495
101,646,0.1541838731765747
101,647,0.15616855657100678
101,648,0.15589813601970673
101,649,0.1628350019454956
101,650,0.15896525740623474
101,651,0.1500063750743866
101,652,0.15802722656726836
101,653,0.152452712059021
101,654,0.1583811623454094
101,655,0.15541238617897032
101,656,0.1553323279619217
101,657,0.1561674236059189
101,658,0.15434507417678833
101,659,0.15765656042099
101,660,0.16164689004421234
101,661,0.15744607830047608
101,662,0.150445361495018
101,663,0.15790188133716584
101,664,0.15529620838165284
101,665,0.15829797649383545
101,666,0.151919677734375
101,667,0.15690349590778352
101,668,0.15147307586669922
101,669,0.1580722872018814
101,670,0.16015835666656494
101,671,0.155326935172081
101,672,0.15734213364124297
101,673,0.15364918494224547
101,674,0.15445710265636445
101,675,0.15558915662765502
101,676,0.15338239514827728
101,677,0.15310222494602205
101,678,0.1478532214164734
101,679,0.15648095363378525
101,680,0.15702853870391845
101,681,0.15499135971069336
101,682,0.1500285270214081
101,683,0.14829716968536377
101,684,0.15873697304725648
101,685,0.1520386909842491
101,686,0.15843365812301635
101,687,0.1524870001077652
101,688,0.1521099934577942
101,689,0.15397022318840026
101,690,0.1476379237174988
101,691,0.15265992379188537
101,692,0.16002047336101533
101,693,0.15617189157009126
101,694,0.15298825252056122
101,695,0.14741459369659424
101,696,0.15701626884937286
101,697,0.15085471069812775
101,698,0.15323642361164094
101,699,0.15467203032970428
101,700,0.14861574923992157
101,701,0.1526579090356827
101,702,0.14811229580640792
101,703,0.15088032114505767
101,704,0.1523996593952179
101,705,0.15229753971099855
101,706,0.1561862941980362
101,707,0.1540883755683899
101,708,0.15763251674175263
101,709,0.1504383031129837
101,710,0.1540482701063156
101,711,0.15473280799388886
101,712,0.15490811789035797
101,713,0.14750218307971955
101,714,0.15319343280792236
101,715,0.14679923981428147
101,716,0.15294690215587617
101,717,0.15293525159358978
101,718,0.15725681066513061
101,719,0.1488300666809082
101,720,0.14750600278377532
101,721,0.15115302050113677
101,722,0.1526590895652771
101,723,0.15116696679592131
101,724,0.15407184588909148
101,725,0.15444579207897186
101,726,0.1505336995124817
101,727,0.1479688230752945
101,728,0.1472854869365692
101,729,0.14845566761493684
101,730,0.14692333233356475
101,731,0.14792793822288514
101,732,0.15364372926950454
101,733,0.15053290009498596
101,734,0.14974178206920624
101,735,0.14590350246429443
101,736,0.1542776175737381
101,737,0.15334119272232055
101,738,0.14687610483169555
101,739,0.14399694454669953
101,740,0.1531892911195755
101,741,0.15387877118587495
101,742,0.15131746101379395
101,743,0.15005750632286072
101,744,0.15040582704544067
101,745,0.14904298543930053
101,746,0.15320081394910812
101,747,0.1569687900543213
101,748,0.15419085884094239
101,749,0.15281463593244551
101,750,0.1511726377606392
101,751,0.14571450209617615
101,752,0.15025626826286315
101,753,0.15262106764316558
101,754,0.14992337226867675
101,755,0.15228689169883727
101,756,0.15061527609825134
101,757,0.14874091589450836
101,758,0.15242743283510207
101,759,0.15315426301956175
101,760,0.15126390635967255
101,761,0.1493732534646988
101,762,0.14950051391124725
101,763,0.14906873679161073
101,764,0.15056647765636444
101,765,0.14922418141365051
101,766,0.152444592833519
101,767,0.1499585657119751
101,768,0.15153056955337524
101,769,0.15251220870018006
101,770,0.15538638257980347
101,771,0.14504255217313766
101,772,0.15121905863285065
101,773,0.15136855590343476
101,774,0.14976163506507872
101,775,0.14427998477220536
101,776,0.14819437956809997
101,777,0.15491102862358094
101,778,0.14526083767414094
101,779,0.15698668384552003
101,780,0.14698039126396178
101,781,0.14678814953565597
101,782,0.14692588829994202
101,783,0.15234580326080321
101,784,0.1466814970970154
101,785,0.14794597458839417
101,786,0.15004773318767547
101,787,0.14912757825851441
101,788,0.15444014668464662
101,789,0.1467562915086746
101,790,0.1470588675737381
101,791,0.14827859139442442
101,792,0.1473751480579376
101,793,0.14858622407913208
101,794,0.15002114808559416
101,795,0.14508855843544005
101,796,0.14454698479175568
101,797,0.15171294569969176
101,798,0.15220980846881865
101,799,0.15228106904029845
101,800,0.15330765569210053
101,801,0.14748714637756347
101,802,0.1462058801651001
101,803,0.14608022391796113
101,804,0.14536682534217835
101,805,0.14999557340145112
101,806,0.15195530241727828
101,807,0.1516017714738846
101,808,0.15015252566337586
101,809,0.148926340341568
101,810,0.1560673954486847
101,811,0.15142484200000764
101,812,0.14743062043190003
101,813,0.14845387029647827
101,814,0.14854093009233474
101,815,0.14787009978294371
101,816,0.1459766812324524
101,817,0.14642737084627153
101,818,0.14696935135126113
101,819,0.15362063872814177
101,820,0.14730741965770722
101,821,0.14781236040592194
101,822,0.14634084022045135
101,823,0.1500959974527359
101,824,0.15143938791751863
101,825,0.1488688554763794
102,1,0.9443042211532593
102,2,0.7425890297889709
102,3,0.6370816025733947
102,4,0.5701079897880554
102,5,0.5184835059642792
102,6,0.4875415949821472
102,7,0.4672760219573975
102,8,0.44078132581710816
102,9,0.43362554693222044
102,10,0.4195744242668152
102,11,0.413143833398819
102,12,0.3988096842765808
102,13,0.4076574275493622
102,14,0.4012789704799652
102,15,0.3963935797214508
102,16,0.39291370296478273
102,17,0.3926682887077332
102,18,0.39480776166915893
102,19,0.3844172365665436
102,20,0.38327246165275575
102,21,0.377073860168457
102,22,0.3773152449131012
102,23,0.3748945405483246
102,24,0.36835125255584716
102,25,0.36287597990036013
102,26,0.3655115444660187
102,27,0.35782009530067443
102,28,0.3590060682296753
102,29,0.3538073003292084
102,30,0.3526413826942444
102,31,0.3570638659000397
102,32,0.3519973039627075
102,33,0.3521876413822174
102,34,0.33595057344436646
102,35,0.34069688272476195
102,36,0.33439588832855227
102,37,0.3329799134731293
102,38,0.32833546900749205
102,39,0.33080339574813844
102,40,0.32300462627410886
102,41,0.3168150069713592
102,42,0.3235679557323456
102,43,0.3210776813030243
102,44,0.3218725724220276
102,45,0.3149502596855164
102,46,0.31028283572196963
102,47,0.30632064390182495
102,48,0.309279866695404
102,49,0.30864529418945313
102,50,0.30364617705345154
102,51,0.2936929421424866
102,52,0.3019248402118683
102,53,0.29650115919113157
102,54,0.3026653060913086
102,55,0.30120219445228574
102,56,0.29067487859725955
102,57,0.2937290253639221
102,58,0.29529872035980226
102,59,0.2948541419506073
102,60,0.2964372251033783
102,61,0.28799879097938536
102,62,0.28953832817077635
102,63,0.28703078639507296
102,64,0.2848655834197998
102,65,0.2889722535610199
102,66,0.28214411878585816
102,67,0.2833173701763153
102,68,0.28546029806137085
102,69,0.2811248207092285
102,70,0.2740492603778839
102,71,0.2762581443786621
102,72,0.2732222809791565
102,73,0.2763601932525635
102,74,0.27848523330688474
102,75,0.27932521867752075
102,76,0.2728113741874695
102,77,0.2731888964176178
102,78,0.26896953463554385
102,79,0.269287656545639
102,80,0.2675891375541687
102,81,0.26887880969047545
102,82,0.2689636120796204
102,83,0.26628557419776916
102,84,0.2608497340679169
102,85,0.26245439529418946
102,86,0.2612456238269806
102,87,0.25168432676792146
102,88,0.2691505331993103
102,89,0.25686323893070223
102,90,0.2579161307811737
102,91,0.26170626950263975
102,92,0.2621430027484894
102,93,0.2598777673244476
102,94,0.25956441593170165
102,95,0.26077570486068724
102,96,0.2529867672920227
102,97,0.2565615485906601
102,98,0.25540808510780333
102,99,0.25167761206626893
102,100,0.2528067424297333
102,101,0.25314361810684205
102,102,0.2503053103685379
102,103,0.25327960586547854
102,104,0.2515016808509827
102,105,0.2505111436843872
102,106,0.251015385389328
102,107,0.2505157905817032
102,108,0.2470434114933014
102,109,0.2519409997463226
102,110,0.24387573647499083
102,111,0.24604968738555907
102,112,0.2462099748849869
102,113,0.2483158619403839
102,114,0.2485528531074524
102,115,0.2425186824798584
102,116,0.2436193002462387
102,117,0.23897588574886322
102,118,0.23733394610881806
102,119,0.24381474900245667
102,120,0.2445901367664337
102,121,0.23764723253250122
102,122,0.24088937723636628
102,123,0.24450332748889922
102,124,0.2400716950893402
102,125,0.2385578294992447
102,126,0.2349125703573227
102,127,0.2391185257434845
102,128,0.23996720576286315
102,129,0.23847683191299437
102,130,0.23527581191062927
102,131,0.2439844002723694
102,132,0.22863785004615783
102,133,0.23685704588890075
102,134,0.23172684252262116
102,135,0.23608784067630767
102,136,0.23098706459999085
102,137,0.22681410944461822
102,138,0.2284959338903427
102,139,0.2273693537712097
102,140,0.2302967859506607
102,141,0.2318814754486084
102,142,0.231030455827713
102,143,0.22827308523654938
102,144,0.22463547217845917
102,145,0.2288487399816513
102,146,0.230452397108078
102,147,0.2276700736284256
102,148,0.22763327825069427
102,149,0.22375131118297578
102,150,0.22268230736255645
102,151,0.22661075925827026
102,152,0.22275395023822783
102,153,0.22089779961109163
102,154,0.21979497861862182
102,155,0.22279726564884186
102,156,0.2221066082715988
102,157,0.22021910667419434
102,158,0.22048422861099243
102,159,0.21982623302936555
102,160,0.22308234572410585
102,161,0.21806497418880463
102,162,0.22681646621227264
102,163,0.21639133310317993
102,164,0.20966371846199036
102,165,0.21702249002456664
102,166,0.2202249357700348
102,167,0.21734300839900972
102,168,0.22019546115398406
102,169,0.21047774350643159
102,170,0.21705783367156983
102,171,0.21811993968486787
102,172,0.21174412405490875
102,173,0.21948895359039305
102,174,0.2123764110803604
102,175,0.21426678490638734
102,176,0.20989037084579468
102,177,0.21893883764743804
102,178,0.21454838120937347
102,179,0.20963988852500914
102,180,0.2145776926279068
102,181,0.21441314482688903
102,182,0.2174275141954422
102,183,0.21317293906211854
102,184,0.2162485387325287
102,185,0.2119036774635315
102,186,0.20480458962917328
102,187,0.21256623125076293
102,188,0.2087324033975601
102,189,0.21169309604167938
102,190,0.20819552445411682
102,191,0.20324856412410736
102,192,0.2124307041168213
102,193,0.21341063070297242
102,194,0.2083403536081314
102,195,0.21060995626449586
102,196,0.20847633218765257
102,197,0.20080154275894166
102,198,0.20893840026855467
102,199,0.21133140957355498
102,200,0.20263991260528563
102,201,0.20058419048786164
102,202,0.20639376854896546
102,203,0.208408748626709
102,204,0.21010448133945464
102,205,0.20627686667442321
102,206,0.20574840927124025
102,207,0.20173333847522737
102,208,0.20447591388225556
102,209,0.19759770333766938
102,210,0.19745726418495177
102,211,0.2067242146730423
102,212,0.20136100327968598
102,213,0.19540460288524628
102,214,0.2021792025566101
102,215,0.20185749197006225
102,216,0.2001145477294922
102,217,0.19599600303173065
102,218,0.20973678612709046
102,219,0.20733251225948335
102,220,0.1981237804889679
102,221,0.2030274804830551
102,222,0.2038933106660843
102,223,0.20480608201026917
102,224,0.19302376759052275
102,225,0.20177141988277436
102,226,0.19890724515914918
102,227,0.19607297837734222
102,228,0.20037591779232025
102,229,0.20696547889709474
102,230,0.20023960494995116
102,231,0.2015989592075348
102,232,0.19629567217826843
102,233,0.1975665236711502
102,234,0.20125895345211028
102,235,0.1958293319940567
102,236,0.19989634776115417
102,237,0.19808209073543548
102,238,0.19991993284225465
102,239,0.19938001024723054
102,240,0.1918127747774124
102,241,0.19633550930023194
102,242,0.20219235467910768
102,243,0.19147661888599396
102,244,0.19230023562908172
102,245,0.19393331313133239
102,246,0.19525284552574157
102,247,0.19627531981468202
102,248,0.19119497263431548
102,249,0.19206179261207582
102,250,0.19210471439361573
102,251,0.19603572738170624
102,252,0.19471870613098144
102,253,0.19836541020870208
102,254,0.19395046508312225
102,255,0.194585618019104
102,256,0.19787592363357545
102,257,0.1925949364900589
102,258,0.19763038623332976
102,259,0.18954893338680268
102,260,0.18707510900497437
102,261,0.19046326529979707
102,262,0.18767625665664672
102,263,0.19426480054855347
102,264,0.19388943076133727
102,265,0.19215867733955383
102,266,0.19129549324512482
102,267,0.19051427793502806
102,268,0.18990811502933502
102,269,0.18864517402648925
102,270,0.19373732697963714
102,271,0.18948920261859895
102,272,0.1865549590587616
102,273,0.19110211396217347
102,274,0.18359648406505585
102,275,0.19207620763778688
102,276,0.1874194748401642
102,277,0.19154835164546966
102,278,0.18948127496242523
102,279,0.19156353414058686
102,280,0.18647583997249603
102,281,0.19028678405284882
102,282,0.18778264141082765
102,283,0.19097452199459075
102,284,0.18830228662490844
102,285,0.18522089743614198
102,286,0.18083209371566772
102,287,0.1905866129398346
102,288,0.18531649017333984
102,289,0.19047395610809326
102,290,0.1849415794610977
102,291,0.18630892062187196
102,292,0.18121190404891968
102,293,0.1859079977273941
102,294,0.18602797067165375
102,295,0.18761014580726623
102,296,0.18564324569702148
102,297,0.1842212551832199
102,298,0.1844213923215866
102,299,0.18237442636489867
102,300,0.18341183423995971
102,301,0.1876750203371048
102,302,0.1848486704826355
102,303,0.18907245218753815
102,304,0.181725461602211
102,305,0.1869792425632477
102,306,0.18105087351799012
102,307,0.18061207985877992
102,308,0.18647573566436768
102,309,0.1816106095314026
102,310,0.17974070060253144
102,311,0.17978551161289216
102,312,0.17854037153720856
102,313,0.1862964059114456
102,314,0.1799006833434105
102,315,0.1816390107870102
102,316,0.18541724789142608
102,317,0.18081612455844878
102,318,0.17752747321128845
102,319,0.18135931426286697
102,320,0.1846252932548523
102,321,0.18163979029655455
102,322,0.1844105340242386
102,323,0.1825413328409195
102,324,0.17774840819835663
102,325,0.18120918416976928
102,326,0.1768047705888748
102,327,0.1813364599943161
102,328,0.1747922968864441
102,329,0.17642156207561493
102,330,0.17762878739833832
102,331,0.1825663812160492
102,332,0.18539034283161163
102,333,0.17545985174179077
102,334,0.1794236466884613
102,335,0.18374593579769136
102,336,0.1799769151210785
102,337,0.18194867777824403
102,338,0.1736821094751358
102,339,0.18343814849853515
102,340,0.17827125930786134
102,341,0.1764706254005432
102,342,0.17382821023464204
102,343,0.17521620762348175
102,344,0.17208708810806275
102,345,0.18120408952236175
102,346,0.1773714028596878
102,347,0.17726931142807006
102,348,0.17718281066417693
102,349,0.17795334911346436
102,350,0.18035388314723969
102,351,0.17161840999126435
102,352,0.18093462300300597
102,353,0.17031474006175995
102,354,0.18270459401607514
102,355,0.17272228693962097
102,356,0.1721127437353134
102,357,0.17109995853900908
102,358,0.17355006146430968
102,359,0.1751862634420395
102,360,0.18100292015075684
102,361,0.175889009475708
102,362,0.17612226843833922
102,363,0.17679809856414794
102,364,0.17815306520462035
102,365,0.1726549972295761
102,366,0.17782424163818358
102,367,0.17886429047584534
102,368,0.1742138592004776
102,369,0.17461739563941955
102,370,0.1762536791563034
102,371,0.17117852556705476
102,372,0.16999260890483855
102,373,0.17535647797584533
102,374,0.1717277934551239
102,375,0.17412520623207092
102,376,0.16730067586898803
102,377,0.17822184991836548
102,378,0.17540765595436097
102,379,0.1752201771736145
102,380,0.1732045170068741
102,381,0.17015336418151855
102,382,0.17296506190299987
102,383,0.18036309540271758
102,384,0.17187118744850158
102,385,0.16929558742046355
102,386,0.17570926988124846
102,387,0.16914985406398772
102,388,0.17063878601789476
102,389,0.1770077282190323
102,390,0.16973319137096404
102,391,0.17077982831001282
102,392,0.16987692749500274
102,393,0.1757269698381424
102,394,0.16560443460941315
102,395,0.1672713017463684
102,396,0.17108222925662994
102,397,0.17347860944271087
102,398,0.1700914248228073
102,399,0.1736915775537491
102,400,0.17277089190483094
102,401,0.17896996772289275
102,402,0.17459482860565184
102,403,0.17229175555706025
102,404,0.16732674276828766
102,405,0.1690190430879593
102,406,0.1686090179681778
102,407,0.16918873393535613
102,408,0.17379369950294496
102,409,0.1648130065202713
102,410,0.17145730125904082
102,411,0.174332275390625
102,412,0.1661073545217514
102,413,0.17698204898834227
102,414,0.16993845975399016
102,415,0.17004777002334595
102,416,0.1659507932662964
102,417,0.16712500548362733
102,418,0.1649398854970932
102,419,0.1687393844127655
102,420,0.17245937371253967
102,421,0.17379591608047484
102,422,0.16840728724002837
102,423,0.16845264542102814
102,424,0.1685200320482254
102,425,0.16964045298099517
102,426,0.16543524074554444
102,427,0.16833205795288086
102,428,0.16732339429855347
102,429,0.16715125578641893
102,430,0.16845654702186585
102,431,0.1662173751592636
102,432,0.16935461068153382
102,433,0.17037834894657136
102,434,0.169854647397995
102,435,0.1643450802564621
102,436,0.16543580400943755
102,437,0.1655132747888565
102,438,0.16955337190628053
102,439,0.1606024068593979
102,440,0.16201766657829283
102,441,0.16630408012866973
102,442,0.16671466314792632
102,443,0.1664206349849701
102,444,0.16399107575416566
102,445,0.16516124176979066
102,446,0.16268428206443786
102,447,0.16673313081264496
102,448,0.17345463013648987
102,449,0.166738902926445
102,450,0.1705717269182205
102,451,0.16873363053798676
102,452,0.1648294358253479
102,453,0.165620019197464
102,454,0.1612637141942978
102,455,0.1658881962299347
102,456,0.1602037320137024
102,457,0.16727030396461487
102,458,0.16540990185737608
102,459,0.16539996635913848
102,460,0.1669317854642868
102,461,0.16739093148708342
102,462,0.1652108783721924
102,463,0.16391617000102998
102,464,0.1720506008863449
102,465,0.16628461980819703
102,466,0.1695782550573349
102,467,0.1616597673892975
102,468,0.16331791055202485
102,469,0.16265634167194368
102,470,0.1657276612520218
102,471,0.1725485351085663
102,472,0.16685681915283204
102,473,0.1590476161837578
102,474,0.16221426367759706
102,475,0.15929376232624054
102,476,0.1643787431716919
102,477,0.16919989323616028
102,478,0.16476275980472566
102,479,0.1658364750146866
102,480,0.1676367369890213
102,481,0.16921453320980073
102,482,0.16721833908557893
102,483,0.16340379238128663
102,484,0.16210876047611236
102,485,0.16333352625370026
102,486,0.16454855787754058
102,487,0.16509317696094514
102,488,0.165418021440506
102,489,0.15999536299705505
102,490,0.16025160396099092
102,491,0.16616808116436005
102,492,0.16263780987262727
102,493,0.16100366389751433
102,494,0.16213078892230987
102,495,0.1671361939907074
102,496,0.16340792739391327
102,497,0.16230154240131378
102,498,0.16215282899141312
102,499,0.16174269104003905
102,500,0.15889545583724976
102,501,0.1563747400045395
102,502,0.1629464193582535
102,503,0.16365963983535767
102,504,0.1616879439353943
102,505,0.15639688372611998
102,506,0.15800773918628694
102,507,0.1612367445230484
102,508,0.16310119235515594
102,509,0.15692755538225173
102,510,0.15694222229719162
102,511,0.15708723163604738
102,512,0.16461934065818787
102,513,0.1597478884458542
102,514,0.1655030289888382
102,515,0.160355979681015
102,516,0.15942519652843476
102,517,0.16233610582351685
102,518,0.15627701818943024
102,519,0.16134030044078826
102,520,0.15937969088554382
102,521,0.16022860836982727
102,522,0.16628004539012908
102,523,0.1599722682237625
102,524,0.16157935345172883
102,525,0.16013119876384735
102,526,0.1598206444978714
102,527,0.16531984794139862
102,528,0.16739452493190765
102,529,0.16275273823738098
102,530,0.16533980929851533
102,531,0.16391879618167876
102,532,0.1621323275566101
102,533,0.15432742714881897
102,534,0.15806900388002396
102,535,0.15811034893989562
102,536,0.15681750726699828
102,537,0.16022737085819244
102,538,0.1588766533136368
102,539,0.15667074918746948
102,540,0.16005374491214752
102,541,0.16153687953948975
102,542,0.16347706079483032
102,543,0.15626293367147445
102,544,0.15573646682500839
102,545,0.16059362816810607
102,546,0.15630325305461884
102,547,0.15892752814292907
102,548,0.15702274179458617
102,549,0.15678513395786287
102,550,0.15834738981723787
102,551,0.15914833974838258
102,552,0.15998532903194426
102,553,0.15664012145996092
102,554,0.15958897852897644
102,555,0.15986365830898286
102,556,0.1624080764055252
102,557,0.15647975718975068
102,558,0.15724822902679444
102,559,0.15387713408470155
102,560,0.15586157965660094
102,561,0.1590293982028961
102,562,0.15687677168846131
102,563,0.15681160604953767
102,564,0.15608392071723937
102,565,0.15521681380271912
102,566,0.1602077419757843
102,567,0.1596428987979889
102,568,0.15682499074935913
102,569,0.15127216351032258
102,570,0.16066014003753662
102,571,0.1543170669078827
102,572,0.15876137733459472
102,573,0.1568742505311966
102,574,0.1584825246334076
102,575,0.15862108838558198
102,576,0.15779339528083802
102,577,0.15957396316528322
102,578,0.16143252354860305
102,579,0.16107623493671416
102,580,0.15574641466140748
102,581,0.15600757586956024
102,582,0.15490122628211975
102,583,0.15065503168106079
102,584,0.1531364995241165
102,585,0.15989665472507478
102,586,0.15590138220787048
102,587,0.15972709798812867
102,588,0.15759698390960694
102,589,0.15554493021965027
102,590,0.15687040865421295
102,591,0.159268049120903
102,592,0.15951003682613374
102,593,0.15513125252723695
102,594,0.15080547028779984
102,595,0.15403609800338744
102,596,0.15446603441238405
102,597,0.15068962121009827
102,598,0.15190451753139494
102,599,0.1531997456550598
102,600,0.1504985157251358
102,601,0.15449767792224883
102,602,0.15458053267002106
102,603,0.15486279702186584
102,604,0.16234226715564729
102,605,0.15090057760477066
102,606,0.15151775074005128
102,607,0.15287543106079102
102,608,0.153015416264534
102,609,0.1527396388053894
102,610,0.15708843755722046
102,611,0.16046332502365113
102,612,0.1557185364961624
102,613,0.16173882675170898
102,614,0.15594292706251145
102,615,0.15576436626911164
102,616,0.15548042511940002
102,617,0.15556099939346313
102,618,0.15263658833503724
102,619,0.15469058644771577
102,620,0.15639093029499054
102,621,0.15735097259283065
102,622,0.15216802239418029
102,623,0.15328757309913635
102,624,0.1488883232474327
102,625,0.1525266135931015
102,626,0.15443752777576447
102,627,0.15553737246990204
102,628,0.15900570476055145
102,629,0.1554986332654953
102,630,0.1530918952226639
102,631,0.1537006561756134
102,632,0.15402132368087768
102,633,0.1503077364563942
102,634,0.1577565747499466
102,635,0.15475463712215423
102,636,0.15093772637844086
102,637,0.15655403447151184
102,638,0.15959800255298615
102,639,0.15509081661701202
102,640,0.15565553295612336
102,641,0.15097588336467743
102,642,0.1549234300851822
102,643,0.14832929694652558
102,644,0.1563418884277344
102,645,0.15199359822273253
102,646,0.15287387752532958
102,647,0.152957006752491
102,648,0.15128486490249635
102,649,0.1565897901058197
102,650,0.15416748416423798
102,651,0.15012344682216644
102,652,0.14867899787425995
102,653,0.15202198147773743
102,654,0.1526278576850891
102,655,0.15059334802627564
102,656,0.1493142580986023
102,657,0.14920749723911286
102,658,0.15982106852531433
102,659,0.15246471285820007
102,660,0.14953729498386384
102,661,0.14909463775157927
102,662,0.15444618833065032
102,663,0.14948575139045717
102,664,0.15137404763698578
102,665,0.15495603084564208
102,666,0.15318350267410277
102,667,0.15058181422948838
102,668,0.14986422395706175
102,669,0.15109030854701996
102,670,0.15030963587760926
102,671,0.1522718899846077
102,672,0.1537756499052048
102,673,0.1518289633989334
102,674,0.15289445436000823
102,675,0.14921601498126982
102,676,0.154208291888237
102,677,0.1556046769618988
102,678,0.15045946061611176
102,679,0.15509669983386992
102,680,0.15075948321819305
102,681,0.15611020720005037
102,682,0.1553037648200989
102,683,0.1567206357717514
102,684,0.1515905070900917
102,685,0.15252148628234863
102,686,0.1514330563545227
102,687,0.15119867384433747
102,688,0.1536840215921402
102,689,0.15424259239435195
102,690,0.14763871550559998
102,691,0.1536623069047928
102,692,0.1522132523059845
102,693,0.15200947225093842
102,694,0.15216518664360046
102,695,0.1542773953676224
102,696,0.14587656050920486
102,697,0.14690049803256988
102,698,0.14702240526676177
102,699,0.14612433397769928
102,700,0.15202851963043212
102,701,0.1501942443847656
102,702,0.15272597444057465
102,703,0.15356762981414795
102,704,0.15125300645828246
102,705,0.15654421973228455
102,706,0.15706530964374543
102,707,0.15428245294094087
102,708,0.14734380102157593
102,709,0.15139027428627014
102,710,0.14783029437065123
102,711,0.15084657996892928
102,712,0.15590159702301026
102,713,0.14168228375911712
102,714,0.14782083594799042
102,715,0.15332168304920196
102,716,0.14936335945129395
102,717,0.15140341687202455
102,718,0.14596398639678956
102,719,0.15176093459129333
102,720,0.14571910947561265
102,721,0.14188108080625533
102,722,0.14936822533607483
102,723,0.15166486489772796
102,724,0.15279474115371705
102,725,0.1448551460504532
102,726,0.15475110065937042
102,727,0.153071662068367
102,728,0.14741794967651367
102,729,0.14794399690628052
102,730,0.15250151252746583
102,731,0.151985143661499
102,732,0.1456869022846222
102,733,0.14529851388931275
102,734,0.15303990572690965
102,735,0.15349664413928985
102,736,0.14825180870294571
102,737,0.14870384693145752
102,738,0.15099122905731202
102,739,0.15145001780986786
102,740,0.14749235093593596
102,741,0.14878759491443633
102,742,0.1488500257730484
102,743,0.1500422049164772
102,744,0.15095653176307677
102,745,0.14572182917594909
102,746,0.15015331411361693
102,747,0.14563820040225983
102,748,0.1449134545326233
102,749,0.14635666394233704
102,750,0.15026286101341246
103,1,0.9540182690620422
103,2,0.7404198851585388
103,3,0.6427654781341553
103,4,0.5777839241027832
103,5,0.5312707982063294
103,6,0.4926738257408142
103,7,0.46289007997512815
103,8,0.44854195380210876
103,9,0.43304374957084657
103,10,0.4153892707824707
103,11,0.41765736413002014
103,12,0.4045274977684021
103,13,0.405283136844635
103,14,0.4028946735858917
103,15,0.3950516295433044
103,16,0.40150208497047424
103,17,0.3859706292152405
103,18,0.3840858030319214
103,19,0.387496853351593
103,20,0.38263709950447083
103,21,0.3810403535366058
103,22,0.37873648238182067
103,23,0.37984691190719605
103,24,0.3707417271137238
103,25,0.36942653942108156
103,26,0.36920396208763123
103,27,0.35847053360939024
103,28,0.35967845320701597
103,29,0.3566349866390228
103,30,0.3556982858181
103,31,0.3492544796466827
103,32,0.34181232023239133
103,33,0.3481997001171112
103,34,0.34167383098602294
103,35,0.33665780663490297
103,36,0.33853795123100283
103,37,0.3336099305152893
103,38,0.3290855572223663
103,39,0.32587285923957826
103,40,0.32650228214263916
103,41,0.31735980916023254
103,42,0.32650128746032714
103,43,0.3174140827655792
103,44,0.3150265417098999
103,45,0.31621876716613767
103,46,0.31647078943252566
103,47,0.31611569809913637
103,48,0.30859137916564944
103,49,0.3045320467948914
103,50,0.3028692882061005
103,51,0.309942268371582
103,52,0.30420225381851196
103,53,0.2969052220582962
103,54,0.2940024914741516
103,55,0.29673286640644075
103,56,0.29677526307106017
103,57,0.29223079109191896
103,58,0.29362810277938844
103,59,0.2900805613994598
103,60,0.292520165681839
103,61,0.2886911947727203
103,62,0.2891987965106964
103,63,0.2842076745033264
103,64,0.2809504151344299
103,65,0.2843095486164093
103,66,0.2780649745464325
103,67,0.2873300393819809
103,68,0.27944733572006225
103,69,0.27492560148239137
103,70,0.2728029236793518
103,71,0.2748349313735962
103,72,0.2697869576215744
103,73,0.2722424359321594
103,74,0.26713741445541384
103,75,0.27471933102607726
103,76,0.275256942987442
103,77,0.27012233483791354
103,78,0.2737487118244171
103,79,0.26671530270576477
103,80,0.2614322805404663
103,81,0.2738854432106018
103,82,0.2681590988636017
103,83,0.2687731226682663
103,84,0.2622130136489868
103,85,0.2669189258813858
103,86,0.26001671957969663
103,87,0.261238943696022
103,88,0.26531872487068175
103,89,0.24942408895492554
103,90,0.2577349296808243
103,91,0.25321175730228423
103,92,0.259054337978363
103,93,0.2536423885822296
103,94,0.2528110816478729
103,95,0.25115032255649566
103,96,0.25058516335487363
103,97,0.24993298983573914
103,98,0.2526895339488983
103,99,0.24754725313186646
103,100,0.24607800543308259
103,101,0.25194829344749453
103,102,0.24312575721740723
103,103,0.25173622417449953
103,104,0.24701448833942413
103,105,0.24195655608177186
103,106,0.2428681343793869
103,107,0.24666688740253448
103,108,0.23616527032852172
103,109,0.24313503754138946
103,110,0.24145497524738313
103,111,0.2408881640434265
103,112,0.24586435246467592
103,113,0.23939940512180327
103,114,0.24005286526679992
103,115,0.24239646077156066
103,116,0.24107358622550965
103,117,0.24665576195716857
103,118,0.23859966003894806
103,119,0.23615528225898744
103,120,0.23937288427352904
103,121,0.24520179152488708
103,122,0.24140686762332916
103,123,0.23817438888549805
103,124,0.23968650221824647
103,125,0.23074324131011964
103,126,0.23503637313842773
103,127,0.23189303827285768
103,128,0.23833848309516906
103,129,0.2334149875640869
103,130,0.23530688536167144
103,131,0.23562395524978638
103,132,0.23333631110191344
103,133,0.23880677914619447
103,134,0.22885937523841857
103,135,0.23293666577339173
103,136,0.2335840528011322
103,137,0.23337109160423278
103,138,0.23003563928604126
103,139,0.22306679081916808
103,140,0.2284158682823181
103,141,0.22604347348213197
103,142,0.22946837449073793
103,143,0.2221480429172516
103,144,0.22883023154735566
103,145,0.23031957817077636
103,146,0.22838633131980896
103,147,0.2290647381544113
103,148,0.22688413774967195
103,149,0.22261469078063964
103,150,0.22573927438259125
103,151,0.22267422997951508
103,152,0.21757345473766326
103,153,0.2192000321149826
103,154,0.22308796072006226
103,155,0.2180256119966507
103,156,0.22179178380966186
103,157,0.22502628743648528
103,158,0.22164232444763182
103,159,0.21980466508865357
103,160,0.21985079741477967
103,161,0.21746716272830963
103,162,0.22966123354434967
103,163,0.220359632730484
103,164,0.22050899302959442
103,165,0.21987245500087738
103,166,0.22381748712062835
103,167,0.21811397767066956
103,168,0.21616648614406586
103,169,0.21809148395061492
103,170,0.21624351894855498
103,171,0.2144022127389908
103,172,0.2162652840614319
103,173,0.2166861355304718
103,174,0.21661099672317505
103,175,0.21580588352680205
103,176,0.21599413013458252
103,177,0.22226080274581908
103,178,0.21361115026473998
103,179,0.21525748801231384
103,180,0.21655140221118926
103,181,0.21018648028373718
103,182,0.21362344527244567
103,183,0.21225240874290466
103,184,0.2093972706794739
103,185,0.2119755039215088
103,186,0.21011594438552855
103,187,0.21215396666526795
103,188,0.2091525057554245
103,189,0.20830307829380035
103,190,0.21091339945793153
103,191,0.2047432520389557
103,192,0.21283983290195466
103,193,0.21384335255622863
103,194,0.21242777955532074
103,195,0.20934626126289368
103,196,0.20810101985931395
103,197,0.20548763942718506
103,198,0.2074494285583496
103,199,0.21153098714351654
103,200,0.20143338561058044
103,201,0.2030985882282257
103,202,0.20447561538219453
103,203,0.20803131294250488
103,204,0.20726975119113922
103,205,0.21014085745811462
103,206,0.20250755214691163
103,207,0.20184726619720458
103,208,0.20603724825382233
103,209,0.19886324882507325
103,210,0.2039140818119049
103,211,0.19760962903499604
103,212,0.20219537842273713
103,213,0.207884437084198
103,214,0.20214913821220398
103,215,0.20208842062950133
103,216,0.19878546059131622
103,217,0.2024622015953064
103,218,0.19587473928928376
103,219,0.19979636931419373
103,220,0.20194022679328918
103,221,0.20009226727485657
103,222,0.20462924230098725
103,223,0.19488059568405153
103,224,0.20085665500164032
103,225,0.2011884342432022
103,226,0.20187016332149504
103,227,0.19972526216506958
103,228,0.19647416841983795
103,229,0.1983534905910492
103,230,0.19818443202972413
103,231,0.19830512094497682
103,232,0.20233091843128204
103,233,0.1952304552793503
103,234,0.19465276110172272
103,235,0.1960081124305725
103,236,0.19934486055374145
103,237,0.20083280634880066
103,238,0.19636972403526307
103,239,0.20280475556850433
103,240,0.19565737760066987
103,241,0.19706192409992218
103,242,0.19697131371498108
103,243,0.19843379139900208
103,244,0.1964981861114502
103,245,0.19825938951969146
103,246,0.1953697420358658
103,247,0.19363114631175996
103,248,0.19812109458446503
103,249,0.19670896124839782
103,250,0.19220790994167328
103,251,0.19575385689735414
103,252,0.19668052434921265
103,253,0.19065474545955657
103,254,0.18518686985969543
103,255,0.19663025796413422
103,256,0.19102766859531403
103,257,0.19722010862827302
103,258,0.19416323626041412
103,259,0.1891658868789673
103,260,0.19831928491592407
103,261,0.19184393715858458
103,262,0.19137796008586883
103,263,0.18717172491550446
103,264,0.1937079632282257
103,265,0.19186170256137847
103,266,0.18911023080348968
103,267,0.19281419456005097
103,268,0.19348777532577516
103,269,0.18820657944679262
103,270,0.19453550398349762
103,271,0.19004862070083617
103,272,0.18779204815626144
103,273,0.1933440741300583
103,274,0.19069205415248872
103,275,0.18750523102283478
103,276,0.1897083876132965
103,277,0.18833180737495422
103,278,0.18729916667938232
103,279,0.18920670974254608
103,280,0.18297355449199676
103,281,0.19215300381183625
103,282,0.19058679950237273
103,283,0.18837207973003386
103,284,0.18871156489849092
103,285,0.18599853706359865
103,286,0.18455759942531585
103,287,0.18299064409732818
103,288,0.19038038468360902
103,289,0.1885593638420105
103,290,0.18261847519874572
103,291,0.18701082479953765
103,292,0.18307763063907623
103,293,0.18231261658668518
103,294,0.1899138637781143
103,295,0.17861475014686584
103,296,0.1885376065969467
103,297,0.19075715553760528
103,298,0.18665230786800385
103,299,0.1837444405555725
103,300,0.18527319359779357
103,301,0.17787048256397248
103,302,0.18265710198879243
103,303,0.19007530105113984
103,304,0.18610922145843506
103,305,0.179905544757843
103,306,0.18993978679180146
103,307,0.18638650560379028
103,308,0.1911846089363098
103,309,0.18331543684005738
103,310,0.18534315931797027
103,311,0.18202274549007416
103,312,0.18448542773723603
103,313,0.17774550724029542
103,314,0.18737125813961028
103,315,0.18615442204475402
103,316,0.18470279836654663
103,317,0.17934868866205214
103,318,0.17901623094081878
103,319,0.18581126773357393
103,320,0.18072509694099426
103,321,0.18413272643089296
103,322,0.18401482713222503
103,323,0.18468347883224487
103,324,0.18617441320419312
103,325,0.18062189745903015
103,326,0.18673603868484498
103,327,0.18704708850383758
103,328,0.18256819236278535
103,329,0.17845112669467927
103,330,0.18267674970626832
103,331,0.1830906254053116
103,332,0.18202854251861572
103,333,0.18575439965724946
103,334,0.18515687072277068
103,335,0.1781000884771347
103,336,0.18124338674545287
103,337,0.18025004470348358
103,338,0.17917921161651612
103,339,0.17643314599990845
103,340,0.18030009877681732
103,341,0.1823614867925644
103,342,0.1799036659002304
103,343,0.17757414531707763
103,344,0.1797516289949417
103,345,0.17937950217723847
103,346,0.1756439642906189
103,347,0.17398032248020173
103,348,0.17867937195301056
103,349,0.18170164144039155
103,350,0.1780365298986435
103,351,0.17427200996875764
103,352,0.1813784600496292
103,353,0.17911030530929564
103,354,0.17989512944221497
103,355,0.18059757387638092
103,356,0.18199326527118684
103,357,0.17979426908493043
103,358,0.1779526259303093
103,359,0.18232212126255035
103,360,0.18517719173431396
103,361,0.18206039774417876
103,362,0.18085023927688598
103,363,0.18125475680828093
103,364,0.17765873312950134
103,365,0.17397734665870668
103,366,0.17877923619747163
103,367,0.17224927318096162
103,368,0.17317528939247132
103,369,0.17384265470504762
103,370,0.1765508054494858
103,371,0.17655063438415527
103,372,0.1775622253417969
103,373,0.18264229917526245
103,374,0.17509668815135956
103,375,0.1783785948753357
103,376,0.1768945219516754
103,377,0.1762649326324463
103,378,0.17890249955654144
103,379,0.1793144462108612
103,380,0.17372281563282013
103,381,0.17299230444431304
103,382,0.17014302957057953
103,383,0.17473616254329682
103,384,0.17460000681877136
103,385,0.17591146957874298
103,386,0.1779512038230896
103,387,0.17668339991569518
103,388,0.17166735112667084
103,389,0.17379000437259673
103,390,0.17402913904190062
103,391,0.179950328707695
103,392,0.1728803049325943
103,393,0.17261082994937896
103,394,0.17764642906188965
103,395,0.16904321074485779
103,396,0.1758899427652359
103,397,0.17372302222251892
103,398,0.16941920441389083
103,399,0.17555870926380157
103,400,0.17662615007162094
103,401,0.17492237675189973
103,402,0.17470538902282715
103,403,0.17099828350543975
103,404,0.17651458418369292
103,405,0.16995268261432647
103,406,0.1728454931974411
103,407,0.17168736588954925
103,408,0.17091697978973389
103,409,0.17232744240760803
103,410,0.17593532288074493
103,411,0.1748002700805664
103,412,0.17520579993724822
103,413,0.1734232883453369
103,414,0.1713133020401001
103,415,0.1722255119085312
103,416,0.1732061457633972
103,417,0.1721241862773895
103,418,0.17334077525138855
103,419,0.16740806770324707
103,420,0.17654981672763825
103,421,0.1715466936826706
103,422,0.1715034122467041
103,423,0.17213608312606812
103,424,0.17012400960922242
103,425,0.17408285140991211
103,426,0.16976214277744292
103,427,0.16510801219940185
103,428,0.17084201765060425
103,429,0.17164928770065307
103,430,0.17082184994220734
103,431,0.17072618472576143
103,432,0.17440175247192383
103,433,0.16508714270591734
103,434,0.16761279952526092
103,435,0.17497472333908082
103,436,0.1687217038869858
103,437,0.17268463814258575
103,438,0.17053722763061524
103,439,0.1748475685119629
103,440,0.16415848636627198
103,441,0.17038547456264497
103,442,0.16811523175239562
103,443,0.16790374052524568
103,444,0.16852075016498566
103,445,0.16985083150863647
103,446,0.16815832042694093
103,447,0.1625923011302948
103,448,0.16819293594360352
103,449,0.1686455397605896
103,450,0.16584002816677093
103,451,0.1659813060760498
103,452,0.1732390183210373
103,453,0.16187149107456208
103,454,0.1649879524707794
103,455,0.1623172928094864
103,456,0.16805181539058686
103,457,0.16367606735229492
103,458,0.16909312784671784
103,459,0.16886570298671721
103,460,0.1680398976802826
103,461,0.1750445520877838
103,462,0.16576585417985917
103,463,0.16655042958259583
103,464,0.16874183630943299
103,465,0.16540728640556335
103,466,0.16509239637851716
103,467,0.16852572774887084
103,468,0.16435704183578492
103,469,0.16652743458747865
103,470,0.16663050985336303
103,471,0.16615700101852418
103,472,0.16338696002960204
103,473,0.16918342530727387
103,474,0.16462635099887848
103,475,0.16643582570552826
103,476,0.16691802823543547
103,477,0.17333281028270722
103,478,0.1652942099571228
103,479,0.16952632570266724
103,480,0.16643447268009187
103,481,0.16548465490341185
103,482,0.16743518567085267
103,483,0.16600355446338655
103,484,0.16808998024463653
103,485,0.1670426172018051
103,486,0.1631049919128418
103,487,0.16218035686016083
103,488,0.1634880312681198
103,489,0.16752660024166108
103,490,0.16609919661283493
103,491,0.16314102494716645
103,492,0.16206588578224182
103,493,0.16564922547340394
103,494,0.1646360490322113
103,495,0.16596835732460022
103,496,0.16278329932689667
103,497,0.16346810579299928
103,498,0.16603270089626312
103,499,0.1683444550037384
103,500,0.16005265569686888
103,501,0.16710891377925874
103,502,0.1589243359565735
103,503,0.16259630918502807
103,504,0.16099111723899842
103,505,0.1651555927991867
103,506,0.16535592937469482
103,507,0.1602471351623535
103,508,0.16345965802669526
103,509,0.16490047180652617
103,510,0.16534192156791688
103,511,0.1658025472164154
103,512,0.16403839564323425
103,513,0.16181256449222564
103,514,0.15873334670066833
103,515,0.16233621680736543
103,516,0.1571294425725937
103,517,0.1631456831097603
103,518,0.1646656399965286
103,519,0.16473345923423768
103,520,0.16471622681617737
103,521,0.1675862991809845
103,522,0.169639599442482
103,523,0.1571885269880295
103,524,0.15754534494876862
103,525,0.16410539746284486
103,526,0.15633708381652833
103,527,0.15954655432701112
103,528,0.16097126293182373
103,529,0.16392187702655792
103,530,0.16475069653987884
103,531,0.16187300837039947
103,532,0.1641896814107895
103,533,0.1611264616250992
103,534,0.15852749931812288
103,535,0.16465907078981398
103,536,0.16530576968193053
103,537,0.16156268072128296
103,538,0.16631000220775605
103,539,0.16064658939838408
103,540,0.16048467153310775
103,541,0.15703599548339844
103,542,0.16314523017406463
103,543,0.16167783999443056
103,544,0.16164965975284576
103,545,0.15584351301193236
103,546,0.16247858881950378
103,547,0.16034305965900422
103,548,0.16287299704551697
103,549,0.15949907433986663
103,550,0.15923022723197938
103,551,0.16245284914970398
103,552,0.16226275455951691
103,553,0.15522136580944063
103,554,0.1625794640183449
103,555,0.16336711609363555
103,556,0.15610836148262025
103,557,0.154991659283638
103,558,0.1581622666120529
103,559,0.1638638279438019
103,560,0.15716744256019594
103,561,0.15858205270767212
103,562,0.1632963012456894
103,563,0.1602208549976349
103,564,0.15701461303234102
103,565,0.15678807055950164
103,566,0.16188818168640137
103,567,0.16141260826587678
103,568,0.15339792162179947
103,569,0.158783243060112
103,570,0.1621064007282257
103,571,0.1587319093942642
103,572,0.15764897298812866
103,573,0.1573095841407776
103,574,0.16325819432735444
103,575,0.15963832187652588
103,576,0.15922752630710602
103,577,0.1565047367811203
103,578,0.1642175617814064
103,579,0.15721680581569672
103,580,0.16091684460639955
103,581,0.15419478356838226
103,582,0.1535487288236618
103,583,0.15911340570449828
103,584,0.1579358695745468
103,585,0.15826181828975677
103,586,0.15278339433670043
103,587,0.15745358896255493
103,588,0.15625345802307128
103,589,0.15743273258209228
103,590,0.1569704974889755
103,591,0.15466507935523988
103,592,0.1578567272424698
103,593,0.15944188117980956
103,594,0.15730437982082368
103,595,0.15823652815818787
103,596,0.15729257583618164
103,597,0.1631232714653015
103,598,0.15573791575431822
103,599,0.16162753307819366
103,600,0.15372141432762146
103,601,0.1594295632839203
103,602,0.16185157191753388
103,603,0.15804154121875763
103,604,0.15325463569164277
103,605,0.1568923124074936
103,606,0.15582999634742736
103,607,0.15831117129325867
103,608,0.1588942576646805
103,609,0.15461904144287109
103,610,0.1632947838306427
103,611,0.1576258180141449
103,612,0.15447022306919098
103,613,0.15642899644374847
103,614,0.15505148470401764
103,615,0.15665395867824555
103,616,0.15541153061389923
103,617,0.15409862089157106
103,618,0.15736471319198608
103,619,0.1514655075073242
103,620,0.1552789067029953
103,621,0.16340572029352188
103,622,0.15539642000198364
103,623,0.15631260251998902
103,624,0.1544542892575264
103,625,0.158102379322052
103,626,0.16120199143886565
103,627,0.1570903490781784
103,628,0.15628010308742524
103,629,0.16037838184833528
103,630,0.1612618145942688
103,631,0.1593483179807663
103,632,0.15772413432598115
103,633,0.15969220066070558
103,634,0.15855481398105623
103,635,0.16132223641872406
103,636,0.15429105472564697
103,637,0.15897963714599608
103,638,0.1565463629961014
103,639,0.15652060329914094
103,640,0.1524738850593567
103,641,0.15755827307701112
103,642,0.1511765614748001
103,643,0.15524966847896576
103,644,0.15720990109443664
103,645,0.15599786365032195
103,646,0.1570645456314087
103,647,0.155069598197937
103,648,0.15514382708072663
103,649,0.15182815313339235
103,650,0.15379906690120698
103,651,0.15455644738674162
103,652,0.1535417068004608
103,653,0.15793804860115052
103,654,0.14895982766151428
103,655,0.15731615948677063
103,656,0.1500493470430374
103,657,0.15986638391017913
103,658,0.16052649879455566
103,659,0.15848379135131835
103,660,0.1510124351978302
103,661,0.15375588047504424
103,662,0.1574898371696472
103,663,0.1509871950149536
103,664,0.15548453891277314
103,665,0.14888174700737
103,666,0.15781579506397247
103,667,0.15119358396530153
103,668,0.15373983705043792
103,669,0.15512937426567078
103,670,0.15110477817058562
103,671,0.15881976985931395
103,672,0.1536107246875763
103,673,0.15475141775608062
103,674,0.1570127170085907
103,675,0.1590418794155121
103,676,0.15349336969852448
103,677,0.1509006110429764
103,678,0.15995495009422303
103,679,0.15428908503055572
103,680,0.15458868247270585
103,681,0.15007480895519257
103,682,0.1551337959766388
103,683,0.1524730268716812
103,684,0.15211745131015778
103,685,0.15106523990631104
103,686,0.15198593521118164
103,687,0.15129580736160278
103,688,0.15275207376480102
103,689,0.15572208029031753
103,690,0.1592504298686981
103,691,0.15722484195232392
103,692,0.15236750209331512
103,693,0.15197238230705262
103,694,0.15620814955234527
103,695,0.15643603241443635
103,696,0.14839541137218476
103,697,0.1550340451002121
103,698,0.1564706120491028
103,699,0.15703297686576842
103,700,0.15385704839229583
103,701,0.15631932735443116
103,702,0.15361334204673768
103,703,0.15689780747890472
103,704,0.15158242559432983
103,705,0.1544007760286331
103,706,0.15234624111652376
103,707,0.15544986164569854
103,708,0.15097579634189606
103,709,0.1500864043235779
103,710,0.15101457571983337
103,711,0.1549907259941101
103,712,0.15550903356075288
103,713,0.15707825887203217
103,714,0.15194954991340637
103,715,0.1514966707229614
103,716,0.1525290356874466
103,717,0.1515065861940384
103,718,0.14652666634321213
103,719,0.15378166306018828
103,720,0.14682531303167343
103,721,0.1594584232568741
103,722,0.15026154172420503
103,723,0.15655974042415619
103,724,0.15966400277614592
103,725,0.15697345769405366
103,726,0.15106469410657883
103,727,0.1574679116010666
103,728,0.151160218834877
103,729,0.15042273569107056
103,730,0.15571828508377075
103,731,0.14689110970497132
103,732,0.15035648036003113
103,733,0.14860733890533448
103,734,0.14812163341045378
103,735,0.15757687783241273
103,736,0.15326184749603272
103,737,0.15169737541675568
103,738,0.15437352669239043
103,739,0.1479845803976059
103,740,0.14853109061717987
103,741,0.1546107875108719
103,742,0.15363212513923646
103,743,0.15000128298997878
103,744,0.15149419820308685
103,745,0.15171203696727753
103,746,0.15175354266166688
103,747,0.1519404388666153
103,748,0.15227721786499024
103,749,0.1500990807414055
103,750,0.15218872344493867
104,1,0.9428328928947449
104,2,0.7390416822433472
104,3,0.6373969550132752
104,4,0.5714357709884643
104,5,0.5272856955528259
104,6,0.4828770859241486
104,7,0.46898725867271424
104,8,0.4457040739059448
104,9,0.4239458727836609
104,10,0.42328072094917296
104,11,0.40946012353897093
104,12,0.41342843103408816
104,13,0.40427666902542114
104,14,0.3947977068424225
104,15,0.39035783982276917
104,16,0.40037826061248777
104,17,0.3998081064224243
104,18,0.3909290573596954
104,19,0.3819023001194
104,20,0.38196764945983885
104,21,0.3842746238708496
104,22,0.3818388595581055
104,23,0.36551220560073855
104,24,0.3692861204147339
104,25,0.37113370656967165
104,26,0.3692605862617493
104,27,0.3553127377033234
104,28,0.3587956111431122
104,29,0.36193561673164365
104,30,0.356922554731369
104,31,0.3536319108009338
104,32,0.34921832609176634
104,33,0.33692820119857786
104,34,0.3450529143810272
104,35,0.34023899674415586
104,36,0.33711280417442324
104,37,0.3340830690860748
104,38,0.3420402331352234
104,39,0.33488351106643677
104,40,0.332585102558136
104,41,0.323775297164917
104,42,0.3285129926204681
104,43,0.32587950706481933
104,44,0.3274415872097015
104,45,0.3208125467300415
104,46,0.3177924721240997
104,47,0.3233955762386322
104,48,0.3078328878879547
104,49,0.3131543231010437
104,50,0.31283622145652773
104,51,0.3059794909954071
104,52,0.3095637801885605
104,53,0.3051823334693909
104,54,0.2948680076599121
104,55,0.3053242688179016
104,56,0.3021331264972687
104,57,0.28737505197525026
104,58,0.29979383993148806
104,59,0.29212929344177246
104,60,0.2908569796085358
104,61,0.29039228677749634
104,62,0.28774051105976106
104,63,0.29167803144454957
104,64,0.2908121976852417
104,65,0.28360717463493346
104,66,0.27837686419487
104,67,0.28240475940704346
104,68,0.2818021185398102
104,69,0.28062207269668576
104,70,0.27836644697189333
104,71,0.28309112453460694
104,72,0.27839620995521547
104,73,0.28646191668510435
104,74,0.28068378496170043
104,75,0.28407617020606996
104,76,0.2752611515522003
104,77,0.274288489818573
104,78,0.2694231235980988
104,79,0.27488477635383607
104,80,0.2769443278312683
104,81,0.2674041395187378
104,82,0.2737849178314209
104,83,0.2686027023792267
104,84,0.26178543651103975
104,85,0.27180864906311036
104,86,0.2698113648891449
104,87,0.26596448457241056
104,88,0.26158552742004393
104,89,0.2648025145530701
104,90,0.26214133405685425
104,91,0.2601722385883331
104,92,0.2558927747011185
104,93,0.2571309710741043
104,94,0.26034135389328
104,95,0.2606515243053436
104,96,0.2553266807794571
104,97,0.25568618750572203
104,98,0.2608424391746521
104,99,0.2579930567741394
104,100,0.25702464067935943
104,101,0.2514311830997467
104,102,0.24789712357521057
104,103,0.24467666351795198
104,104,0.24707040166854857
104,105,0.25088882410526275
104,106,0.2567961883544922
104,107,0.24169470632076265
104,108,0.24116119956970214
104,109,0.24831756484508513
104,110,0.24759916019439698
104,111,0.24332221221923828
104,112,0.24544906032085417
104,113,0.2473068790435791
104,114,0.24716530108451842
104,115,0.24187328279018402
104,116,0.2430058171749115
104,117,0.2433163743019104
104,118,0.24501913809776307
104,119,0.23823703801631926
104,120,0.23711843061447144
104,121,0.24571642470359803
104,122,0.2305474863052368
104,123,0.24260055303573608
104,124,0.2436033090353012
104,125,0.23751005375385284
104,126,0.23602312827110292
104,127,0.22980382788181306
104,128,0.23041858506202698
104,129,0.23300501966476442
104,130,0.2350966396331787
104,131,0.23611316061019896
104,132,0.24001345014572142
104,133,0.23390130972862244
104,134,0.2335103623867035
104,135,0.2344603488445282
104,136,0.23469834911823273
104,137,0.23028890109062194
104,138,0.23096707224845886
104,139,0.2288107634782791
104,140,0.2317703368663788
104,141,0.23337408208847046
104,142,0.21970713257789612
104,143,0.22311368346214294
104,144,0.22582767558097838
104,145,0.22753845262527467
104,146,0.22791634368896485
104,147,0.22861296999454497
104,148,0.22785520958900451
104,149,0.22925243401527404
104,150,0.22347733330726624
104,151,0.22249646306037904
104,152,0.2213334710597992
104,153,0.22024589192867278
104,154,0.21803104937076567
104,155,0.22016744947433473
104,156,0.22141968882083893
104,157,0.2201552723646164
104,158,0.2147895245552063
104,159,0.21698884415626526
104,160,0.2147953016757965
104,161,0.21535329413414
104,162,0.21957054948806762
104,163,0.21835871040821075
104,164,0.21325778472423554
104,165,0.2162202959060669
104,166,0.21715903902053832
104,167,0.2148763644695282
104,168,0.2113660876750946
104,169,0.211430447101593
104,170,0.2153200213909149
104,171,0.21464749300479888
104,172,0.2100116068124771
104,173,0.209184485912323
104,174,0.21422061395645142
104,175,0.21685942435264588
104,176,0.21126523232460023
104,177,0.21555981302261354
104,178,0.21933721470832826
104,179,0.21690955376625062
104,180,0.21720128178596496
104,181,0.2070098433494568
104,182,0.21565508341789247
104,183,0.21018331038951873
104,184,0.21034004604816436
104,185,0.21176857447624206
104,186,0.2126784117221832
104,187,0.21042206263542176
104,188,0.20504135251045227
104,189,0.20660623335838318
104,190,0.20169904053211213
104,191,0.21305300760269166
104,192,0.20549689626693726
104,193,0.20785221719741823
104,194,0.20209433937072754
104,195,0.2049489802122116
104,196,0.2092200241088867
104,197,0.20871120965480805
104,198,0.20751646482944489
104,199,0.2050729386806488
104,200,0.20708268344402314
104,201,0.20276754248142242
104,202,0.20209013628959654
104,203,0.20390082430839537
104,204,0.20321979010105132
104,205,0.2157231751680374
104,206,0.20719760608673096
104,207,0.20538892459869384
104,208,0.20181958734989167
104,209,0.20638862323760987
104,210,0.19899731123447417
104,211,0.20001990389823915
104,212,0.1997858636379242
104,213,0.20302694284915923
104,214,0.2081283700466156
104,215,0.20136103260517121
104,216,0.19534905791282653
104,217,0.1975129723548889
104,218,0.20057172763347625
104,219,0.20670325255393981
104,220,0.20478473281860352
104,221,0.20035197722911835
104,222,0.19882193434238435
104,223,0.19932333493232726
104,224,0.20208456206321718
104,225,0.19883523106575013
104,226,0.1977618455886841
104,227,0.19966840302944183
104,228,0.1964677746295929
104,229,0.1964267579317093
104,230,0.19766806590557098
104,231,0.2020616979598999
104,232,0.19705128943920136
104,233,0.19506004929542542
104,234,0.1961072962284088
104,235,0.19729410576820375
104,236,0.19355535328388215
104,237,0.19314522767066955
104,238,0.1899527562856674
104,239,0.20351958775520324
104,240,0.19361208164691926
104,241,0.19598153948783875
104,242,0.1945394995212555
104,243,0.19417616581916808
104,244,0.20361012291908265
104,245,0.1959389636516571
104,246,0.19390597987174987
104,247,0.1945573160648346
104,248,0.18782100105285646
104,249,0.19081186258792876
104,250,0.1914890434741974
104,251,0.18842459750175475
104,252,0.19059174180030822
104,253,0.19433287680149078
104,254,0.1919813346862793
104,255,0.1905065151453018
104,256,0.19515085780620575
104,257,0.18948386704921721
104,258,0.1930441633462906
104,259,0.19558153104782106
104,260,0.18833415079116822
104,261,0.19291739356517792
104,262,0.195379994392395
104,263,0.18968184244632721
104,264,0.1952429702281952
104,265,0.19352886152267457
104,266,0.1927796949148178
104,267,0.19447655987739562
104,268,0.18757782554626465
104,269,0.1854487782716751
104,270,0.18869200122356414
104,271,0.19086327874660491
104,272,0.19374168801307678
104,273,0.19056953465938567
104,274,0.19183696043491363
104,275,0.1850440157651901
104,276,0.18849912095069885
104,277,0.1916769689321518
104,278,0.18996722543239594
104,279,0.1916957321166992
104,280,0.18899705147743226
104,281,0.1847821924686432
104,282,0.18931892621517182
104,283,0.18801860773563386
104,284,0.18522733235359193
104,285,0.19015186667442321
104,286,0.1860487127304077
104,287,0.18750214850902558
104,288,0.18538578164577485
104,289,0.187225643992424
104,290,0.18218047285079955
104,291,0.19089982795715332
104,292,0.18811780655384064
104,293,0.18841618645191194
104,294,0.19026057660579682
104,295,0.18394618284702302
104,296,0.18553774678707122
104,297,0.18343304443359376
104,298,0.18018818235397338
104,299,0.18507301568984985
104,300,0.18238837790489196
104,301,0.18474081993103028
104,302,0.1878859144449234
104,303,0.18282314789295195
104,304,0.18189933311939238
104,305,0.1818378918170929
104,306,0.19075711172819138
104,307,0.18933139824867248
104,308,0.18300579380989074
104,309,0.18437260389328003
104,310,0.18334369373321532
104,311,0.1838644040822983
104,312,0.1811214779615402
104,313,0.18312754666805267
104,314,0.17918116247653962
104,315,0.17872680008411407
104,316,0.18158614718914032
104,317,0.17793542742729188
104,318,0.18239157897233962
104,319,0.18189056205749513
104,320,0.1804829456806183
104,321,0.18083711123466492
104,322,0.17880707383155822
104,323,0.17833010530471802
104,324,0.1790252227783203
104,325,0.18156450891494752
104,326,0.18017047441005707
104,327,0.17339154624938966
104,328,0.18119995164871217
104,329,0.18063469541072846
104,330,0.17661395287513734
104,331,0.18323290753364563
104,332,0.1762815852165222
104,333,0.18059304749965668
104,334,0.18097602939605714
104,335,0.18082641100883484
104,336,0.17905254483222963
104,337,0.17770496046543122
104,338,0.17282044875621796
104,339,0.18099640035629272
104,340,0.1769728616476059
104,341,0.17520958209037782
104,342,0.17833317148685454
104,343,0.18150805354118346
104,344,0.17648975765705108
104,345,0.17190172040462495
104,346,0.176592022895813
104,347,0.1805270607471466
104,348,0.173621049284935
104,349,0.17529703521728515
104,350,0.17964613461494447
104,351,0.17745684111118318
104,352,0.17338489103317262
104,353,0.17905469644069671
104,354,0.1760620789527893
104,355,0.17816617476940155
104,356,0.17652295470237733
104,357,0.17806611382961274
104,358,0.172671058177948
104,359,0.17896138954162596
104,360,0.17837395906448364
104,361,0.17244771444797516
104,362,0.1704155125617981
104,363,0.17431292343139648
104,364,0.1762028741836548
104,365,0.17672321128845214
104,366,0.17670588076114654
104,367,0.1802843714952469
104,368,0.17379184687137603
104,369,0.17761558651924134
104,370,0.17400831866264344
104,371,0.16759078270196914
104,372,0.16749490332603453
104,373,0.17579070901870728
104,374,0.16842830049991608
104,375,0.16923128807544707
104,376,0.17138603103160857
104,377,0.1718467344045639
104,378,0.17152913236618042
104,379,0.1783751037120819
104,380,0.17163812351226806
104,381,0.16970186579227448
104,382,0.1764893363714218
104,383,0.18053921175003051
104,384,0.1752999631166458
104,385,0.171144078373909
104,386,0.1751005837917328
104,387,0.1692390866279602
104,388,0.16790967476367952
104,389,0.17634683549404145
104,390,0.17197864603996277
104,391,0.17203724598884582
104,392,0.17512638080120085
104,393,0.17124328207969666
104,394,0.1723894672393799
104,395,0.17427329862117769
104,396,0.17061200451850891
104,397,0.1754134215116501
104,398,0.16939483213424683
104,399,0.1646284497976303
104,400,0.17825307607650756
104,401,0.1654979076385498
104,402,0.16613358104228973
104,403,0.1696491218805313
104,404,0.17103929555416106
104,405,0.17044299900531767
104,406,0.17032294046878815
104,407,0.17037537598609925
104,408,0.1723597252368927
104,409,0.16879586982727052
104,410,0.17769464445114136
104,411,0.1687454104423523
104,412,0.16856021058559417
104,413,0.173566659450531
104,414,0.1666760882139206
104,415,0.1660969318151474
104,416,0.16838074254989624
104,417,0.16317402231693268
104,418,0.16314643692970277
104,419,0.16766001200675965
104,420,0.1688476550579071
104,421,0.17121006989479065
104,422,0.16765854346752168
104,423,0.16204485547542571
104,424,0.16665132796764373
104,425,0.16769775819778443
104,426,0.16324739992618562
104,427,0.16697337687015534
104,428,0.1706447228193283
104,429,0.17094779777526856
104,430,0.1629657289981842
104,431,0.1720607830286026
104,432,0.16472811472415924
104,433,0.16942907249927522
104,434,0.161326469540596
104,435,0.17265346014499663
104,436,0.1661522787809372
104,437,0.16699781548976897
104,438,0.16903868532180785
104,439,0.17336204528808594
104,440,0.17030435687303544
104,441,0.1637966878414154
104,442,0.16603279221057893
104,443,0.164445192694664
104,444,0.16540135788917543
104,445,0.1722216396331787
104,446,0.1695339139699936
104,447,0.17151478099822998
104,448,0.16648702204227447
104,449,0.16516340458393097
104,450,0.16632330667972564
104,451,0.1663054938316345
104,452,0.16667976212501526
104,453,0.16759469139575958
104,454,0.16538543224334717
104,455,0.16091675913333892
104,456,0.16552494001388549
104,457,0.1684126294851303
104,458,0.16378399991989137
104,459,0.16709739220142364
104,460,0.16054369187355041
104,461,0.16271070981025695
104,462,0.16394868147373198
104,463,0.16253934967517852
104,464,0.16380409586429595
104,465,0.16367383658885956
104,466,0.16031613385677337
104,467,0.16382453894615173
104,468,0.16552718758583068
104,469,0.1717536667585373
104,470,0.16410946822166442
104,471,0.16217417216300964
104,472,0.1644612123966217
104,473,0.16792469608783722
104,474,0.15727182114124297
104,475,0.15903688609600067
104,476,0.16261467254161835
104,477,0.1614587414264679
104,478,0.1613515019416809
104,479,0.158799001455307
104,480,0.15990372800827027
104,481,0.16291722130775452
104,482,0.1674152455329895
104,483,0.16435804557800293
104,484,0.1616299457550049
104,485,0.16250739884376525
104,486,0.16186606872081757
104,487,0.16491270899772645
104,488,0.1587914651632309
104,489,0.16026974999904633
104,490,0.15990891337394714
104,491,0.16682352834939956
104,492,0.16315964019298554
104,493,0.1683390246629715
104,494,0.1671667686700821
104,495,0.15774447870254515
104,496,0.16065703773498535
104,497,0.16148108768463135
104,498,0.1598410086631775
104,499,0.16101730036735534
104,500,0.1623535445332527
104,501,0.16096446704864503
104,502,0.16269988560676574
104,503,0.16207016348838807
104,504,0.1569139391183853
104,505,0.15569730889797212
104,506,0.16080008232593537
104,507,0.16061022996902466
104,508,0.16380575037002562
104,509,0.15734684050083161
104,510,0.16215573048591614
104,511,0.1577608608007431
104,512,0.1652262033224106
104,513,0.16862536299228667
104,514,0.1566317492723465
104,515,0.15941121971607208
104,516,0.15682768404483796
104,517,0.16180178022384645
104,518,0.16536696124076844
104,519,0.15982916736602784
104,520,0.16151791578531266
104,521,0.1568157719373703
104,522,0.15757466089725494
104,523,0.15501786875724793
104,524,0.15769328367710114
104,525,0.15443606436252594
104,526,0.1576919640302658
104,527,0.1596682734489441
104,528,0.1601353237628937
104,529,0.1562782798409462
104,530,0.1620904169678688
104,531,0.15521651208400727
104,532,0.1595295752286911
104,533,0.16318162202835082
104,534,0.1636358562707901
104,535,0.16664248389005662
104,536,0.15697192704677582
104,537,0.1609111853837967
104,538,0.1533599067926407
104,539,0.1567720410823822
104,540,0.15848454403877257
104,541,0.15809685754776
104,542,0.15933868312835694
104,543,0.16153037285804747
104,544,0.16035563361644745
104,545,0.153545258641243
104,546,0.15718201541900634
104,547,0.15789495879411697
104,548,0.15902805757522584
104,549,0.1600026708841324
104,550,0.1567073451280594
104,551,0.16007972884178162
104,552,0.15294948613643647
104,553,0.16364104163646698
104,554,0.1568398311138153
104,555,0.15786477041244507
104,556,0.15812498116493226
104,557,0.15846922421455384
104,558,0.15525254821777343
104,559,0.15840629732608796
104,560,0.15599261689186097
104,561,0.1559875147342682
104,562,0.15629650366306305
104,563,0.15407498121261598
104,564,0.15862885534763335
104,565,0.15841527330875396
104,566,0.15885540962219238
104,567,0.1593458925485611
104,568,0.15667283225059508
104,569,0.1555364489555359
104,570,0.1519302318096161
104,571,0.15578251528739928
104,572,0.15854701113700867
104,573,0.15503592920303344
104,574,0.15901472103595735
104,575,0.15367278242111207
104,576,0.15619751822948455
104,577,0.15483843290805815
104,578,0.15618129944801332
104,579,0.16031330835819244
104,580,0.15196150767803193
104,581,0.16015649282932282
104,582,0.16002059268951416
104,583,0.1586595709323883
104,584,0.15788171744346619
104,585,0.1561099845767021
104,586,0.15633429718017577
104,587,0.15596305942535402
104,588,0.15632096564769746
104,589,0.15269332134723662
104,590,0.1568260290622711
104,591,0.15597904646396638
104,592,0.16064623868465425
104,593,0.1546651291847229
104,594,0.15929523360729217
104,595,0.15906581461429595
104,596,0.15937836062908173
104,597,0.1596601994037628
104,598,0.15658226811885834
104,599,0.15611450636386873
104,600,0.1513947603702545
104,601,0.15434393405914307
104,602,0.15852157187461852
104,603,0.15417533814907075
104,604,0.1555151138305664
104,605,0.1596052122116089
104,606,0.15597383880615234
104,607,0.1583489793539047
104,608,0.15261412501335145
104,609,0.1548836784362793
104,610,0.1554089767932892
104,611,0.15330018877983093
104,612,0.15602661979198457
104,613,0.1591084418296814
104,614,0.15370480537414552
104,615,0.15231618928909302
104,616,0.1567544150352478
104,617,0.15389822912216186
104,618,0.15384487664699553
104,619,0.15481445157527923
104,620,0.15326398706436156
104,621,0.15584966719150542
104,622,0.1497623152732849
104,623,0.1553202356696129
104,624,0.14983682239055635
104,625,0.15511448788642884
104,626,0.1509263699054718
104,627,0.15151226568222045
104,628,0.14976064264774322
104,629,0.15070827865600586
104,630,0.15463991475105285
104,631,0.15205731761455535
104,632,0.15489203929901124
104,633,0.1498909134864807
104,634,0.1549611337184906
104,635,0.1509756587743759
104,636,0.15342307138442993
104,637,0.1531627868413925
104,638,0.15167109668254852
104,639,0.1471541833281517
104,640,0.15172365379333497
104,641,0.15269968378543855
104,642,0.15262333726882935
104,643,0.1529577785730362
104,644,0.14811405181884765
104,645,0.14976175427436828
104,646,0.152475965321064
104,647,0.15219834685325623
104,648,0.15828494238853455
104,649,0.15562343776226042
104,650,0.15071616315841674
104,651,0.15373758333921433
104,652,0.15229153549671173
104,653,0.15204441046714784
104,654,0.14817189919948578
104,655,0.1556373461484909
104,656,0.15804527163505555
104,657,0.15506258749961854
104,658,0.1495770126581192
104,659,0.15288502967357637
104,660,0.14971186649799348
104,661,0.1492045242190361
104,662,0.14998432779312135
104,663,0.15158664083480836
104,664,0.1542220895290375
104,665,0.15427673137187958
104,666,0.15259096491336824
104,667,0.14914168620109558
104,668,0.14998918831348418
104,669,0.15135632574558258
104,670,0.15439547228813172
104,671,0.14986189824342727
104,672,0.15228956365585328
104,673,0.1529059545993805
104,674,0.14720792484283446
104,675,0.1510113940834999
104,676,0.1488537572622299
104,677,0.1488350647687912
104,678,0.15585487878322601
104,679,0.15273260533809663
104,680,0.14901769244670868
104,681,0.15031790536642076
104,682,0.1509191529750824
104,683,0.15397982549667358
104,684,0.1403855288028717
104,685,0.14630679666996002
104,686,0.1565727607011795
104,687,0.14405822324752807
104,688,0.15090686357021332
104,689,0.15540218889713286
104,690,0.14559367513656615
104,691,0.15586758172512055
104,692,0.14985351264476776
104,693,0.15245346403121948
104,694,0.14885601532459258
104,695,0.1521587662100792
104,696,0.14902966105937956
104,697,0.15052202010154725
104,698,0.14411093002557754
104,699,0.14957866752147675
104,700,0.1552401806116104
104,701,0.1509996656179428
104,702,0.14875255823135375
104,703,0.15161457896232605
104,704,0.1485696703195572
104,705,0.15288400208950043
104,706,0.15447318053245546
104,707,0.15027552330493926
104,708,0.14972252333164215
104,709,0.15076937019824982
104,710,0.1556425873041153
104,711,0.15246369850635527
104,712,0.1466375287771225
104,713,0.14356792688369752
104,714,0.1466376328468323
104,715,0.14360197401046754
104,716,0.151609623670578
104,717,0.15061728858947754
104,718,0.14986182129383088
104,719,0.1509262570142746
104,720,0.15471199238300323
104,721,0.14346091574430467
104,722,0.15153048127889635
104,723,0.15417926526069642
104,724,0.1490014374256134
104,725,0.145099584877491
104,726,0.1541305546760559
104,727,0.15133415734767913
104,728,0.14888645780086518
104,729,0.14942112636566163
104,730,0.1500202431678772
104,731,0.14928814148902894
104,732,0.15362029612064362
104,733,0.14776200544834137
104,734,0.1549141515493393
104,735,0.15103477489948272
104,736,0.15455464279651643
104,737,0.1508270822763443
104,738,0.15131931817531585
104,739,0.1464379724264145
104,740,0.14875659787654877
104,741,0.14969418972730636
104,742,0.14889515709877013
104,743,0.1514314959049225
104,744,0.14749439656734467
104,745,0.14969345128536224
104,746,0.1493679383993149
104,747,0.14661796641349792
104,748,0.14932602679729462
104,749,0.1458869057893753
104,750,0.14762834191322327
