seed,epoch,loss
400,1,1.6062393585840862
400,2,1.0965649088223774
400,3,0.9716440339883169
400,4,0.8894403080145518
400,5,0.8262726763884226
400,6,0.7886959513028463
400,7,0.73256982366244
400,8,0.7368178764979044
400,9,0.7069141368071238
400,10,0.6831449766953787
400,11,0.6664938827355703
400,12,0.6731307804584503
400,13,0.6542312900225321
400,14,0.6294363041718801
400,15,0.6416667302449545
400,16,0.6213211615880331
400,17,0.6437712411085764
400,18,0.6318461199601492
400,19,0.604725976785024
400,20,0.6141354342301687
400,21,0.6091922024885813
400,22,0.5989644527435303
400,23,0.6099406580130259
400,24,0.607385257879893
400,25,0.5810225605964661
400,26,0.5931171178817749
400,27,0.5847582618395487
400,28,0.5754693547884623
400,29,0.5796957015991211
400,30,0.5716066261132559
400,31,0.6013911565144857
400,32,0.5426822453737259
400,33,0.5643255064884821
400,34,0.5434426665306091
400,35,0.5473073621590933
400,36,0.5387924462556839
400,37,0.5402934004863104
400,38,0.5311575333277384
400,39,0.5058316886425018
400,40,0.5233670820792516
400,41,0.5436210831006368
400,42,0.5595972885688146
400,43,0.5225368042786916
400,44,0.5498550732930502
400,45,0.5166403551896414
400,46,0.5237712115049362
400,47,0.5125113924344381
400,48,0.5400125284989675
400,49,0.5090787013371786
400,50,0.5300554037094116
400,51,0.4917602638403575
400,52,0.5122831265131632
400,53,0.4946492264668147
400,54,0.48562318583329517
400,55,0.4887826194365819
400,56,0.48518400887648266
400,57,0.506615882118543
400,58,0.49190111458301544
400,59,0.5178443839152654
400,60,0.5021554479996363
400,61,0.48099491993586224
400,62,0.4738303522268931
400,63,0.5248765697081884
400,64,0.4894752899805705
400,65,0.4721281826496124
400,66,0.5078350802262624
400,67,0.4724325289328893
400,68,0.4632054915030797
400,69,0.47110186517238617
400,70,0.4783851057291031
400,71,0.48494497934977215
400,72,0.4787352482477824
400,73,0.4780246714750926
400,74,0.47167477011680603
400,75,0.4684820721546809
400,76,0.489471693833669
400,77,0.4982038239638011
400,78,0.47449559966723126
400,79,0.4990900258223216
400,80,0.47739802300930023
400,81,0.45997406045595807
400,82,0.45802170038223267
400,83,0.4686195453008016
400,84,0.4664804885784785
400,85,0.45583383242289227
400,86,0.47490955392519635
400,87,0.4492713312307994
400,88,0.44987836480140686
400,89,0.4619844655195872
400,90,0.44608745475610095
400,91,0.4579567611217499
400,92,0.4186612119277318
400,93,0.443861981232961
400,94,0.4523164282242457
400,95,0.46493664383888245
400,96,0.4468536525964737
400,97,0.46829327444235486
400,98,0.4687928110361099
400,99,0.45479245483875275
400,100,0.49103747804959613
400,101,0.4467895527680715
400,102,0.44076667726039886
400,103,0.47758396963278454
400,104,0.45981185634930927
400,105,0.44835105538368225
400,106,0.41924044986565906
400,107,0.4179367770751317
400,108,0.43426379561424255
400,109,0.41870516538619995
400,110,0.42889828483263653
400,111,0.4210599760214488
400,112,0.4418174127737681
400,113,0.4499409894148509
400,114,0.43754873673121136
400,115,0.4481348345677058
400,116,0.44636576374371845
400,117,0.4384809732437134
400,118,0.4307855914036433
400,119,0.4497945507367452
400,120,0.45035042862097424
400,121,0.4627108673254649
400,122,0.4618749221165975
400,123,0.4224179983139038
400,124,0.4287262260913849
400,125,0.42281151314576465
400,126,0.40537651379903156
400,127,0.44277891019980115
400,128,0.4154523064692815
400,129,0.4308958649635315
400,130,0.4316544234752655
400,131,0.4234919647375743
400,132,0.43752101560433704
400,133,0.4333660950263341
400,134,0.4029150605201721
400,135,0.4343218356370926
400,136,0.4133644253015518
400,137,0.42170323928197223
400,138,0.44588249425093335
400,139,0.4369806796312332
400,140,0.4262406925360362
400,141,0.42426804701487225
400,142,0.4478020469347636
400,143,0.43496031562487286
400,144,0.4037516961495082
400,145,0.40724101662635803
400,146,0.405376931031545
400,147,0.4120379189650218
400,148,0.4065687159697215
400,149,0.42608361939589184
400,150,0.40304623544216156
400,151,0.4227592299381892
400,152,0.4186312158902486
400,153,0.40632544457912445
400,154,0.4234657784303029
400,155,0.4181638906399409
400,156,0.41448313494523364
400,157,0.42296987771987915
400,158,0.4155178914467494
400,159,0.4112030218044917
400,160,0.39847029745578766
400,161,0.42122506101926166
400,162,0.4098520676294963
400,163,0.40868109961350757
400,164,0.3986702660719554
400,165,0.3876105894645055
400,166,0.40430448452631634
400,167,0.39564355711142224
400,168,0.4354026218255361
400,169,0.41053734223047894
400,170,0.40594926476478577
400,171,0.41034533083438873
400,172,0.4146844794352849
400,173,0.39796387155850727
400,174,0.4255921890338262
400,175,0.4179540773232778
400,176,0.399312824010849
400,177,0.4193839679161708
400,178,0.42096103231112164
400,179,0.42834130426247913
400,180,0.4471426109472911
400,181,0.41392310957113904
400,182,0.41147082050641376
400,183,0.4166398843129476
400,184,0.4036615590254466
400,185,0.38729624450206757
400,186,0.3948082576195399
400,187,0.41183529794216156
400,188,0.3936089873313904
400,189,0.38875578840573627
400,190,0.40662233531475067
400,191,0.38489630321661633
400,192,0.4147021373112996
400,193,0.41483038663864136
400,194,0.40919241309165955
400,195,0.4173964311679204
400,196,0.38198502361774445
400,197,0.3844901919364929
400,198,0.39368973672389984
400,199,0.4162803888320923
400,200,0.4007730881373088
400,201,0.37320450445016223
400,202,0.38574281334877014
400,203,0.3931541194518407
400,204,0.3678804536660512
400,205,0.3783028572797775
400,206,0.37041598558425903
400,207,0.39415712157885235
400,208,0.37861281633377075
400,209,0.39993248879909515
400,210,0.3998176008462906
400,211,0.3696276048819224
400,212,0.3990094264348348
400,213,0.39871469140052795
400,214,0.40848440925280255
400,215,0.38598398864269257
400,216,0.3970162272453308
400,217,0.35604869325955707
400,218,0.39561207095781964
400,219,0.36671385169029236
400,220,0.38157685101032257
400,221,0.35094697773456573
400,222,0.3819056898355484
400,223,0.36759115755558014
400,224,0.38095054030418396
400,225,0.371498242020607
400,226,0.3845006326834361
400,227,0.38706206281979877
400,228,0.3790518045425415
400,229,0.37471357981363934
400,230,0.37051336963971454
400,231,0.38971583048502606
400,232,0.384379764397939
400,233,0.35789376497268677
400,234,0.35526710251967114
400,235,0.37762244045734406
400,236,0.3689310550689697
400,237,0.3667352497577667
400,238,0.3652498821417491
400,239,0.3872886498769124
400,240,0.36573341488838196
400,241,0.3707053562005361
400,242,0.37229666610558826
400,243,0.39353039860725403
400,244,0.3683256407578786
400,245,0.3559000492095947
400,246,0.38453416029612225
400,247,0.3751925975084305
400,248,0.3839639921983083
400,249,0.38152368863423664
400,250,0.3768743673960368
400,251,0.3512661010026932
400,252,0.3434627056121826
400,253,0.3858199914296468
400,254,0.35159213840961456
400,255,0.37873952090740204
400,256,0.3605203280846278
400,257,0.36154503126939136
400,258,0.3761192113161087
400,259,0.3684798131386439
400,260,0.36474903921286267
400,261,0.36925038198630017
400,262,0.38784817854563397
400,263,0.39189472297827405
400,264,0.3883201678593953
400,265,0.36624975502491
400,266,0.3486360013484955
400,267,0.36205316086610156
400,268,0.3691915074984233
400,269,0.3637270579735438
400,270,0.37671708067258197
400,271,0.38842060168584186
400,272,0.35774700343608856
400,273,0.3796273817618688
400,274,0.36759928862253827
400,275,0.3593470056851705
400,276,0.3734183410803477
400,277,0.36364084978898364
400,278,0.3710532635450363
400,279,0.3597188393274943
400,280,0.353202944000562
400,281,0.3818143407503764
400,282,0.3723670095205307
400,283,0.37857821583747864
400,284,0.3719417005777359
400,285,0.36029957234859467
400,286,0.3560160348812739
400,287,0.3741899331410726
400,288,0.3757372945547104
400,289,0.37795522809028625
400,290,0.36795566976070404
400,291,0.36465611060460407
400,292,0.3702503542105357
400,293,0.3491497387488683
400,294,0.36037205656369525
400,295,0.35166346033414203
400,296,0.37022796273231506
400,297,0.3622740258773168
400,298,0.34787005682786304
400,299,0.35010509689648944
400,300,0.35579032202561695
400,301,0.36265143752098083
400,302,0.3654618461926778
400,303,0.35209137698014575
400,304,0.358537420630455
400,305,0.3594951281944911
400,306,0.37875108420848846
400,307,0.367729311188062
400,308,0.3777743379275004
400,309,0.3801303257544835
400,310,0.34415698051452637
400,311,0.3356758902470271
400,312,0.35692483683427173
400,313,0.3494840015967687
400,314,0.3450770378112793
400,315,0.3656342575947444
400,316,0.3462423433860143
400,317,0.36386149128278095
400,318,0.3425232023000717
400,319,0.36820852259794873
400,320,0.37084369858105976
400,321,0.37186503907044727
400,322,0.3578707277774811
400,323,0.3674230178197225
400,324,0.3475034087896347
400,325,0.3654659241437912
400,326,0.3674132972955704
400,327,0.3675633519887924
400,328,0.3459068884452184
400,329,0.35537951191266376
400,330,0.3905552377303441
400,331,0.3564313401778539
400,332,0.36679115891456604
400,333,0.34933564563592273
400,334,0.339217613140742
400,335,0.3497378279765447
400,336,0.35300804674625397
400,337,0.3495208074649175
400,338,0.35017052789529163
400,339,0.3525102684895198
400,340,0.35891106228033703
400,341,0.34695810079574585
400,342,0.3446166068315506
400,343,0.33261143664518994
400,344,0.33236968020598096
400,345,0.348005677262942
400,346,0.3353097389141719
400,347,0.3581860462824504
400,348,0.34160658717155457
400,349,0.32093698779741925
400,350,0.3357575436433156
400,351,0.3285868416229884
400,352,0.36596732834974927
400,353,0.35108629365762073
400,354,0.3359560618797938
400,355,0.3523874928553899
400,356,0.31832100947697956
400,357,0.34245740870634717
400,358,0.31156277159849805
400,359,0.3417314241329829
400,360,0.34082596004009247
400,361,0.3546023666858673
400,362,0.353450208902359
400,363,0.3565804610649745
400,364,0.36288003126780194
400,365,0.31678761045138043
400,366,0.3416505604982376
400,367,0.3630192180474599
400,368,0.3472415804862976
400,369,0.361396849155426
400,370,0.34513402978579205
400,371,0.33723124861717224
400,372,0.3267901788155238
400,373,0.3255213002363841
400,374,0.34049342572689056
400,375,0.3369690428177516
400,376,0.3440189411242803
400,377,0.35863379140694934
400,378,0.33715804914633435
400,379,0.3647104899088542
400,380,0.3294495145479838
400,381,0.3526430328687032
400,382,0.34786682824293774
400,383,0.3408288359642029
400,384,0.3357919504245122
400,385,0.3318208505709966
400,386,0.3484867463509242
400,387,0.33638682464758557
400,388,0.3289496600627899
400,389,0.3236197878917058
400,390,0.31772663692633313
400,391,0.3125322212775548
400,392,0.3139984458684921
400,393,0.3434016505877177
400,394,0.3270046164592107
400,395,0.33933866520722705
400,396,0.34549189110596973
400,397,0.35325710475444794
400,398,0.31999658544858295
400,399,0.33642137547334033
400,400,0.32101485629876453
400,401,0.3439772774775823
400,402,0.346256544192632
400,403,0.3491997222105662
400,404,0.338854119181633
400,405,0.3281332353750865
400,406,0.3240961382786433
400,407,0.32752131422360736
400,408,0.3255295505126317
400,409,0.31247889002164203
400,410,0.345685750246048
400,411,0.3117227951685588
400,412,0.33083618183930713
400,413,0.3427945574124654
400,414,0.3112880041201909
400,415,0.346524382630984
400,416,0.35373031596342724
400,417,0.33459756275018054
400,418,0.32957098881403607
400,419,0.334307203690211
400,420,0.35382237037022907
400,421,0.34688101212183636
400,422,0.3522311399380366
400,423,0.3404615173737208
400,424,0.3317534575859706
400,425,0.3270055701335271
400,426,0.3410671452681224
400,427,0.3449148088693619
400,428,0.3286766807238261
400,429,0.32013235489527386
400,430,0.33794468144575757
400,431,0.34573571880658466
400,432,0.30711986124515533
400,433,0.3318930466969808
400,434,0.3222969025373459
400,435,0.3502726157506307
400,436,0.3186945915222168
400,437,0.3167068511247635
400,438,0.3373616735140483
400,439,0.30440541605154675
400,440,0.32645443578561145
400,441,0.30475906034310657
400,442,0.31178658703962964
400,443,0.3283301293849945
400,444,0.3268176019191742
400,445,0.31894078850746155
400,446,0.3293149620294571
400,447,0.3348391552766164
400,448,0.33860193689664203
400,449,0.3395526111125946
400,450,0.32636626064777374
400,451,0.332755242784818
400,452,0.33235310514767963
400,453,0.31993381182352704
400,454,0.3169184277455012
400,455,0.3270730922619502
400,456,0.3124941239754359
400,457,0.3486725737651189
400,458,0.31219061215718585
400,459,0.33494813243548077
400,460,0.3360530932744344
400,461,0.3346324910720189
400,462,0.34768808384736377
400,463,0.3310241202513377
400,464,0.32712381581465405
400,465,0.3230586399634679
400,466,0.3203385869661967
400,467,0.347560649116834
400,468,0.32574062049388885
400,469,0.3339751412471135
400,470,0.3413584033648173
400,471,0.3366519957780838
400,472,0.3309228519598643
400,473,0.30218086143334705
400,474,0.3305504769086838
400,475,0.325458824634552
400,476,0.33977944155534107
400,477,0.3325221836566925
400,478,0.3219636877377828
400,479,0.313861683011055
400,480,0.3416139284769694
400,481,0.31030207872390747
400,482,0.32649287581443787
400,483,0.32926182945569354
400,484,0.318935086329778
400,485,0.3107846528291702
400,486,0.30584457019964856
400,487,0.3211221545934677
400,488,0.3222129096587499
400,489,0.33463919162750244
400,490,0.3352198402086894
400,491,0.34606385231018066
400,492,0.3123645981152852
400,493,0.3266010483105977
400,494,0.3208070695400238
400,495,0.3296198050181071
400,496,0.31235643724600476
400,497,0.31652389963467914
400,498,0.31739472846190137
400,499,0.31549956897894543
400,500,0.31118857860565186
400,501,0.3269221434990565
400,502,0.3421347091595332
400,503,0.3174102207024892
400,504,0.330795814593633
400,505,0.33522969981034595
400,506,0.3280351807673772
400,507,0.3401443163553874
400,508,0.32657740513483685
400,509,0.3027611051996549
400,510,0.31332050263881683
400,511,0.319399893283844
400,512,0.3134175091981888
400,513,0.3347318122784297
400,514,0.3214055001735687
400,515,0.32774020731449127
400,516,0.34006281197071075
400,517,0.33767715593179065
400,518,0.31597885489463806
400,519,0.320614089568456
400,520,0.31964724759260815
400,521,0.31017620861530304
400,522,0.32191655536492664
400,523,0.31759042541186017
400,524,0.29920750856399536
400,525,0.31629255910714466
400,526,0.3073151260614395
400,527,0.32140446702639264
400,528,0.30719322462876636
400,529,0.3255898058414459
400,530,0.30089621742566425
400,531,0.3107813000679016
400,532,0.33836519221464795
400,533,0.3202541967233022
400,534,0.3187373677889506
400,535,0.30651096999645233
400,536,0.3207623362541199
400,537,0.32182566821575165
400,538,0.32538874447345734
400,539,0.3286980837583542
400,540,0.30993052820364636
400,541,0.3337360421816508
400,542,0.3054108719031016
400,543,0.3120238333940506
400,544,0.3133043746153514
400,545,0.3074401964743932
400,546,0.3174128979444504
400,547,0.3196655760208766
400,548,0.29645346601804096
400,549,0.3082295258839925
400,550,0.31092121700445813
400,551,0.29163460433483124
400,552,0.3002382715543111
400,553,0.31621857980887097
400,554,0.2994520515203476
400,555,0.30836760997772217
400,556,0.31437357266743976
400,557,0.3230039378007253
400,558,0.2929303050041199
400,559,0.3173772742350896
400,560,0.32063718636830646
400,561,0.31037840743859607
400,562,0.31281979382038116
400,563,0.3095711022615433
400,564,0.30041004220644635
400,565,0.31839318573474884
400,566,0.31660306453704834
400,567,0.30254823217789334
400,568,0.3289038985967636
400,569,0.3225150555372238
400,570,0.31531022985776264
400,571,0.3009103387594223
400,572,0.29466791450977325
400,573,0.3094598750273387
400,574,0.2874375532070796
400,575,0.30069554845492047
400,576,0.3091728190581004
400,577,0.2911340966820717
400,578,0.3024074137210846
400,579,0.3123112271229426
400,580,0.3054761290550232
400,581,0.2874661087989807
400,582,0.30854440728823346
400,583,0.29800134897232056
400,584,0.3245653410752614
400,585,0.307616725564003
400,586,0.31377270817756653
400,587,0.3047108401854833
400,588,0.3167180021603902
400,589,0.3313581645488739
400,590,0.29979415982961655
400,591,0.3356594791014989
400,592,0.2957442949215571
400,593,0.3173414667447408
400,594,0.2983882427215576
400,595,0.31446415185928345
400,596,0.3104267368714015
400,597,0.3293753961722056
400,598,0.32265378534793854
400,599,0.3218833655118942
400,600,0.3125850309928258
400,601,0.2938193877538045
400,602,0.3102118670940399
400,603,0.30640606085459393
400,604,0.279481699069341
400,605,0.28354426225026447
400,606,0.2906310607989629
400,607,0.30507616698741913
400,608,0.3132791469494502
400,609,0.32126334806283313
400,610,0.29040123522281647
400,611,0.3100493897994359
400,612,0.30269525200128555
400,613,0.313490554690361
400,614,0.30446651577949524
400,615,0.30813729266325635
400,616,0.3058508684237798
400,617,0.311951403816541
400,618,0.31104226410388947
400,619,0.29751171668370563
400,620,0.29507291813691455
400,621,0.2819942658146222
400,622,0.29130154351393384
400,623,0.29360148807366687
400,624,0.2988114406665166
400,625,0.278512308994929
400,626,0.2849140763282776
400,627,0.31488188604513806
400,628,0.3300424615542094
400,629,0.30625200271606445
400,630,0.2878384093443553
400,631,0.30136165022850037
400,632,0.3097141335407893
400,633,0.3061758875846863
400,634,0.2841872250040372
400,635,0.3108865867058436
400,636,0.31447526812553406
400,637,0.30087214708328247
400,638,0.30233865479628247
400,639,0.31930746138095856
400,640,0.2944572865962982
400,641,0.2955651457111041
400,642,0.3008388231197993
400,643,0.30951232214768726
400,644,0.29410189390182495
400,645,0.29170137643814087
400,646,0.31123217940330505
400,647,0.2976898600657781
400,648,0.27243566513061523
400,649,0.29710283875465393
400,650,0.28991688539584476
400,651,0.2904873639345169
400,652,0.2949683914581935
400,653,0.3083437035481135
400,654,0.30710121989250183
400,655,0.2908669710159302
400,656,0.306366761525472
400,657,0.29880426327387494
400,658,0.27975104997555417
400,659,0.27262277404467267
400,660,0.27883123606443405
400,661,0.2981896499792735
400,662,0.31114383538564044
400,663,0.2970382670561473
400,664,0.28471439083417255
400,665,0.29340102275212604
400,666,0.29037895053625107
400,667,0.2874787598848343
400,668,0.2866216053565343
400,669,0.2932116836309433
400,670,0.2934974133968353
400,671,0.2871704250574112
400,672,0.2854892462491989
400,673,0.27306390802065533
400,674,0.2820789118607839
400,675,0.29352104167143506
400,676,0.29702399174372357
400,677,0.2933686226606369
400,678,0.32508059839407605
400,679,0.28686728576819104
400,680,0.28487277527650195
400,681,0.29912907381852466
400,682,0.28729066997766495
400,683,0.2807631691296895
400,684,0.27684039374192554
400,685,0.28859031697114307
400,686,0.30212102582057315
400,687,0.29610877732435864
400,688,0.28658826649188995
400,689,0.2927628854910533
400,690,0.30444800357023877
400,691,0.3125248004992803
400,692,0.280909962952137
400,693,0.3017924129962921
400,694,0.30906657377878827
400,695,0.294158215324084
400,696,0.2805838684240977
400,697,0.27116112411022186
400,698,0.2867933660745621
400,699,0.2604951163132985
400,700,0.2892109453678131
400,701,0.29652775824069977
400,702,0.29182563970486325
400,703,0.3172063926855723
400,704,0.2926070913672447
400,705,0.29331376651922864
400,706,0.2862716093659401
400,707,0.29329004387060803
400,708,0.2875884026288986
400,709,0.30651481449604034
400,710,0.3166617453098297
400,711,0.3058602511882782
400,712,0.2931828995545705
400,713,0.2842399974664052
400,714,0.29419181247552234
400,715,0.31360358496507007
400,716,0.2909428228934606
400,717,0.27740077674388885
400,718,0.2886037727197011
400,719,0.3053404986858368
400,720,0.3111432691415151
400,721,0.28130410859982174
400,722,0.31206459800402325
400,723,0.32531286279360455
400,724,0.27998050798972446
400,725,0.2932569682598114
400,726,0.3028510312239329
400,727,0.2945873240629832
400,728,0.2915709416071574
400,729,0.2899734949072202
400,730,0.27748796343803406
400,731,0.28664500017960864
400,732,0.2933748811483383
400,733,0.3023030459880829
400,734,0.28547343115011853
400,735,0.3130217144886653
400,736,0.2854002316792806
400,737,0.2754599253336589
400,738,0.2778819079200427
400,739,0.2867048035065333
400,740,0.2946346253156662
400,741,0.2764595051606496
400,742,0.29099340736866
400,743,0.3077496240536372
400,744,0.2953121413787206
400,745,0.29725290834903717
400,746,0.2960744301478068
400,747,0.29964499175548553
400,748,0.2911420464515686
400,749,0.28965676327546436
400,750,0.2738190144300461
400,751,0.2975412979722023
400,752,0.2981543739636739
400,753,0.26898786177237827
400,754,0.28222278753916424
400,755,0.2865593060851097
400,756,0.28964800884326297
400,757,0.29041679203510284
400,758,0.28855400284131366
400,759,0.2845707982778549
400,760,0.2764352435866992
400,761,0.29665295282999676
400,762,0.2965426842371623
400,763,0.27514492472012836
400,764,0.2748529066642125
400,765,0.2876371617118518
400,766,0.2827591647704442
400,767,0.29391386608282727
400,768,0.28722988069057465
400,769,0.2953890860080719
400,770,0.30654360353946686
400,771,0.2872028847535451
400,772,0.2860780010620753
400,773,0.2864443361759186
400,774,0.28505005935827893
400,775,0.26654219130675
400,776,0.30475477625926334
400,777,0.294011910756429
400,778,0.2797160396973292
400,779,0.27022548019886017
400,780,0.29079116384188336
400,781,0.2831049958864848
400,782,0.281434786816438
400,783,0.2850710302591324
400,784,0.26262829452753067
400,785,0.2960147062937419
400,786,0.2803321530421575
400,787,0.2755511949459712
400,788,0.28744133313496906
400,789,0.26541678607463837
400,790,0.2933243860801061
400,791,0.28932975729306537
400,792,0.272673378388087
400,793,0.2758764897783597
400,794,0.27971038470665616
400,795,0.29055918753147125
400,796,0.28416315962870914
400,797,0.2974787503480911
400,798,0.28383861233790714
400,799,0.2847843865553538
400,800,0.2784246429800987
400,801,0.2727287709712982
400,802,0.28534138202667236
400,803,0.2933232933282852
400,804,0.3033943474292755
400,805,0.2930910835663478
400,806,0.285129281381766
400,807,0.2628668323159218
400,808,0.2855746001005173
400,809,0.2745681454737981
400,810,0.2660425802071889
400,811,0.2956087738275528
400,812,0.28155754258235294
400,813,0.28932177027066547
400,814,0.28091368575890857
400,815,0.2861938228209813
400,816,0.27385714650154114
400,817,0.27471650888522464
400,818,0.28312375644842785
400,819,0.2819135934114456
400,820,0.2690531313419342
400,821,0.2777704671025276
400,822,0.26994280765453976
400,823,0.29412616789340973
400,824,0.2780501147111257
400,825,0.2632817526658376
400,826,0.27147021392981213
400,827,0.26724590609471005
400,828,0.29522555073102313
400,829,0.2973946879307429
400,830,0.28119691212972003
400,831,0.2726510688662529
400,832,0.2675318991144498
400,833,0.2715014194448789
400,834,0.2663915952046712
400,835,0.29070504009723663
400,836,0.27730681995550793
400,837,0.27149344732364017
400,838,0.26966676115989685
400,839,0.2710500086347262
400,840,0.28288618723551434
400,841,0.29148080945014954
400,842,0.2722264751791954
400,843,0.2915402327974637
400,844,0.2685366173585256
400,845,0.28194155792395276
400,846,0.26964694261550903
400,847,0.275936392446359
400,848,0.2947538097699483
400,849,0.28625890612602234
400,850,0.28498172760009766
400,851,0.28691720962524414
400,852,0.2838428169488907
400,853,0.29318584501743317
400,854,0.2813124507665634
400,855,0.2800375471512477
400,856,0.2925429741541545
400,857,0.2864234472314517
400,858,0.276743804415067
400,859,0.2846180995305379
400,860,0.2760509302218755
400,861,0.272712767124176
400,862,0.2679031764467557
400,863,0.28278299421072006
400,864,0.2669847384095192
400,865,0.2779766619205475
400,866,0.26137596120436984
400,867,0.2750730812549591
400,868,0.2766260926922162
400,869,0.2654605184992154
400,870,0.2750178227821986
400,871,0.2910860280195872
400,872,0.2679733410477638
400,873,0.2716206635038058
400,874,0.2886938154697418
400,875,0.2974790732065837
400,876,0.30188631018002826
400,877,0.2659662316242854
400,878,0.2695483590165774
400,879,0.2598118782043457
400,880,0.2812984585762024
400,881,0.2761404613653819
400,882,0.27101291964451474
400,883,0.27364397794008255
400,884,0.27746209998925525
400,885,0.27100247393051785
400,886,0.2968064198891322
400,887,0.2582072665294011
400,888,0.2835269471009572
400,889,0.28990547358989716
400,890,0.27835872521003086
400,891,0.27120204269886017
400,892,0.28718407948811847
400,893,0.2860364615917206
400,894,0.269466037551562
400,895,0.28972913324832916
400,896,0.27567921082178753
400,897,0.2720155914624532
400,898,0.2732602333029111
400,899,0.261161133646965
400,900,0.26486848543087643
400,901,0.2835521201292674
400,902,0.276192769408226
400,903,0.27212182184060413
400,904,0.27495376765727997
400,905,0.25874753544727963
400,906,0.2724090690414111
400,907,0.26989754537741345
400,908,0.2641484811902046
400,909,0.2665459488828977
400,910,0.28341976056496304
400,911,0.2779112259546916
400,912,0.28197923799355823
400,913,0.28096576035022736
400,914,0.27620119353135425
400,915,0.26649797707796097
400,916,0.27301667630672455
400,917,0.27478250364462536
400,918,0.28992760678132373
400,919,0.2718895847598712
400,920,0.2659844880302747
400,921,0.2547041028738022
400,922,0.27192027121782303
400,923,0.27759480973084766
400,924,0.2766665890812874
400,925,0.26528142144282657
400,926,0.28842510531346005
400,927,0.27423710376024246
400,928,0.27368808537721634
400,929,0.27897530297438305
400,930,0.2774711052576701
400,931,0.28093859056631726
400,932,0.26751601199309033
400,933,0.26683417210976285
400,934,0.2752455820639928
400,935,0.2774013529221217
400,936,0.2815127794941266
400,937,0.2769267608722051
400,938,0.27521462738513947
400,939,0.2792924965421359
400,940,0.27374989291032154
400,941,0.25461901475985843
400,942,0.2686457261443138
400,943,0.2638557280103366
400,944,0.2783451974391937
400,945,0.27001764128605527
400,946,0.2852281928062439
400,947,0.2647820661465327
400,948,0.26970380793015164
400,949,0.2729005888104439
400,950,0.26787785937388736
400,951,0.2723350375890732
400,952,0.2714922900001208
400,953,0.2859022468328476
400,954,0.2739821324745814
400,955,0.2449482555190722
400,956,0.27502941340208054
400,957,0.26682085792223614
400,958,0.2531430845459302
400,959,0.25255992511908215
400,960,0.25064103056987125
400,961,0.25216300040483475
400,962,0.26775166143973667
400,963,0.2549196283022563
400,964,0.27252569794654846
400,965,0.26002098619937897
400,966,0.2554691309730212
400,967,0.25777079661687213
400,968,0.2613292286793391
400,969,0.28101255496342975
400,970,0.2748096485932668
400,971,0.2733404611547788
400,972,0.26595982164144516
400,973,0.26948516567548114
400,974,0.2758172204097112
400,975,0.2691202014684677
400,976,0.25882777323325473
400,977,0.2764710982640584
400,978,0.2618381083011627
400,979,0.2767101873954137
400,980,0.26955876251061756
400,981,0.25464379290739697
400,982,0.2795152763525645
400,983,0.26016317556301755
400,984,0.2696091557542483
400,985,0.2590969850619634
400,986,0.2643030434846878
400,987,0.25747444729010266
400,988,0.28729578852653503
400,989,0.26122036079565686
400,990,0.27955759316682816
400,991,0.2604694714148839
400,992,0.27171703428030014
400,993,0.26844735940297443
400,994,0.28565556804339093
400,995,0.26795736451943714
400,996,0.27766213566064835
400,997,0.2638258660833041
400,998,0.26897918184598285
400,999,0.259654479722182
400,1000,0.27947354813416797
400,1001,0.269357368350029
400,1002,0.25971682618061703
400,1003,0.2803848882516225
400,1004,0.30594126880168915
400,1005,0.2763110597928365
400,1006,0.26541194568077725
400,1007,0.28425757586956024
400,1008,0.257417730987072
400,1009,0.25289202978213626
400,1010,0.25936993956565857
400,1011,0.25517835716406506
400,1012,0.27448107798894245
400,1013,0.2754889229933421
400,1014,0.2509072075287501
400,1015,0.24751059462626776
400,1016,0.2746335764726003
400,1017,0.2916262870033582
400,1018,0.2674881046017011
400,1019,0.279043011367321
400,1020,0.2791692167520523
400,1021,0.2706542983651161
400,1022,0.2549883921941121
400,1023,0.25556393216053647
400,1024,0.2767489552497864
400,1025,0.26965881139039993
400,1026,0.2685445199410121
400,1027,0.2835055614511172
400,1028,0.24907269577185312
400,1029,0.2605337326725324
400,1030,0.26019994417826336
400,1031,0.262278991440932
400,1032,0.28163263698418933
400,1033,0.2864800840616226
400,1034,0.2573628748456637
400,1035,0.26781191180149716
400,1036,0.2729763338963191
400,1037,0.2682040606935819
400,1038,0.28034606327613193
400,1039,0.27299603323141736
400,1040,0.2619013140598933
400,1041,0.2846088806788127
400,1042,0.26720114549001056
400,1043,0.2550557305415471
400,1044,0.266693614423275
400,1045,0.28550608456134796
400,1046,0.27314014981190365
400,1047,0.2675439193844795
400,1048,0.2601741726199786
400,1049,0.26640161126852036
400,1050,0.2753027280171712
400,1051,0.26425370822350186
400,1052,0.25970176607370377
400,1053,0.2701836700240771
400,1054,0.2516215418775876
400,1055,0.2529899552464485
400,1056,0.2675641303261121
400,1057,0.27685976525147754
400,1058,0.25654256095488864
400,1059,0.2587466314435005
400,1060,0.24806208908557892
400,1061,0.25916427622238797
400,1062,0.2616287941733996
400,1063,0.2520218590895335
400,1064,0.25130147735277814
400,1065,0.2699192414681117
400,1066,0.2529054135084152
400,1067,0.2551998421549797
400,1068,0.2571583340565364
400,1069,0.24814494202534357
400,1070,0.2615462616086006
400,1071,0.25850222011407215
400,1072,0.2711929480234782
400,1073,0.27837392191092175
400,1074,0.25857296337683994
400,1075,0.2530256236592929
400,1076,0.25472066303094226
400,1077,0.26001787185668945
400,1078,0.25303512811660767
400,1079,0.2741599852840106
400,1080,0.2642199496428172
400,1081,0.2673523624738057
400,1082,0.2799159164230029
400,1083,0.25531911849975586
400,1084,0.2597151572505633
400,1085,0.26819807291030884
400,1086,0.23996770133574805
400,1087,0.26804518202940625
400,1088,0.26177964856227237
400,1089,0.26625319570302963
400,1090,0.26281480491161346
400,1091,0.25788764903942746
400,1092,0.25011998663345975
400,1093,0.2844604601462682
400,1094,0.26902222633361816
400,1095,0.2744407628973325
400,1096,0.26271693656841916
400,1097,0.25251660992701846
400,1098,0.2720149705807368
400,1099,0.2557453438639641
400,1100,0.2554704671104749
400,1101,0.2544174939393997
400,1102,0.26198367526133853
400,1103,0.2661891256769498
400,1104,0.2562910467386246
400,1105,0.26699692755937576
400,1106,0.26409728328386944
400,1107,0.26076044142246246
400,1108,0.2615135709444682
400,1109,0.27231618016958237
400,1110,0.2587050025661786
400,1111,0.25293712069590885
400,1112,0.26276660710573196
400,1113,0.2707044283548991
400,1114,0.25886784742275876
400,1115,0.25472914675871533
400,1116,0.2610273187359174
400,1117,0.25963009148836136
400,1118,0.2540673017501831
400,1119,0.2446893428762754
400,1120,0.26482600967089337
400,1121,0.24328375111023584
400,1122,0.26564180850982666
400,1123,0.2643781503041585
400,1124,0.2735639959573746
400,1125,0.26478951672712964
400,1126,0.26283876101175946
400,1127,0.24448800832033157
400,1128,0.26562128216028214
400,1129,0.2485105941692988
400,1130,0.2711126158634822
400,1131,0.2690463786323865
400,1132,0.25789974133173627
400,1133,0.26019323368867237
400,1134,0.2571348821123441
400,1135,0.25078196078538895
400,1136,0.25021014114220935
400,1137,0.26226574927568436
400,1138,0.2513110215465228
400,1139,0.25411709398031235
400,1140,0.26910113046566647
400,1141,0.26937486479679745
400,1142,0.25818034013112384
400,1143,0.2554475963115692
400,1144,0.24731484800577164
400,1145,0.25351566821336746
400,1146,0.2654825796683629
400,1147,0.24814061323801676
400,1148,0.2617824623982112
400,1149,0.26836567123730976
400,1150,0.23809743175903955
400,1151,0.2665313978989919
400,1152,0.24937179436286291
400,1153,0.25307565927505493
400,1154,0.25515590111414593
400,1155,0.26307470848162967
400,1156,0.2577025021115939
400,1157,0.2667873998483022
400,1158,0.23376166572173437
400,1159,0.25750317176183063
400,1160,0.26236781229575473
400,1161,0.25951957950989407
400,1162,0.25820736090342206
400,1163,0.27219847589731216
400,1164,0.270563838382562
400,1165,0.2548375551899274
400,1166,0.25153402735789615
400,1167,0.2582036977012952
400,1168,0.2770583579937617
400,1169,0.26052001863718033
400,1170,0.2515921890735626
400,1171,0.2578857019543648
400,1172,0.27305006235837936
400,1173,0.26394303888082504
400,1174,0.25659743944803876
400,1175,0.2584657073020935
400,1176,0.2564988086620967
400,1177,0.24559668451547623
400,1178,0.2453363115588824
400,1179,0.24615722397963205
400,1180,0.24651084343592325
400,1181,0.2619338979323705
400,1182,0.25668784479300183
400,1183,0.250767116745313
400,1184,0.25059354801972705
400,1185,0.2361355721950531
400,1186,0.2442148377497991
400,1187,0.27128500988086063
400,1188,0.25711848090092343
400,1189,0.25595728556315106
400,1190,0.2535062978665034
400,1191,0.23097091913223267
400,1192,0.24404586603244147
400,1193,0.2449525942405065
400,1194,0.25268347561359406
400,1195,0.25175726413726807
400,1196,0.24246972054243088
400,1197,0.24211988598108292
400,1198,0.25117238362630206
400,1199,0.2591412266095479
400,1200,0.2690443992614746
400,1201,0.269287534058094
400,1202,0.2529922177394231
400,1203,0.25288674980401993
400,1204,0.2582566738128662
400,1205,0.2486984928448995
400,1206,0.26048005372285843
400,1207,0.2551700125137965
400,1208,0.2663791651527087
400,1209,0.24109135568141937
400,1210,0.25604990621407825
400,1211,0.2505037263035774
400,1212,0.25815097739299137
400,1213,0.27215757966041565
400,1214,0.24638847758372626
400,1215,0.2255559340119362
400,1216,0.2358481933673223
400,1217,0.23409378031889597
400,1218,0.2538145383199056
400,1219,0.24170261124769846
400,1220,0.24053910622994104
400,1221,0.2613540862997373
400,1222,0.24742338806390762
400,1223,0.2539757912357648
400,1224,0.2624990666906039
400,1225,0.22942662239074707
400,1226,0.2415827512741089
400,1227,0.2559019650022189
400,1228,0.2638412341475487
400,1229,0.26124603549639386
400,1230,0.25506144265333813
400,1231,0.2477056011557579
400,1232,0.2436566005150477
400,1233,0.2409846931695938
400,1234,0.2723969991008441
400,1235,0.26061415672302246
400,1236,0.25348981221516925
400,1237,0.24637876451015472
400,1238,0.23389089852571487
400,1239,0.25493011871973675
400,1240,0.2535761644442876
400,1241,0.24284396320581436
400,1242,0.24181429545084634
400,1243,0.27230387926101685
400,1244,0.24209591001272202
400,1245,0.25328537821769714
400,1246,0.2719728648662567
400,1247,0.2549177209536235
400,1248,0.23584925880034766
400,1249,0.2603946601351102
400,1250,0.25017379969358444
400,1251,0.22857570151487985
400,1252,0.248634601632754
400,1253,0.23764151334762573
400,1254,0.2479251647988955
400,1255,0.25673175354798633
400,1256,0.24891879906256995
400,1257,0.26319262385368347
400,1258,0.23190697530905405
400,1259,0.23835370937983194
400,1260,0.24868602554003397
400,1261,0.2608098362882932
400,1262,0.23768633355696997
400,1263,0.2429932951927185
400,1264,0.24499708910783133
400,1265,0.2626465931534767
400,1266,0.26311027506987256
400,1267,0.23886804531017938
400,1268,0.24703285098075867
400,1269,0.25593162576357525
400,1270,0.26580173522233963
400,1271,0.2505388433734576
400,1272,0.25030557562907535
400,1273,0.2518165161212285
400,1274,0.24331078430016836
400,1275,0.25462252646684647
400,1276,0.24501056969165802
400,1277,0.25300046304861706
400,1278,0.23672980815172195
400,1279,0.25073236723740894
400,1280,0.24988375852505365
400,1281,0.23846095303694406
400,1282,0.24612059940894446
400,1283,0.22658120344082514
400,1284,0.2536548649271329
400,1285,0.2590011383096377
400,1286,0.252494215965271
400,1287,0.28101321558157605
400,1288,0.2526407688856125
400,1289,0.2520034636060397
400,1290,0.2572254166007042
400,1291,0.23958371579647064
400,1292,0.24312167863051096
400,1293,0.2349593217174212
400,1294,0.23768090705076853
400,1295,0.22789734353621802
400,1296,0.2334367757042249
400,1297,0.25599727282921475
400,1298,0.2696707124511401
400,1299,0.26267628620068234
400,1300,0.2450437769293785
400,1301,0.25623823950688046
400,1302,0.24819505959749222
400,1303,0.26211853325366974
400,1304,0.25948505103588104
400,1305,0.2585403099656105
400,1306,0.2474506472547849
400,1307,0.25487428655227023
400,1308,0.25676331172386807
400,1309,0.2550688261787097
400,1310,0.2611039951443672
400,1311,0.23993285993734995
400,1312,0.23656575133403143
400,1313,0.2555255616704623
400,1314,0.22341632843017578
400,1315,0.25419897337754566
400,1316,0.2438898210724195
400,1317,0.2552745963136355
400,1318,0.25788835684458417
400,1319,0.2542979493737221
400,1320,0.2398163229227066
400,1321,0.24466454734404883
400,1322,0.2403828203678131
400,1323,0.27690312763055164
400,1324,0.23800481110811234
400,1325,0.24022705604632696
400,1326,0.24318973223368326
400,1327,0.2398755600055059
400,1328,0.2337613825996717
400,1329,0.24719822158416113
400,1330,0.2605779990553856
400,1331,0.24987384428580603
400,1332,0.2514769285917282
400,1333,0.23474599172671637
400,1334,0.24348455419143042
400,1335,0.2560793136556943
400,1336,0.2397602324684461
400,1337,0.24049167583386102
400,1338,0.24556816617647806
400,1339,0.24471993496020636
400,1340,0.23355746765931448
400,1341,0.26530764251947403
400,1342,0.22586452215909958
400,1343,0.24913045267264047
400,1344,0.24002173791329065
400,1345,0.23576297362645468
400,1346,0.23850813011328378
400,1347,0.24112923940022787
400,1348,0.23607893536488214
400,1349,0.2371166149775187
400,1350,0.2446141093969345
400,1351,0.24782118946313858
400,1352,0.22164075076580048
400,1353,0.2407443349560102
400,1354,0.25308970361948013
400,1355,0.234719417989254
400,1356,0.2311885729432106
400,1357,0.2578534111380577
400,1358,0.2431421751777331
400,1359,0.25161877522865933
400,1360,0.2623308524489403
400,1361,0.24339951078097025
400,1362,0.25656408568223316
400,1363,0.24777679393688837
400,1364,0.234266164402167
400,1365,0.25827932606140774
400,1366,0.2532144437233607
400,1367,0.2461141844590505
400,1368,0.24826282759507498
400,1369,0.2428105945388476
400,1370,0.25097814450661343
400,1371,0.2455508733789126
400,1372,0.23341321448485056
400,1373,0.24980346113443375
400,1374,0.2607244203488032
400,1375,0.25875122596820194
400,1376,0.23744991173346838
400,1377,0.2518407925963402
400,1378,0.234754612048467
400,1379,0.23177724331617355
400,1380,0.22763709475596747
400,1381,0.23632317036390305
400,1382,0.2499346137046814
400,1383,0.2517693092425664
400,1384,0.2394621248046557
400,1385,0.23009954392910004
400,1386,0.25840524087349576
400,1387,0.2444052149852117
400,1388,0.25279079626003903
400,1389,0.22997500250736871
400,1390,0.2438789630929629
400,1391,0.22958755989869437
400,1392,0.22211853663126627
400,1393,0.24089790135622025
400,1394,0.24298417319854101
400,1395,0.22916768739620844
400,1396,0.2283688560128212
400,1397,0.2353949025273323
400,1398,0.24779844284057617
400,1399,0.24051032215356827
400,1400,0.26270735015471774
400,1401,0.23443319400151572
400,1402,0.24818897992372513
400,1403,0.2434062957763672
400,1404,0.24612318724393845
400,1405,0.24734753370285034
400,1406,0.24106878290573755
400,1407,0.25521984448035556
400,1408,0.2590193450450897
400,1409,0.258637934923172
400,1410,0.25100429852803546
400,1411,0.2253025472164154
400,1412,0.24661501497030258
400,1413,0.24061677604913712
400,1414,0.25367999573548633
400,1415,0.2518925567468007
400,1416,0.24992945293585458
400,1417,0.23436435560385385
400,1418,0.24815731247266135
400,1419,0.23595061401526132
400,1420,0.24287936836481094
400,1421,0.25325702379147214
400,1422,0.23732867588599524
400,1423,0.21869844943284988
400,1424,0.2239797761042913
400,1425,0.2412069042523702
400,1426,0.24956478675206503
400,1427,0.25529977430899936
400,1428,0.23576978842417398
400,1429,0.24678766975800195
400,1430,0.22087417294581732
400,1431,0.2460952748854955
400,1432,0.23221446325381598
400,1433,0.23407793790102005
400,1434,0.23747832576433817
400,1435,0.22332751005887985
400,1436,0.21904410173495611
400,1437,0.25635844469070435
400,1438,0.24205034971237183
400,1439,0.2386190022031466
400,1440,0.23488341768582663
400,1441,0.2574157367149989
400,1442,0.2485222021738688
400,1443,0.22989621261755624
400,1444,0.24904411534468332
400,1445,0.2495232323805491
400,1446,0.24145037680864334
400,1447,0.25068799902995426
400,1448,0.24369517713785172
400,1449,0.25092558066050213
400,1450,0.24771727373202643
400,1451,0.24660806357860565
400,1452,0.22643270591894785
400,1453,0.22103070467710495
400,1454,0.2452541639407476
400,1455,0.23329715430736542
400,1456,0.24581097066402435
400,1457,0.2512733017404874
400,1458,0.23530254264672598
400,1459,0.22270559271176657
400,1460,0.24454872806866965
400,1461,0.22584633777538934
400,1462,0.24870478361845016
400,1463,0.23160400489966074
400,1464,0.23495224366585413
400,1465,0.2475436752041181
400,1466,0.2344848314921061
400,1467,0.2449694350361824
400,1468,0.23882178465525308
400,1469,0.24437523633241653
400,1470,0.2502843961119652
400,1471,0.2422690118352572
400,1472,0.23430938522020975
400,1473,0.2299038271109263
400,1474,0.24863726645708084
400,1475,0.22225001951058707
400,1476,0.2397636448343595
400,1477,0.24484683324893317
400,1478,0.23973925411701202
400,1479,0.24539384494225183
400,1480,0.2138457770148913
400,1481,0.22569491962591806
400,1482,0.2434855823715528
400,1483,0.2492391566435496
400,1484,0.226881705224514
400,1485,0.24502035230398178
400,1486,0.2421201914548874
400,1487,0.2535596738258998
400,1488,0.23995323230822882
400,1489,0.22423581779003143
400,1490,0.24925316125154495
400,1491,0.227063350379467
400,1492,0.23603756725788116
400,1493,0.2235192060470581
400,1494,0.23673285295565924
400,1495,0.23199456185102463
400,1496,0.23397082338730493
400,1497,0.22058535367250443
400,1498,0.23470556735992432
400,1499,0.2358452007174492
400,1500,0.2387368008494377
400,1501,0.24986532330513
400,1502,0.24124819537003836
400,1503,0.2564484973748525
400,1504,0.25844400624434155
400,1505,0.22692353775103888
400,1506,0.24148095895846686
400,1507,0.245887021223704
400,1508,0.23206713795661926
400,1509,0.2481842910250028
400,1510,0.23318653057018915
400,1511,0.2217745358745257
400,1512,0.24922840048869452
400,1513,0.2430585970481237
400,1514,0.24176834772030512
400,1515,0.23950390021006265
400,1516,0.24877134462197623
400,1517,0.23883237689733505
400,1518,0.25487661361694336
400,1519,0.2290826936562856
400,1520,0.23890883475542068
400,1521,0.23301819215218225
400,1522,0.23920554171005884
400,1523,0.2172311469912529
400,1524,0.22478868812322617
400,1525,0.22507169346014658
400,1526,0.2231218988696734
400,1527,0.23882455875476202
400,1528,0.23960611472527185
400,1529,0.22631598760684332
400,1530,0.22259544829527536
400,1531,0.24370427429676056
400,1532,0.25721293191115063
400,1533,0.2281380146741867
400,1534,0.2295275628566742
400,1535,0.23178870727618536
400,1536,0.24684389183918634
400,1537,0.24024337530136108
400,1538,0.22537286579608917
400,1539,0.23224982370932898
400,1540,0.23720449954271317
400,1541,0.24775695304075876
400,1542,0.23364279170831045
400,1543,0.23619117587804794
400,1544,0.22076530257860819
400,1545,0.2407176966468493
400,1546,0.23975366353988647
400,1547,0.2410441314180692
400,1548,0.24047273645798364
400,1549,0.22708568225304285
400,1550,0.24466878920793533
400,1551,0.24470256765683493
400,1552,0.23210830489794412
400,1553,0.22379600008328757
400,1554,0.2531687741478284
400,1555,0.2221428081393242
400,1556,0.22405495991309485
400,1557,0.25706488887468976
400,1558,0.22680659840504327
400,1559,0.24085439244906107
400,1560,0.23858624200026193
400,1561,0.24210672825574875
400,1562,0.2144743005434672
400,1563,0.23172186315059662
400,1564,0.2396110991636912
400,1565,0.2279593124985695
400,1566,0.25171923140684765
400,1567,0.2325188641746839
400,1568,0.24602342396974564
400,1569,0.23019886016845703
400,1570,0.22026446213324866
400,1571,0.2267049178481102
400,1572,0.23675272862116495
400,1573,0.22276143978039423
400,1574,0.2520834604899089
400,1575,0.23697724441687265
400,1576,0.2304975911974907
400,1577,0.24574856460094452
400,1578,0.24779228121042252
400,1579,0.22934244076410928
400,1580,0.245751291513443
400,1581,0.2587099273999532
400,1582,0.2382395640015602
400,1583,0.23025288184483847
400,1584,0.23547275364398956
400,1585,0.21049082279205322
400,1586,0.23889157424370447
400,1587,0.23820661008358002
400,1588,0.25458040088415146
400,1589,0.24275441219409308
400,1590,0.25267034272352856
400,1591,0.23910920321941376
400,1592,0.23470487942298254
400,1593,0.24406294276316962
400,1594,0.22674593577782312
400,1595,0.23395134756962457
400,1596,0.2290574461221695
400,1597,0.225394144654274
400,1598,0.24013819793860117
400,1599,0.2507382084925969
400,1600,0.2616198609272639
400,1601,0.23972617834806442
400,1602,0.23220892498890558
400,1603,0.2452168713013331
400,1604,0.22580709556738535
400,1605,0.23061101138591766
400,1606,0.21675421297550201
400,1607,0.2618299250801404
400,1608,0.24497887740532556
400,1609,0.23953441033760706
400,1610,0.2304049109419187
400,1611,0.22449056804180145
400,1612,0.24145860721667609
400,1613,0.23260642091433206
400,1614,0.2475905865430832
400,1615,0.22748244802157083
400,1616,0.21463880687952042
400,1617,0.22434442987044653
400,1618,0.22370644162098566
400,1619,0.2589114432533582
400,1620,0.24420544505119324
400,1621,0.2395456607143084
400,1622,0.23259837428728738
400,1623,0.2431582733988762
400,1624,0.23408520221710205
400,1625,0.23601070791482925
400,1626,0.23407533516486487
400,1627,0.23914368450641632
400,1628,0.24526277432839075
400,1629,0.23975191513697305
400,1630,0.22445951153834662
400,1631,0.22755693395932516
400,1632,0.24081922322511673
400,1633,0.2254207506775856
400,1634,0.2349876637260119
400,1635,0.23602435737848282
400,1636,0.2326292246580124
400,1637,0.23992886890967688
400,1638,0.25463775048653287
400,1639,0.2367977425456047
400,1640,0.21912627667188644
400,1641,0.22091035296519598
400,1642,0.22413605203231177
400,1643,0.19830235093832016
400,1644,0.21788451820611954
400,1645,0.22646010667085648
400,1646,0.23731034994125366
400,1647,0.23878503094116846
400,1648,0.2584485908349355
400,1649,0.23033074537913004
400,1650,0.22623184820016226
401,1,1.5520189603169758
401,2,1.0931125779946644
401,3,0.9586776693662008
401,4,0.8629720608393351
401,5,0.8656326134999593
401,6,0.7851297458012899
401,7,0.7118888398011526
401,8,0.728801836570104
401,9,0.7038580874602
401,10,0.7034736375013987
401,11,0.6677708129088084
401,12,0.6909855405489603
401,13,0.6491613487402598
401,14,0.6643313268820444
401,15,0.6389657159646353
401,16,0.6259656349817911
401,17,0.6193185448646545
401,18,0.6148670415083567
401,19,0.6123009026050568
401,20,0.6083059012889862
401,21,0.6277023454507192
401,22,0.6265464921792349
401,23,0.6220586697260538
401,24,0.6361954708894094
401,25,0.6125324368476868
401,26,0.5773388147354126
401,27,0.5815955400466919
401,28,0.5894039571285248
401,29,0.5746758729219437
401,30,0.5832632978757223
401,31,0.5807234346866608
401,32,0.5467429757118225
401,33,0.579769512017568
401,34,0.5874260564645132
401,35,0.5436207304398218
401,36,0.5259101986885071
401,37,0.5462485998868942
401,38,0.5410115569829941
401,39,0.5477584302425385
401,40,0.5524119685093561
401,41,0.5110364953676859
401,42,0.5321358988682429
401,43,0.5487697074810663
401,44,0.5411370942989985
401,45,0.5238228042920431
401,46,0.5349732041358948
401,47,0.515331303079923
401,48,0.5065775712331136
401,49,0.5169407427310944
401,50,0.5149058451255163
401,51,0.5337495555480322
401,52,0.5170425822337469
401,53,0.5103918959697088
401,54,0.5373582889636358
401,55,0.512382040421168
401,56,0.4845516433318456
401,57,0.5233233471711477
401,58,0.5116423418124517
401,59,0.5061025470495224
401,60,0.5044975578784943
401,61,0.5133936007817587
401,62,0.4851641108592351
401,63,0.5225959718227386
401,64,0.5025117645661036
401,65,0.49122222264607746
401,66,0.47787191967169446
401,67,0.4887213458617528
401,68,0.4823148250579834
401,69,0.4796576251586278
401,70,0.5149663587411245
401,71,0.46429095168908435
401,72,0.5103028813997904
401,73,0.49708669384320575
401,74,0.48887041707833606
401,75,0.47310727337996167
401,76,0.5037452727556229
401,77,0.49287798007329303
401,78,0.4656342764695485
401,79,0.4594611128171285
401,80,0.44664955139160156
401,81,0.4733460893233617
401,82,0.4889269024133682
401,83,0.4729494700829188
401,84,0.46643396218617755
401,85,0.5005277991294861
401,86,0.46919165551662445
401,87,0.4594397246837616
401,88,0.47129978736241657
401,89,0.4748458464940389
401,90,0.47159217298030853
401,91,0.4639151990413666
401,92,0.422891100247701
401,93,0.45813363790512085
401,94,0.4632694274187088
401,95,0.45792007942994434
401,96,0.4408862243096034
401,97,0.4584408054749171
401,98,0.45902078847090405
401,99,0.4528499096632004
401,100,0.46243688464164734
401,101,0.45599275827407837
401,102,0.4475388278563817
401,103,0.45268861452738446
401,104,0.4495827505985896
401,105,0.4457245171070099
401,106,0.43949027359485626
401,107,0.4683850159247716
401,108,0.4561372399330139
401,109,0.44316496948401135
401,110,0.44266189138094586
401,111,0.4631195118029912
401,112,0.4513332595427831
401,113,0.4657394488652547
401,114,0.4470657805601756
401,115,0.4136032660802205
401,116,0.46635053555170697
401,117,0.4599127769470215
401,118,0.4452321082353592
401,119,0.44238805770874023
401,120,0.4361279755830765
401,121,0.4490044564008713
401,122,0.4355758875608444
401,123,0.448948269089063
401,124,0.41295487185319263
401,125,0.43553605178991955
401,126,0.42844748000303906
401,127,0.44751086831092834
401,128,0.4329107105731964
401,129,0.42800669372081757
401,130,0.40311942001183826
401,131,0.44285955528418225
401,132,0.4208093583583832
401,133,0.4384823242823283
401,134,0.4484524925549825
401,135,0.3998495638370514
401,136,0.4309748907883962
401,137,0.4467962831258774
401,138,0.4110566973686218
401,139,0.42488715052604675
401,140,0.4296801785628001
401,141,0.4148537913958232
401,142,0.40042324364185333
401,143,0.42310693363348645
401,144,0.4188835471868515
401,145,0.416925107439359
401,146,0.43241407970587414
401,147,0.41089601318041485
401,148,0.4220048189163208
401,149,0.39714133739471436
401,150,0.39763467013835907
401,151,0.4068588564793269
401,152,0.4148332377274831
401,153,0.39736221234003705
401,154,0.38372506697972614
401,155,0.38961127400398254
401,156,0.413782278696696
401,157,0.4066653897364934
401,158,0.3914235482613246
401,159,0.3847888608773549
401,160,0.40606388449668884
401,161,0.43390074868996936
401,162,0.41509602467219037
401,163,0.41475916902224225
401,164,0.40824644764264423
401,165,0.42772291600704193
401,166,0.4285238782564799
401,167,0.4283471703529358
401,168,0.4115765045086543
401,169,0.4120983233054479
401,170,0.3964037001132965
401,171,0.4239938408136368
401,172,0.40778567890326184
401,173,0.40088412662347156
401,174,0.40519652764002484
401,175,0.42170290648937225
401,176,0.39314742386341095
401,177,0.4133108854293823
401,178,0.3891618251800537
401,179,0.39762523770332336
401,180,0.41987180213133496
401,181,0.40734416743119556
401,182,0.40734675029913586
401,183,0.417951504389445
401,184,0.44163115819295246
401,185,0.41822465260823566
401,186,0.411836897333463
401,187,0.41497521102428436
401,188,0.39983447392781574
401,189,0.38805387417475384
401,190,0.4364811380704244
401,191,0.39479583998521167
401,192,0.41762269536654156
401,193,0.41011975208918255
401,194,0.40503381689389545
401,195,0.3960761179526647
401,196,0.3873159239689509
401,197,0.4057854562997818
401,198,0.3920032779375712
401,199,0.4047488073507945
401,200,0.39142825702826184
401,201,0.370476558804512
401,202,0.3783475508292516
401,203,0.402832771341006
401,204,0.3942665457725525
401,205,0.3818865418434143
401,206,0.40953495105107623
401,207,0.4046620875597
401,208,0.40325874586900073
401,209,0.3521088759104411
401,210,0.4026752859354019
401,211,0.3904258708159129
401,212,0.4075051595767339
401,213,0.4037698407967885
401,214,0.3867282221714656
401,215,0.3986365149418513
401,216,0.3943714400132497
401,217,0.3977124293645223
401,218,0.38181670010089874
401,219,0.420577531059583
401,220,0.39500754078229267
401,221,0.3779493470986684
401,222,0.3808109958966573
401,223,0.3787120034297307
401,224,0.3813783178726832
401,225,0.38669636845588684
401,226,0.39054427047570545
401,227,0.42324110368887585
401,228,0.381018524368604
401,229,0.3845531990130742
401,230,0.3777376512686412
401,231,0.4075372815132141
401,232,0.37870314717292786
401,233,0.3882315705219905
401,234,0.3625887632369995
401,235,0.3658273716767629
401,236,0.3751184344291687
401,237,0.4021010597546895
401,238,0.37401826679706573
401,239,0.37091903885205585
401,240,0.36918580035368603
401,241,0.36230223377545673
401,242,0.3644835253556569
401,243,0.36240194241205853
401,244,0.3616911619901657
401,245,0.40502768754959106
401,246,0.3824879328409831
401,247,0.37553175290425617
401,248,0.37742769221464795
401,249,0.39642785986264545
401,250,0.35668834547201794
401,251,0.37796130776405334
401,252,0.36852768063545227
401,253,0.3709895859162013
401,254,0.3709984173377355
401,255,0.3952382504940033
401,256,0.3751448690891266
401,257,0.3781330982844035
401,258,0.38880084455013275
401,259,0.38016103704770404
401,260,0.39697912335395813
401,261,0.36503992478052777
401,262,0.3731016019980113
401,263,0.3638438731431961
401,264,0.36228721340497333
401,265,0.3805747975905736
401,266,0.37138799329598743
401,267,0.3799583514531453
401,268,0.3916942626237869
401,269,0.3660249759753545
401,270,0.37739679714043933
401,271,0.35709050794442493
401,272,0.3868522495031357
401,273,0.36976737280686695
401,274,0.3721149265766144
401,275,0.36770204703013104
401,276,0.36657628913720447
401,277,0.35748065014680225
401,278,0.36963223417599994
401,279,0.36451545854409534
401,280,0.34638090431690216
401,281,0.36800981561342877
401,282,0.3488208105166753
401,283,0.3731160710255305
401,284,0.36034637689590454
401,285,0.3762660523255666
401,286,0.36782747010389966
401,287,0.36549001932144165
401,288,0.3600059648354848
401,289,0.36940667033195496
401,290,0.38350046177705127
401,291,0.3809526562690735
401,292,0.38061651090780896
401,293,0.3435756117105484
401,294,0.36106249193350476
401,295,0.37065481146176654
401,296,0.37399818499883014
401,297,0.3685885618130366
401,298,0.3525804231564204
401,299,0.3430112997690837
401,300,0.3724793841441472
401,301,0.3563368320465088
401,302,0.3518843700488408
401,303,0.3704341898361842
401,304,0.35579854249954224
401,305,0.3505261391401291
401,306,0.3516279011964798
401,307,0.34715287884076435
401,308,0.3469310502211253
401,309,0.34385034441947937
401,310,0.3596218725045522
401,311,0.368395800391833
401,312,0.37202341854572296
401,313,0.36157045761744183
401,314,0.349637637535731
401,315,0.3637676139672597
401,316,0.37118082741896313
401,317,0.36448565125465393
401,318,0.36886795858542126
401,319,0.36543163160483044
401,320,0.3639988998572032
401,321,0.3568964550892512
401,322,0.3597116023302078
401,323,0.3452674299478531
401,324,0.3514101505279541
401,325,0.368598610162735
401,326,0.3559207220872243
401,327,0.3481830060482025
401,328,0.3417721837759018
401,329,0.3690640429655711
401,330,0.35051508744557697
401,331,0.34090567628542584
401,332,0.33311746021111804
401,333,0.3662737061580022
401,334,0.32695673902829486
401,335,0.3490128219127655
401,336,0.3416689882675807
401,337,0.33874349296092987
401,338,0.33650171756744385
401,339,0.3362377981344859
401,340,0.34123951693375904
401,341,0.3434742937485377
401,342,0.3386208961407344
401,343,0.34788674116134644
401,344,0.3500911245743434
401,345,0.35205426315466565
401,346,0.3635551830132802
401,347,0.3363589843114217
401,348,0.3355550169944763
401,349,0.33341216047604877
401,350,0.332506184776624
401,351,0.3399197409550349
401,352,0.35636475682258606
401,353,0.3229704002539317
401,354,0.34141768018404645
401,355,0.3432643214861552
401,356,0.33605823914210003
401,357,0.3241551121075948
401,358,0.37761780122915906
401,359,0.36280445257822674
401,360,0.3579265624284744
401,361,0.3732329308986664
401,362,0.35401977598667145
401,363,0.3370184600353241
401,364,0.3471660763025284
401,365,0.3565487066904704
401,366,0.36399562656879425
401,367,0.35988594094912213
401,368,0.3513618806997935
401,369,0.3383164554834366
401,370,0.34987974166870117
401,371,0.33998097479343414
401,372,0.3338124603033066
401,373,0.32875589032967883
401,374,0.3624275078376134
401,375,0.3430687040090561
401,376,0.3314022272825241
401,377,0.3490891059239705
401,378,0.3452348957459132
401,379,0.3411107709010442
401,380,0.32695624232292175
401,381,0.34904860456784564
401,382,0.36118629574775696
401,383,0.3370633174975713
401,384,0.3721007357041041
401,385,0.36322156091531116
401,386,0.32468317449092865
401,387,0.3460805465777715
401,388,0.35490377247333527
401,389,0.32368270556132
401,390,0.34181487063566846
401,391,0.35003087917963666
401,392,0.33539069692293805
401,393,0.35095662375291187
401,394,0.3259887496630351
401,395,0.33412203192710876
401,396,0.35650122662385303
401,397,0.35488516092300415
401,398,0.32783642907937366
401,399,0.3264877001444499
401,400,0.36569758752981824
401,401,0.3334200382232666
401,402,0.3400820891062419
401,403,0.3301924020051956
401,404,0.32861296832561493
401,405,0.34799004594484967
401,406,0.33509447673956555
401,407,0.34949494898319244
401,408,0.35263239840666455
401,409,0.34855663776397705
401,410,0.32287441690762836
401,411,0.3460044413805008
401,412,0.3417147199312846
401,413,0.35246214270591736
401,414,0.3412018269300461
401,415,0.3518780122200648
401,416,0.3350386470556259
401,417,0.3132202277580897
401,418,0.3337515890598297
401,419,0.33576949934164685
401,420,0.32847677171230316
401,421,0.33326896528402966
401,422,0.3400733123222987
401,423,0.3545290331045787
401,424,0.3314247876405716
401,425,0.3129398326079051
401,426,0.31487112243970233
401,427,0.3350868473450343
401,428,0.33815090854962665
401,429,0.3406817317008972
401,430,0.35021628936131793
401,431,0.3039295474688212
401,432,0.33819615840911865
401,433,0.3372546235720317
401,434,0.3424275716145833
401,435,0.33765854438145954
401,436,0.31840334832668304
401,437,0.34750740230083466
401,438,0.3329412539800008
401,439,0.32842472692330676
401,440,0.3158818582693736
401,441,0.3084852894147237
401,442,0.29891884326934814
401,443,0.33227146168549854
401,444,0.33952492475509644
401,445,0.3220842281977336
401,446,0.311591515938441
401,447,0.3423255532979965
401,448,0.3370940585931142
401,449,0.33496445914109546
401,450,0.3472163329521815
401,451,0.30781425535678864
401,452,0.30745940903822583
401,453,0.33134377002716064
401,454,0.31307163337866467
401,455,0.31560511390368146
401,456,0.34917277097702026
401,457,0.33811787764231366
401,458,0.33065087099870044
401,459,0.32236820956071216
401,460,0.3481595714886983
401,461,0.3279391477505366
401,462,0.32441985607147217
401,463,0.32681313653786975
401,464,0.32838210463523865
401,465,0.32378600537776947
401,466,0.31348494191964466
401,467,0.3458184798558553
401,468,0.3193729172150294
401,469,0.32390235364437103
401,470,0.31363028784592945
401,471,0.3176894287268321
401,472,0.30041178067525226
401,473,0.32834478219350177
401,474,0.29415929565827054
401,475,0.3137662361065547
401,476,0.3241040011246999
401,477,0.32850859065850574
401,478,0.3352859566609065
401,479,0.3251972695191701
401,480,0.30178233484427136
401,481,0.3244948387145996
401,482,0.32775697112083435
401,483,0.32929665346940357
401,484,0.3160355935494105
401,485,0.30015183985233307
401,486,0.34651272495587665
401,487,0.31056007742881775
401,488,0.33954251805941266
401,489,0.30054498215516406
401,490,0.31399813791116077
401,491,0.31830834845701855
401,492,0.33351877828439075
401,493,0.31163934369881946
401,494,0.3235723574956258
401,495,0.31594187021255493
401,496,0.3197440654039383
401,497,0.33272506296634674
401,498,0.33219900727272034
401,499,0.3041247973839442
401,500,0.34179432193438214
401,501,0.3269303689400355
401,502,0.3214491109053294
401,503,0.2981305569410324
401,504,0.320480078458786
401,505,0.30233999093373615
401,506,0.3337690085172653
401,507,0.3163243879874547
401,508,0.31810610989729565
401,509,0.325647513071696
401,510,0.3267385909954707
401,511,0.3111852357784907
401,512,0.3210773120323817
401,513,0.3032687207063039
401,514,0.329039325316747
401,515,0.32528968155384064
401,516,0.32906681299209595
401,517,0.33245496948560077
401,518,0.3321305364370346
401,519,0.3094987670580546
401,520,0.3167197008927663
401,521,0.3255063941081365
401,522,0.3147599796454112
401,523,0.3227001627286275
401,524,0.318881889184316
401,525,0.3243675132592519
401,526,0.3055773973464966
401,527,0.29555046061674756
401,528,0.31287921965122223
401,529,0.32291705906391144
401,530,0.32814641793568927
401,531,0.33037250737349194
401,532,0.3357854386170705
401,533,0.3222526063521703
401,534,0.3216488113005956
401,535,0.3225712577501933
401,536,0.3262367993593216
401,537,0.2902258386214574
401,538,0.32687558730443317
401,539,0.3138089080651601
401,540,0.31393709778785706
401,541,0.31222914159297943
401,542,0.31978339950243634
401,543,0.3257372627655665
401,544,0.29207823673884076
401,545,0.2968442738056183
401,546,0.3055268923441569
401,547,0.31580066680908203
401,548,0.3304853638013204
401,549,0.3008786340554555
401,550,0.30956999957561493
401,551,0.31388167043526966
401,552,0.2970302253961563
401,553,0.32669904828071594
401,554,0.3307420214017232
401,555,0.3367401361465454
401,556,0.3044748802979787
401,557,0.3049313972393672
401,558,0.3069208065668742
401,559,0.2967695395151774
401,560,0.3054577559232712
401,561,0.3188553800185521
401,562,0.3268202990293503
401,563,0.31027459104855853
401,564,0.30994567771752674
401,565,0.30043841898441315
401,566,0.31229611734549206
401,567,0.2968902637561162
401,568,0.32365430891513824
401,569,0.33793451885382336
401,570,0.33576056361198425
401,571,0.31229271988073987
401,572,0.3083486557006836
401,573,0.3041042859355609
401,574,0.2975640594959259
401,575,0.3086852530638377
401,576,0.2956682542959849
401,577,0.29470620055993396
401,578,0.3116711378097534
401,579,0.32262301445007324
401,580,0.2975401480992635
401,581,0.3110898981491725
401,582,0.30672342081864673
401,583,0.314494530359904
401,584,0.3012666453917821
401,585,0.30164264639218646
401,586,0.3082359731197357
401,587,0.2894652287165324
401,588,0.31852346162001294
401,589,0.32879477739334106
401,590,0.30080769459406537
401,591,0.3024977793296178
401,592,0.283224880695343
401,593,0.31921503444512683
401,594,0.33581893146038055
401,595,0.31006087362766266
401,596,0.32535091539223987
401,597,0.29270505408445996
401,598,0.3291373352209727
401,599,0.2813088297843933
401,600,0.30158152679602307
401,601,0.2852978507677714
401,602,0.2826392700274785
401,603,0.2990453193585078
401,604,0.31113071242968243
401,605,0.2960873271028201
401,606,0.29483382900555927
401,607,0.31152836978435516
401,608,0.3057042360305786
401,609,0.32644352813561756
401,610,0.29334768156210583
401,611,0.32312049468358356
401,612,0.3012174268563588
401,613,0.2859796956181526
401,614,0.29303067922592163
401,615,0.3138631780942281
401,616,0.32185277342796326
401,617,0.2911890149116516
401,618,0.29444687565167743
401,619,0.2799639205137889
401,620,0.3210279146830241
401,621,0.30908144017060596
401,622,0.32607167959213257
401,623,0.3020775765180588
401,624,0.29800314207871753
401,625,0.323056032260259
401,626,0.28608734905719757
401,627,0.31583139797051746
401,628,0.30323155721028644
401,629,0.2979702601830165
401,630,0.2904359499613444
401,631,0.297839234272639
401,632,0.30872713526089984
401,633,0.31547656158606213
401,634,0.2937486420075099
401,635,0.31012708445390064
401,636,0.3052458216746648
401,637,0.30465546747048694
401,638,0.30321410795052844
401,639,0.2993226647377014
401,640,0.28156756858030957
401,641,0.31021711230278015
401,642,0.30378401279449463
401,643,0.2761945128440857
401,644,0.30202319224675495
401,645,0.30420681834220886
401,646,0.2964683224757512
401,647,0.2988543063402176
401,648,0.29381943742434186
401,649,0.28153738876183826
401,650,0.2982384264469147
401,651,0.29679683844248456
401,652,0.29713378846645355
401,653,0.29263316094875336
401,654,0.29847344756126404
401,655,0.28943931063016254
401,656,0.30407022684812546
401,657,0.2915907601515452
401,658,0.2993718485037486
401,659,0.2936839908361435
401,660,0.3165931801001231
401,661,0.30990539491176605
401,662,0.29723333070675534
401,663,0.27459698418776196
401,664,0.29857884844144184
401,665,0.2906041741371155
401,666,0.3031563311815262
401,667,0.30235860248406726
401,668,0.3037661711374919
401,669,0.287101869781812
401,670,0.30001668632030487
401,671,0.2885717377066612
401,672,0.29831991344690323
401,673,0.2994578729073207
401,674,0.2935548226038615
401,675,0.28457605838775635
401,676,0.3063751707474391
401,677,0.29253314435482025
401,678,0.29694297164678574
401,679,0.2889915257692337
401,680,0.3091476807991664
401,681,0.3014492839574814
401,682,0.3017360121011734
401,683,0.28678618868192035
401,684,0.2979489167531331
401,685,0.30462947984536487
401,686,0.28849118451277417
401,687,0.2894853701194127
401,688,0.26317967226107913
401,689,0.29324885209401447
401,690,0.28442901372909546
401,691,0.2808903555075328
401,692,0.2727007766564687
401,693,0.29241442680358887
401,694,0.28371351460615796
401,695,0.3020760864019394
401,696,0.2969235231479009
401,697,0.2883283992608388
401,698,0.2765076259771983
401,699,0.3010840018590291
401,700,0.3185657362143199
401,701,0.3023083160320918
401,702,0.29662348826726276
401,703,0.30842621624469757
401,704,0.2858033428589503
401,705,0.2741927007834117
401,706,0.28001507620016736
401,707,0.28778040409088135
401,708,0.2976531038681666
401,709,0.29270365337530774
401,710,0.2954043820500374
401,711,0.3010524759689967
401,712,0.2855260297656059
401,713,0.32418601711591083
401,714,0.28697968026002246
401,715,0.30134231348832446
401,716,0.301347757379214
401,717,0.28386438141266507
401,718,0.28777580459912616
401,719,0.29823320110638935
401,720,0.2918003996213277
401,721,0.28560196111599606
401,722,0.28500692049662274
401,723,0.28778256227572757
401,724,0.2764955759048462
401,725,0.2864258388678233
401,726,0.2890937974055608
401,727,0.2829742580652237
401,728,0.2964657048384349
401,729,0.30300260086854297
401,730,0.2927506019671758
401,731,0.3120063990354538
401,732,0.30164581040541333
401,733,0.28224223107099533
401,734,0.2901313205560048
401,735,0.2726566319664319
401,736,0.2892683843771617
401,737,0.28067154934008914
401,738,0.2922106782595317
401,739,0.290770024061203
401,740,0.3053453018267949
401,741,0.2830244501431783
401,742,0.309759517510732
401,743,0.2766232093175252
401,744,0.29733482499917346
401,745,0.2813650071620941
401,746,0.2724887430667877
401,747,0.28786448140939075
401,748,0.30046723783016205
401,749,0.30497246980667114
401,750,0.2991742044687271
401,751,0.2915609727303187
401,752,0.2940068244934082
401,753,0.3001263290643692
401,754,0.27258389443159103
401,755,0.2768724163373311
401,756,0.29001424709955853
401,757,0.2663322215278943
401,758,0.28261832396189374
401,759,0.2818118284145991
401,760,0.28252797822157544
401,761,0.2981993705034256
401,762,0.2725004057089488
401,763,0.2808842311302821
401,764,0.3154987096786499
401,765,0.29258374869823456
401,766,0.2729708676536878
401,767,0.283049354950587
401,768,0.28237199038267136
401,769,0.2822407931089401
401,770,0.301282895108064
401,771,0.2844041933616002
401,772,0.29013073941071826
401,773,0.29881731669108075
401,774,0.271776723364989
401,775,0.2938024749358495
401,776,0.2759590844313304
401,777,0.2785346160332362
401,778,0.309986670811971
401,779,0.30869442721207935
401,780,0.28003787746032077
401,781,0.26817231873671216
401,782,0.28980522602796555
401,783,0.2907540003458659
401,784,0.2993415246407191
401,785,0.30329590539137524
401,786,0.29963157574335736
401,787,0.2643987039724986
401,788,0.2878241091966629
401,789,0.2927133043607076
401,790,0.26936477422714233
401,791,0.3006055106719335
401,792,0.2746585085988045
401,793,0.2827851151426633
401,794,0.28751341501871747
401,795,0.31572533150513965
401,796,0.28068968653678894
401,797,0.26373768349488574
401,798,0.2693357765674591
401,799,0.2730739588538806
401,800,0.278888501226902
401,801,0.28268053630987805
401,802,0.27893465509017307
401,803,0.2794852505127589
401,804,0.294363409280777
401,805,0.28138217329978943
401,806,0.2988673150539398
401,807,0.27418122440576553
401,808,0.26890327284733456
401,809,0.27131516734759015
401,810,0.2865759755174319
401,811,0.29551831384499866
401,812,0.29794656733671826
401,813,0.29588592052459717
401,814,0.2874693423509598
401,815,0.2889375438292821
401,816,0.280330128967762
401,817,0.28978773951530457
401,818,0.28154684354861576
401,819,0.28379156688849133
401,820,0.27458755671977997
401,821,0.27197273820638657
401,822,0.26376652469237644
401,823,0.2709882656733195
401,824,0.2709289640188217
401,825,0.28299350539843243
401,826,0.26877615104118985
401,827,0.27061205357313156
401,828,0.3005209763844808
401,829,0.2957683304945628
401,830,0.2723674724499385
401,831,0.29444025456905365
401,832,0.26218029111623764
401,833,0.3000110338131587
401,834,0.2506748040517171
401,835,0.2680935288468997
401,836,0.28224976112445194
401,837,0.27956533928712207
401,838,0.26955828070640564
401,839,0.2720600912968318
401,840,0.27526795864105225
401,841,0.2909537653128306
401,842,0.2869476576646169
401,843,0.2820032735665639
401,844,0.28060123572746914
401,845,0.2580067416032155
401,846,0.27339593569437665
401,847,0.2819255938132604
401,848,0.2804004152615865
401,849,0.29285745819409686
401,850,0.2909824252128601
401,851,0.27264663577079773
401,852,0.28462150196234387
401,853,0.2775650968154271
401,854,0.28730179866154987
401,855,0.2802215094367663
401,856,0.28371279935042065
401,857,0.2933088093996048
401,858,0.25502558300892514
401,859,0.2620595519741376
401,860,0.28172310690085095
401,861,0.26370316992203396
401,862,0.2880523403485616
401,863,0.26328373948733014
401,864,0.2879604200522105
401,865,0.2873724450667699
401,866,0.27144331981738407
401,867,0.2744671180844307
401,868,0.2778715714812279
401,869,0.27964875598748523
401,870,0.2717202305793762
401,871,0.2662578771511714
401,872,0.2734307621916135
401,873,0.26066190501054126
401,874,0.2674220899740855
401,875,0.25203188757101697
401,876,0.28545724352200824
401,877,0.2971729387839635
401,878,0.28335068623224896
401,879,0.2670562316974004
401,880,0.2798128128051758
401,881,0.29348890483379364
401,882,0.3041352579991023
401,883,0.2808217902978261
401,884,0.2526080807050069
401,885,0.26961759726206463
401,886,0.2771785631775856
401,887,0.28335652748743695
401,888,0.27532582481702167
401,889,0.2782348444064458
401,890,0.28441161165634793
401,891,0.30481530477603275
401,892,0.2778343011935552
401,893,0.283531720439593
401,894,0.26474571973085403
401,895,0.27469026545683545
401,896,0.28743282953898114
401,897,0.2762925674517949
401,898,0.2763749112685521
401,899,0.27527554084857303
401,900,0.26844287663698196
401,901,0.2689107209444046
401,902,0.27587201694647473
401,903,0.2734633535146713
401,904,0.2990977515776952
401,905,0.27739619215329486
401,906,0.27576272189617157
401,907,0.26324491451183957
401,908,0.2903000960747401
401,909,0.25848295042912167
401,910,0.28496456146240234
401,911,0.26433224479357403
401,912,0.29904307425022125
401,913,0.2712330147624016
401,914,0.2666153411070506
401,915,0.2688481609026591
401,916,0.2586023310820262
401,917,0.2616971656680107
401,918,0.26435845841964084
401,919,0.26877471307913464
401,920,0.27694159746170044
401,921,0.2696328784028689
401,922,0.26231467723846436
401,923,0.2770991524060567
401,924,0.24930847684542337
401,925,0.2585342427094777
401,926,0.27321194112300873
401,927,0.27467141052087146
401,928,0.2765970826148987
401,929,0.2564495876431465
401,930,0.2654427910844485
401,931,0.2715533475081126
401,932,0.274277629951636
401,933,0.2722308759888013
401,934,0.2727125436067581
401,935,0.2858336418867111
401,936,0.2891121457020442
401,937,0.29779892166455585
401,938,0.2862436771392822
401,939,0.28861350814501446
401,940,0.28154492874940235
401,941,0.2592715844511986
401,942,0.2710808937748273
401,943,0.2841167648633321
401,944,0.27124544729789096
401,945,0.26099564631779987
401,946,0.28701308866341907
401,947,0.2758263076345126
401,948,0.26754984507958096
401,949,0.2905522088209788
401,950,0.2601589287320773
401,951,0.28392626345157623
401,952,0.27358832707007724
401,953,0.3035219411055247
401,954,0.27109161267677945
401,955,0.2811095118522644
401,956,0.2707453593611717
401,957,0.2653190592924754
401,958,0.26959871252377826
401,959,0.26237037281195325
401,960,0.2571847140789032
401,961,0.28080149243275326
401,962,0.25805537899335224
401,963,0.28452102094888687
401,964,0.2671728457013766
401,965,0.27421870330969494
401,966,0.29063751300175983
401,967,0.29110943774382275
401,968,0.28569462398688
401,969,0.2622724299629529
401,970,0.25282080223162967
401,971,0.26271352420250577
401,972,0.26040244350830716
401,973,0.2634287004669507
401,974,0.2423256660501162
401,975,0.26310721039772034
401,976,0.2823828359444936
401,977,0.2651967331767082
401,978,0.27087684720754623
401,979,0.27237410098314285
401,980,0.2684713552395503
401,981,0.27055464684963226
401,982,0.2552573209007581
401,983,0.2704653814435005
401,984,0.27598723272482556
401,985,0.2748725811640422
401,986,0.2611127719283104
401,987,0.28131986657778424
401,988,0.26652103165785473
401,989,0.2765428423881531
401,990,0.2719328701496124
401,991,0.27818511178096134
401,992,0.2790081848700841
401,993,0.2500532269477844
401,994,0.27432989577452344
401,995,0.2836066906650861
401,996,0.2599952618281047
401,997,0.2692983075976372
401,998,0.273192731042703
401,999,0.27598825593789417
401,1000,0.26182084530591965
401,1001,0.2800210515658061
401,1002,0.27245862036943436
401,1003,0.27275528262058896
401,1004,0.28013335168361664
401,1005,0.26797785609960556
401,1006,0.2866085271040599
401,1007,0.2641984547177951
401,1008,0.26897791773080826
401,1009,0.2783592939376831
401,1010,0.27936430275440216
401,1011,0.26718050241470337
401,1012,0.26207181562980014
401,1013,0.27262088656425476
401,1014,0.26226037989060086
401,1015,0.2809347112973531
401,1016,0.2811292385061582
401,1017,0.276342233022054
401,1018,0.23879663894573847
401,1019,0.27769024670124054
401,1020,0.2785994311173757
401,1021,0.26000721007585526
401,1022,0.26444792995850247
401,1023,0.2594975804289182
401,1024,0.27104539424180984
401,1025,0.2652593677242597
401,1026,0.2630824993054072
401,1027,0.24627484381198883
401,1028,0.2773901994029681
401,1029,0.2663050939639409
401,1030,0.2744234974185626
401,1031,0.2634497582912445
401,1032,0.2772982120513916
401,1033,0.25597308327754337
401,1034,0.25240397701660794
401,1035,0.24088219304879507
401,1036,0.25540540119012195
401,1037,0.26473771532376605
401,1038,0.265916645526886
401,1039,0.2853704293568929
401,1040,0.28051209449768066
401,1041,0.28508874277273816
401,1042,0.27616269886493683
401,1043,0.2860557585954666
401,1044,0.2660725836952527
401,1045,0.26438433428605396
401,1046,0.2539142792423566
401,1047,0.2613350823521614
401,1048,0.2607408861319224
401,1049,0.2537169282635053
401,1050,0.2667939563592275
401,1051,0.24444653590520224
401,1052,0.255073922375838
401,1053,0.2675354679425557
401,1054,0.2821456591288249
401,1055,0.2636066923538844
401,1056,0.2688506171107292
401,1057,0.2531630719701449
401,1058,0.2593733121951421
401,1059,0.2660466507077217
401,1060,0.25757452845573425
401,1061,0.2589699725310008
401,1062,0.2597869982322057
401,1063,0.26278561850388843
401,1064,0.2620597134033839
401,1065,0.27178531636794406
401,1066,0.27777854601542157
401,1067,0.25751788665850955
401,1068,0.2565080945690473
401,1069,0.2418791726231575
401,1070,0.27065861721833545
401,1071,0.25553658852974576
401,1072,0.2647762546936671
401,1073,0.2720942323406537
401,1074,0.2564304818709691
401,1075,0.2838086485862732
401,1076,0.25488774726788205
401,1077,0.2566421528657277
401,1078,0.2435744951168696
401,1079,0.277693231900533
401,1080,0.2581056182583173
401,1081,0.25645772864421207
401,1082,0.26043826589981717
401,1083,0.254409318168958
401,1084,0.2773581345876058
401,1085,0.2675672496358554
401,1086,0.2511388460795085
401,1087,0.2514614736040433
401,1088,0.24669160942236582
401,1089,0.2649942214290301
401,1090,0.26275936514139175
401,1091,0.26207128415505093
401,1092,0.2970855037371318
401,1093,0.282156507174174
401,1094,0.2617003346482913
401,1095,0.24660489956537882
401,1096,0.25610968222220737
401,1097,0.2680760845541954
401,1098,0.25403276830911636
401,1099,0.2622019698222478
401,1100,0.2732435042659442
401,1101,0.2623447428146998
401,1102,0.26077254861593246
401,1103,0.2558077722787857
401,1104,0.26679983486731845
401,1105,0.2615216126044591
401,1106,0.24362742652495703
401,1107,0.255888265868028
401,1108,0.24504786729812622
401,1109,0.25884924332300824
401,1110,0.2670106217265129
401,1111,0.25119784226020175
401,1112,0.26365989943345386
401,1113,0.26970238983631134
401,1114,0.2538377915819486
401,1115,0.2658396288752556
401,1116,0.2679872264464696
401,1117,0.278393213947614
401,1118,0.25265200932820636
401,1119,0.2540282184878985
401,1120,0.25752390921115875
401,1121,0.26262522488832474
401,1122,0.2472937355438868
401,1123,0.25950614362955093
401,1124,0.26604186991850537
401,1125,0.2642017925779025
401,1126,0.2602575620015462
401,1127,0.262516828874747
401,1128,0.2650950600703557
401,1129,0.2577861249446869
401,1130,0.27137180666128796
401,1131,0.2546688492099444
401,1132,0.25370317945877713
401,1133,0.286487452685833
401,1134,0.26278266807397205
401,1135,0.2634056309858958
401,1136,0.2576391821106275
401,1137,0.2519318163394928
401,1138,0.24224158624807993
401,1139,0.2449787681301435
401,1140,0.25328953315814334
401,1141,0.25353629390398663
401,1142,0.25087424616018933
401,1143,0.24755901346604028
401,1144,0.2629275744160016
401,1145,0.2473883554339409
401,1146,0.26919522136449814
401,1147,0.2533136457204819
401,1148,0.27324526011943817
401,1149,0.25677065799633664
401,1150,0.26537471016248065
401,1151,0.2661438633998235
401,1152,0.267643503844738
401,1153,0.26592497775952023
401,1154,0.26153329014778137
401,1155,0.2629909540216128
401,1156,0.25513188789288205
401,1157,0.26270101219415665
401,1158,0.2701958144704501
401,1159,0.26827021688222885
401,1160,0.25848422447840375
401,1161,0.25019953151543933
401,1162,0.26789896686871845
401,1163,0.23296726991732916
401,1164,0.27138371765613556
401,1165,0.24471450597047806
401,1166,0.24442324042320251
401,1167,0.2761464864015579
401,1168,0.2554846704006195
401,1169,0.26558345556259155
401,1170,0.24810356150070825
401,1171,0.25631621728340787
401,1172,0.23733994861443838
401,1173,0.25289057443539303
401,1174,0.2621847093105316
401,1175,0.25290557245413464
401,1176,0.23820262650648752
401,1177,0.25954580555359524
401,1178,0.27973999579747516
401,1179,0.2539014170567195
401,1180,0.2541450709104538
401,1181,0.2626206651329994
401,1182,0.2594214379787445
401,1183,0.25902361422777176
401,1184,0.2627500568826993
401,1185,0.27441443254550296
401,1186,0.27439719686905545
401,1187,0.2572672615448634
401,1188,0.2436235969265302
401,1189,0.25901370247205097
401,1190,0.2514439597725868
401,1191,0.27614391843477887
401,1192,0.2548444817463557
401,1193,0.2696575199564298
401,1194,0.2544456919034322
401,1195,0.2400323748588562
401,1196,0.2622702767451604
401,1197,0.2554653733968735
401,1198,0.27223341166973114
401,1199,0.2745504230260849
401,1200,0.26759111881256104
401,1201,0.2425343543291092
401,1202,0.26406027128299076
401,1203,0.27313533425331116
401,1204,0.269453302025795
401,1205,0.2566112031539281
401,1206,0.2585152139266332
401,1207,0.24997253467639288
401,1208,0.2460656240582466
401,1209,0.26422688364982605
401,1210,0.23570767045021057
401,1211,0.24481685211261114
401,1212,0.23096121350924173
401,1213,0.27174213031927746
401,1214,0.2590641553203265
401,1215,0.2770356635252635
401,1216,0.24436733374993005
401,1217,0.22887083639701208
401,1218,0.2385872875650724
401,1219,0.25349008043607074
401,1220,0.2500388100743294
401,1221,0.24248302479585013
401,1222,0.2631411130229632
401,1223,0.25758182009061176
401,1224,0.2654578735431035
401,1225,0.24811108162005743
401,1226,0.25402013460795086
401,1227,0.2364040066798528
401,1228,0.2753740946451823
401,1229,0.2692713588476181
401,1230,0.2578327755133311
401,1231,0.2438648914297422
401,1232,0.24698698023955026
401,1233,0.2478612686196963
401,1234,0.2716194788614909
401,1235,0.25356679161389667
401,1236,0.2665929893652598
401,1237,0.2791624367237091
401,1238,0.25757671395937604
401,1239,0.25662239889303845
401,1240,0.25705285370349884
401,1241,0.256080058713754
401,1242,0.24385319650173187
401,1243,0.23724912852048874
401,1244,0.26510006686051685
401,1245,0.24520953744649887
401,1246,0.236790565152963
401,1247,0.2536001180609067
401,1248,0.22883406281471252
401,1249,0.24092632780472437
401,1250,0.24282925575971603
401,1251,0.2497323378920555
401,1252,0.2555934836467107
401,1253,0.2507633815209071
401,1254,0.26353613783915836
401,1255,0.23650801430145899
401,1256,0.24753179649511972
401,1257,0.2696315844853719
401,1258,0.2486207733551661
401,1259,0.24142872293790182
401,1260,0.23420239239931107
401,1261,0.2486917773882548
401,1262,0.26704933991034824
401,1263,0.24925109247366586
401,1264,0.25159120559692383
401,1265,0.27230476091305417
401,1266,0.24001935869455338
401,1267,0.24820349365472794
401,1268,0.23793001472949982
401,1269,0.2504623830318451
401,1270,0.2635693723956744
401,1271,0.24869632224241892
401,1272,0.2729867249727249
401,1273,0.2646630232532819
401,1274,0.2640809938311577
401,1275,0.2606533368428548
401,1276,0.26110639174779254
401,1277,0.2604682892560959
401,1278,0.2634617015719414
401,1279,0.25513483832279843
401,1280,0.2645357698202133
401,1281,0.2550189023216565
401,1282,0.2443283125758171
401,1283,0.24066286037365595
401,1284,0.2403651550412178
401,1285,0.2382800355553627
401,1286,0.25325168669223785
401,1287,0.2610661908984184
401,1288,0.2534993241230647
401,1289,0.24626905471086502
401,1290,0.2312865580121676
401,1291,0.24717952559391657
401,1292,0.25023708244164783
401,1293,0.23417291790246964
401,1294,0.23810506612062454
401,1295,0.266486719250679
401,1296,0.24695197741190592
401,1297,0.24880691369374594
401,1298,0.2496561954418818
401,1299,0.24645192921161652
401,1300,0.2580780138572057
401,1301,0.2513589908679326
401,1302,0.24757598837216696
401,1303,0.2613190362850825
401,1304,0.25330235560735065
401,1305,0.2545064811905225
401,1306,0.2504582504431407
401,1307,0.23679989576339722
401,1308,0.2478964701294899
401,1309,0.22761346151431402
401,1310,0.23895767331123352
401,1311,0.26839116712411243
401,1312,0.25379805266857147
401,1313,0.2593594392140706
401,1314,0.2626642684141795
401,1315,0.2725798413157463
401,1316,0.23677551249663034
401,1317,0.25916581600904465
401,1318,0.24947254608074823
401,1319,0.23442703982194266
401,1320,0.25544877350330353
401,1321,0.26750992735226947
401,1322,0.25561102231343585
401,1323,0.2697340101003647
401,1324,0.23704525083303452
401,1325,0.23989687860012054
401,1326,0.2447653835018476
401,1327,0.23655262092749277
401,1328,0.2588808784882228
401,1329,0.2748144045472145
401,1330,0.2432464137673378
401,1331,0.24023906389872232
401,1332,0.2515919456879298
401,1333,0.24409286181131998
401,1334,0.24440301954746246
401,1335,0.2432246431708336
401,1336,0.25463173041741055
401,1337,0.2690030162533124
401,1338,0.2334043433268865
401,1339,0.25777988880872726
401,1340,0.23715796818335852
401,1341,0.24072330196698508
401,1342,0.2482003519932429
401,1343,0.2542288402716319
401,1344,0.24006508042414984
401,1345,0.2593500042955081
401,1346,0.276945228377978
401,1347,0.2575209513306618
401,1348,0.2566772401332855
401,1349,0.23345409830411276
401,1350,0.2398192137479782
401,1351,0.24440412471691766
401,1352,0.24759397407372793
401,1353,0.245221974949042
401,1354,0.24373088280359903
401,1355,0.2586632619301478
401,1356,0.24325904746850333
401,1357,0.2344669649998347
401,1358,0.24060325821240744
401,1359,0.22730886936187744
401,1360,0.2520228947202365
401,1361,0.2450405185421308
401,1362,0.2189493402838707
401,1363,0.25319373110930127
401,1364,0.23993916312853494
401,1365,0.2596106355388959
401,1366,0.23369820415973663
401,1367,0.2440651630361875
401,1368,0.23832841962575912
401,1369,0.22048132618268332
401,1370,0.24446072181065878
401,1371,0.24619791160027185
401,1372,0.2481254463394483
401,1373,0.24792079627513885
401,1374,0.26430149376392365
401,1375,0.2391446754336357
401,1376,0.24938217053810754
401,1377,0.23462638507286707
401,1378,0.23226938396692276
401,1379,0.23133687923351923
401,1380,0.24637317409118017
401,1381,0.24605769415696463
401,1382,0.25139043976863223
401,1383,0.23579748223225275
401,1384,0.25856857746839523
401,1385,0.24591181923945746
401,1386,0.2534904604156812
401,1387,0.25503748406966525
401,1388,0.23635471363862356
401,1389,0.2358640506863594
401,1390,0.25413496792316437
401,1391,0.2462588995695114
401,1392,0.22370503346125284
401,1393,0.24835059543450674
401,1394,0.25077711542447406
401,1395,0.2234516441822052
401,1396,0.24121755361557007
401,1397,0.24486996978521347
401,1398,0.2615911786754926
401,1399,0.23805351555347443
401,1400,0.23954355716705322
401,1401,0.24758692582448324
401,1402,0.24524091680844626
401,1403,0.25858230392138165
401,1404,0.2579879090189934
401,1405,0.23605138311783472
401,1406,0.24235442280769348
401,1407,0.23637266953786215
401,1408,0.22344602147738138
401,1409,0.24342610935370126
401,1410,0.24652668833732605
401,1411,0.24512623498837152
401,1412,0.23379671821991602
401,1413,0.26059231410423916
401,1414,0.2471653843919436
401,1415,0.2398062770565351
401,1416,0.22341759751240411
401,1417,0.2215007891257604
401,1418,0.2213157837589582
401,1419,0.23297936220963797
401,1420,0.2552548150221507
401,1421,0.2661745275060336
401,1422,0.2261099045475324
401,1423,0.24746054659287134
401,1424,0.24021615087985992
401,1425,0.2228805273771286
401,1426,0.24249182641506195
401,1427,0.2335507944226265
401,1428,0.2244947055975596
401,1429,0.22691570967435837
401,1430,0.2310311198234558
401,1431,0.23554481069246927
401,1432,0.23894128948450089
401,1433,0.2420793150862058
401,1434,0.24374371270338693
401,1435,0.2780413677295049
401,1436,0.23721801241238913
401,1437,0.24712098886569342
401,1438,0.2514633412162463
401,1439,0.23508204768101373
401,1440,0.2307153344154358
401,1441,0.226969912648201
401,1442,0.24892093489567438
401,1443,0.22744361062844595
401,1444,0.2299620434641838
401,1445,0.23092957586050034
401,1446,0.2165041615565618
401,1447,0.23314184695482254
401,1448,0.22958463182051977
401,1449,0.2619011749823888
401,1450,0.2444447080294291
401,1451,0.257040540377299
401,1452,0.2443683942159017
401,1453,0.24740473926067352
401,1454,0.22266367822885513
401,1455,0.2289992148677508
401,1456,0.25019197165966034
401,1457,0.2328531170884768
401,1458,0.24132146934668222
401,1459,0.25054282943407696
401,1460,0.23429458091656366
401,1461,0.2471752961476644
401,1462,0.2384612262248993
401,1463,0.24979584415753683
401,1464,0.23101882139841715
401,1465,0.2508004580934842
401,1466,0.24909460296233496
401,1467,0.2525603075822194
401,1468,0.23776243875424066
401,1469,0.2574618086218834
401,1470,0.24803485969702402
401,1471,0.26308632642030716
401,1472,0.2514042407274246
401,1473,0.24407926946878433
401,1474,0.23557238777478537
401,1475,0.24242525299390158
401,1476,0.22674575448036194
401,1477,0.2439503570397695
401,1478,0.23316037158171335
401,1479,0.24284962813059488
401,1480,0.24043573439121246
401,1481,0.21963883936405182
401,1482,0.22547323753436407
401,1483,0.26076190421978634
401,1484,0.24913989504178366
401,1485,0.22739854454994202
401,1486,0.24013848106066385
401,1487,0.2588256001472473
401,1488,0.24647687872250876
401,1489,0.24935431530078253
401,1490,0.24671714504559836
401,1491,0.242040254175663
401,1492,0.230354073146979
401,1493,0.24713998784621558
401,1494,0.2520870914061864
401,1495,0.23969667901595434
401,1496,0.23789907495180765
401,1497,0.23431656509637833
401,1498,0.23298276464144388
401,1499,0.23963614801565805
401,1500,0.23816980173190436
401,1501,0.23278489212195078
401,1502,0.2298875699440638
401,1503,0.2408012996117274
401,1504,0.24829193204641342
401,1505,0.22952460249265036
401,1506,0.23504218459129333
401,1507,0.2304573804140091
401,1508,0.25701068341732025
401,1509,0.22753343482812247
401,1510,0.23616297791401544
401,1511,0.22328485548496246
401,1512,0.24410959581534067
401,1513,0.23672800262769064
401,1514,0.25048499554395676
401,1515,0.25821421047051746
401,1516,0.24833848824103674
401,1517,0.2461314151684443
401,1518,0.24013837178548178
401,1519,0.25680118054151535
401,1520,0.2527425636847814
401,1521,0.2433499147494634
401,1522,0.250435250500838
401,1523,0.22771606345971426
401,1524,0.2440606231490771
401,1525,0.23630556960900626
401,1526,0.2426187520225843
401,1527,0.23944221685330072
401,1528,0.25112583736578625
401,1529,0.24659022688865662
401,1530,0.21546287337938944
401,1531,0.23009919126828512
401,1532,0.2420088599125544
401,1533,0.24764623244603476
401,1534,0.24966254085302353
401,1535,0.22917685409386954
401,1536,0.24126038948694864
401,1537,0.22429313759009042
401,1538,0.22745897124210993
401,1539,0.2430084099372228
401,1540,0.2510550543665886
401,1541,0.2244939903418223
401,1542,0.2229943573474884
401,1543,0.22548102587461472
401,1544,0.23661240686972937
401,1545,0.24976252764463425
401,1546,0.2526094640294711
401,1547,0.22361502051353455
401,1548,0.24975665162007013
401,1549,0.2325537254412969
401,1550,0.2551821718613307
401,1551,0.24580673625071844
401,1552,0.23909103125333786
401,1553,0.2142430990934372
401,1554,0.25248560806115466
401,1555,0.23095920433600745
401,1556,0.22596444437901178
401,1557,0.23110594352086386
401,1558,0.2276535059014956
401,1559,0.2719225386778514
401,1560,0.23989224682251611
401,1561,0.25144511212905246
401,1562,0.2529169370730718
401,1563,0.24264969180027643
401,1564,0.2357567846775055
401,1565,0.24494464695453644
401,1566,0.22747589896122614
401,1567,0.23919680962959924
401,1568,0.23710404336452484
401,1569,0.23047383626302084
401,1570,0.2250310257077217
401,1571,0.21966138978799185
401,1572,0.23822583754857382
401,1573,0.24091938883066177
401,1574,0.22918603072563806
401,1575,0.22702228277921677
401,1576,0.2420320784052213
401,1577,0.2257420097788175
401,1578,0.2400414446989695
401,1579,0.2314376731713613
401,1580,0.23607545346021652
401,1581,0.24104439467191696
401,1582,0.22976689537366232
401,1583,0.2341452787319819
401,1584,0.23299059023459753
401,1585,0.24295577903588614
401,1586,0.23329816510279974
401,1587,0.23944465816020966
401,1588,0.22890942792097727
401,1589,0.24748579412698746
401,1590,0.2198131506641706
401,1591,0.22670233498016992
401,1592,0.23796735207239786
401,1593,0.23255453010400137
401,1594,0.2512042050560315
401,1595,0.2332312986254692
401,1596,0.22691809882720312
401,1597,0.23749475677808127
401,1598,0.2290406400958697
401,1599,0.24343286454677582
401,1600,0.2375903179248174
401,1601,0.22248858213424683
401,1602,0.22566931446393332
401,1603,0.23561679820219675
401,1604,0.22408604373534521
401,1605,0.24789084245761236
401,1606,0.23426800717910132
401,1607,0.23398319135109583
401,1608,0.23962141573429108
401,1609,0.21863184869289398
401,1610,0.24319196740786234
401,1611,0.2479325607419014
401,1612,0.25070373217264813
401,1613,0.21591320633888245
401,1614,0.24009305238723755
401,1615,0.21579359223445257
401,1616,0.23254212737083435
401,1617,0.22276480744282404
401,1618,0.2404755155245463
401,1619,0.21922480314970016
401,1620,0.2275585482517878
401,1621,0.22419342398643494
401,1622,0.23837930212418237
401,1623,0.2351923609773318
401,1624,0.23597328116496405
401,1625,0.22506246715784073
401,1626,0.2304840882619222
401,1627,0.23244940489530563
401,1628,0.24249127755562463
401,1629,0.23227964341640472
401,1630,0.2382227579752604
401,1631,0.2341537376244863
401,1632,0.22486926366885504
401,1633,0.22393113374710083
401,1634,0.2333388328552246
401,1635,0.24054020643234253
401,1636,0.22590604176123938
401,1637,0.21512901782989502
401,1638,0.22830711801846823
401,1639,0.22638235241174698
401,1640,0.24854267636934915
401,1641,0.23057737946510315
401,1642,0.24899949878454208
401,1643,0.2285672277212143
401,1644,0.25234680871168774
401,1645,0.2595269903540611
401,1646,0.23601068804661432
401,1647,0.22430995851755142
401,1648,0.2388220876455307
401,1649,0.251729113360246
401,1650,0.23818808794021606
401,1651,0.22881046185890833
401,1652,0.23789184788862863
401,1653,0.2390911877155304
401,1654,0.21902365734179816
401,1655,0.22589914500713348
401,1656,0.24818632751703262
401,1657,0.23819971332947412
401,1658,0.21836443742116293
401,1659,0.22778717428445816
401,1660,0.24164402236541113
401,1661,0.24488640328248343
401,1662,0.23236647496620813
401,1663,0.24460301796595255
401,1664,0.23000858972469965
401,1665,0.213334858417511
401,1666,0.2353668138384819
401,1667,0.22811137636502585
401,1668,0.23094074924786887
401,1669,0.24177291740973791
401,1670,0.23985681186119714
401,1671,0.25658303995927173
401,1672,0.23792696992556253
401,1673,0.22898614406585693
401,1674,0.2438593953847885
401,1675,0.22521748890479407
401,1676,0.23334715763727823
401,1677,0.22574687749147415
401,1678,0.23439808189868927
401,1679,0.2264422724644343
401,1680,0.23904616137345633
401,1681,0.23373540739218393
401,1682,0.23352562139431635
401,1683,0.22081148127714792
401,1684,0.20697746922572455
401,1685,0.21445521463950476
401,1686,0.235680582622687
401,1687,0.22552299002806345
401,1688,0.22553652773300806
401,1689,0.23070732007424036
401,1690,0.22139422098795572
401,1691,0.22649317979812622
401,1692,0.23543460418780646
401,1693,0.23369697481393814
401,1694,0.218751589457194
401,1695,0.24227636804183325
401,1696,0.23249635845422745
401,1697,0.22991656760374704
401,1698,0.23831609388192496
401,1699,0.2560594504078229
401,1700,0.23807419339815775
401,1701,0.23724099000295004
401,1702,0.23587583750486374
401,1703,0.2251283327738444
401,1704,0.23706500977277756
401,1705,0.21512636790672937
401,1706,0.2247114876906077
401,1707,0.23607065280278525
401,1708,0.22521749883890152
401,1709,0.2424959416190783
401,1710,0.21675210694471994
401,1711,0.22991624722878137
401,1712,0.25044386833906174
401,1713,0.22497212886810303
401,1714,0.24399523188670477
401,1715,0.24016187340021133
401,1716,0.2221430316567421
401,1717,0.24930712083975473
401,1718,0.21358609199523926
401,1719,0.22740655640761057
401,1720,0.2393128847082456
401,1721,0.23584064344565073
401,1722,0.22976125528415045
401,1723,0.21995721260706583
401,1724,0.2230580598115921
401,1725,0.22144070516029993
401,1726,0.2324830616513888
401,1727,0.2240996758143107
401,1728,0.23214859515428543
401,1729,0.23245744655529657
401,1730,0.2056723659237226
401,1731,0.2191615030169487
401,1732,0.22904362032810846
401,1733,0.22472820182641348
401,1734,0.22294452538092932
401,1735,0.222149891157945
401,1736,0.22489134470621744
401,1737,0.2315014178554217
401,1738,0.22632995496193567
401,1739,0.21782815953095755
401,1740,0.23712371289730072
401,1741,0.23004783938328424
401,1742,0.23827302952607474
401,1743,0.19669275234142938
401,1744,0.22047290205955505
401,1745,0.21196838468313217
401,1746,0.23746944715579352
401,1747,0.234235813220342
401,1748,0.23744858304659525
401,1749,0.2391992708047231
401,1750,0.23631986727317175
401,1751,0.22766758998235068
401,1752,0.22882545491059622
401,1753,0.22813423971335092
401,1754,0.24105119705200195
401,1755,0.23348041623830795
401,1756,0.2481501797835032
401,1757,0.2279786691069603
401,1758,0.22258014231920242
401,1759,0.22764628380537033
401,1760,0.23982816686232886
401,1761,0.20556911577781042
401,1762,0.22211227814356485
401,1763,0.22862728188435236
401,1764,0.21222305794556937
401,1765,0.21373390158017477
401,1766,0.21926561991373697
401,1767,0.21489659200112024
401,1768,0.23558535178502402
401,1769,0.23282071948051453
401,1770,0.22680089871088663
401,1771,0.24084003766377768
401,1772,0.23613254725933075
401,1773,0.23704771200815836
401,1774,0.22737947603066763
401,1775,0.22739763309558234
401,1776,0.21893899887800217
401,1777,0.23092818011840185
401,1778,0.20211265236139297
401,1779,0.22875318924585977
401,1780,0.22861381371816
401,1781,0.2169402614235878
401,1782,0.2292775735259056
401,1783,0.2170586163798968
401,1784,0.21937394887208939
401,1785,0.23603862772385278
401,1786,0.21940177927414575
401,1787,0.2206870640317599
401,1788,0.21768850833177567
401,1789,0.22392954428990683
401,1790,0.2433312013745308
401,1791,0.2334714780251185
401,1792,0.22797134766976038
401,1793,0.2168698857227961
401,1794,0.23154401779174805
401,1795,0.21865790088971457
401,1796,0.22830447554588318
401,1797,0.22899858901898065
401,1798,0.22062535832325617
401,1799,0.22908915082613626
401,1800,0.23084918409585953
401,1801,0.22274763882160187
401,1802,0.24042372902234396
401,1803,0.21616353342930475
401,1804,0.2356378212571144
401,1805,0.22022147476673126
401,1806,0.2089721535642942
401,1807,0.23317317416270575
401,1808,0.23727553834517798
401,1809,0.22319343437751135
401,1810,0.23151188592116037
401,1811,0.23127139608065286
401,1812,0.21254489570856094
401,1813,0.24258624762296677
401,1814,0.22512496511141458
401,1815,0.23077677438656488
401,1816,0.22753553340832391
401,1817,0.2426184763511022
401,1818,0.2324343373378118
401,1819,0.23124025762081146
401,1820,0.22285329550504684
401,1821,0.23419204850991568
401,1822,0.24212337285280228
401,1823,0.21773619949817657
401,1824,0.2166256085038185
401,1825,0.2229686751961708
401,1826,0.23456083486477533
401,1827,0.2265204464395841
401,1828,0.23134360214074454
401,1829,0.2347219114502271
401,1830,0.21867831548055014
401,1831,0.22726641843716303
401,1832,0.22485952824354172
401,1833,0.21921453376611075
401,1834,0.22308564434448877
401,1835,0.22961968431870142
401,1836,0.2144455835223198
401,1837,0.22267829875151315
401,1838,0.21009289224942526
401,1839,0.22190127025047937
401,1840,0.22822084774573645
401,1841,0.22656050821145376
401,1842,0.22500034173329672
401,1843,0.23586715261141458
401,1844,0.22189461439847946
401,1845,0.22464231153329214
401,1846,0.21002171685298285
401,1847,0.24167212595542273
401,1848,0.21391687790552774
401,1849,0.21686933189630508
401,1850,0.21826939036448798
401,1851,0.22774358342091242
401,1852,0.23661447068055472
401,1853,0.22076604515314102
401,1854,0.2206124116977056
401,1855,0.23465153574943542
401,1856,0.23162884761889777
401,1857,0.24822736034790674
401,1858,0.21984172612428665
401,1859,0.23317443579435349
401,1860,0.2230943739414215
401,1861,0.23362471163272858
401,1862,0.22708766907453537
401,1863,0.24083822717269263
401,1864,0.22635885328054428
401,1865,0.22100293387969336
401,1866,0.2258168508609136
401,1867,0.21720831344525018
401,1868,0.21512582898139954
401,1869,0.2185591757297516
401,1870,0.22013058761755624
401,1871,0.21268440534671149
401,1872,0.23259532203276953
401,1873,0.21795847763617834
401,1874,0.21540796756744385
401,1875,0.22040925920009613
401,1876,0.21095540126164755
401,1877,0.23438796401023865
401,1878,0.22515350331862768
401,1879,0.23660524437824884
401,1880,0.2099395071466764
401,1881,0.22990856071313223
401,1882,0.22963508466879526
401,1883,0.2329890032609304
401,1884,0.23262698451677957
401,1885,0.21197049071391424
401,1886,0.22714664538701376
401,1887,0.22360866765181223
401,1888,0.22965189069509506
401,1889,0.2125638872385025
401,1890,0.23545827716588974
401,1891,0.23881693681081137
401,1892,0.21971696118513742
401,1893,0.23310624063014984
401,1894,0.225579671561718
401,1895,0.22230154275894165
401,1896,0.2421762372056643
401,1897,0.21751351157824197
401,1898,0.22495306034882864
401,1899,0.23710680256287256
401,1900,0.23524690916140875
401,1901,0.2191746880610784
401,1902,0.23122345159451166
401,1903,0.22858308255672455
401,1904,0.2263419379790624
401,1905,0.22746317833662033
401,1906,0.21579824884732565
401,1907,0.21772574881712595
401,1908,0.230586106578509
401,1909,0.22608126203219095
401,1910,0.21411749720573425
401,1911,0.21564114093780518
401,1912,0.21206490447123846
401,1913,0.21294550597667694
401,1914,0.22519479940334955
401,1915,0.21000629415114722
401,1916,0.22476448118686676
401,1917,0.22366025050481161
401,1918,0.21232538670301437
401,1919,0.22456314663092294
401,1920,0.24482607593139014
401,1921,0.2128009150425593
401,1922,0.22642847647269568
401,1923,0.22288859883944193
401,1924,0.21489262332518896
401,1925,0.21304955333471298
401,1926,0.23645406464735666
401,1927,0.2109459862112999
401,1928,0.21684352060159048
401,1929,0.2073246712485949
401,1930,0.2117628330985705
401,1931,0.20671949287255606
401,1932,0.21544489761193594
401,1933,0.2136774385968844
401,1934,0.2198293780287107
401,1935,0.22484938551982245
401,1936,0.21291437496741614
401,1937,0.22300862024227777
401,1938,0.21927335609992346
401,1939,0.21581365913152695
401,1940,0.22784067193667093
401,1941,0.21979612112045288
401,1942,0.22260252137978873
401,1943,0.2086547613143921
401,1944,0.22176522016525269
401,1945,0.2270448828736941
401,1946,0.22423002123832703
401,1947,0.22084150711695352
401,1948,0.21853437523047128
401,1949,0.2266878585020701
401,1950,0.22960741569598517
401,1951,0.2357140133778254
401,1952,0.2225930169224739
401,1953,0.209665447473526
401,1954,0.22286050270001093
401,1955,0.22912021974722543
401,1956,0.209955466290315
401,1957,0.22241922716299692
401,1958,0.22162816176811853
401,1959,0.21537238359451294
401,1960,0.22385328511397043
401,1961,0.2053942233324051
401,1962,0.21375401318073273
401,1963,0.22433892885843912
401,1964,0.19695582737525305
401,1965,0.18574298669894537
401,1966,0.21743775655825934
401,1967,0.21132236967484155
401,1968,0.22815725207328796
401,1969,0.20487193514903387
401,1970,0.2169364020228386
401,1971,0.20999537159999213
401,1972,0.22448455293973288
401,1973,0.208582970003287
401,1974,0.21626470486323038
401,1975,0.21864536652962366
401,1976,0.23644969115654627
401,1977,0.20670696596304575
401,1978,0.22954168915748596
401,1979,0.20773610969384512
401,1980,0.23374522974093756
401,1981,0.21942400435606638
401,1982,0.2244871531923612
401,1983,0.2306936209400495
401,1984,0.22553040832281113
401,1985,0.2269654373327891
401,1986,0.22677170733610788
401,1987,0.23700065414110819
401,1988,0.20810822397470474
401,1989,0.22366073479255041
401,1990,0.20762980232636133
401,1991,0.22475478053092957
401,1992,0.20652787139018378
401,1993,0.20997686435778937
401,1994,0.20500044773022333
401,1995,0.2020264615615209
401,1996,0.22469985485076904
401,1997,0.22282045582930246
401,1998,0.2274811491370201
401,1999,0.2156131093700727
401,2000,0.21856916199127832
401,2001,0.2036916191379229
401,2002,0.23323454956213632
401,2003,0.20789216458797455
401,2004,0.2144968236486117
401,2005,0.22179758052031198
401,2006,0.21091172844171524
401,2007,0.2247281993428866
401,2008,0.21660094211498895
401,2009,0.21237177650133768
401,2010,0.22676360110441843
401,2011,0.21530522654453912
401,2012,0.22450511902570724
401,2013,0.2134683852394422
401,2014,0.2142887463172277
401,2015,0.21935646732648215
401,2016,0.21063672999540964
401,2017,0.23201708247264227
401,2018,0.22307567050059637
401,2019,0.21005597710609436
401,2020,0.21883519738912582
401,2021,0.22666507959365845
401,2022,0.21786588182051977
401,2023,0.22662419329086939
401,2024,0.21452434857686362
401,2025,0.20414123435815176
401,2026,0.2083929404616356
401,2027,0.21910821398099264
401,2028,0.220228244860967
401,2029,0.23182393113772073
401,2030,0.20916849126418433
401,2031,0.21905139088630676
401,2032,0.21353766322135925
401,2033,0.2119452953338623
401,2034,0.2277588943640391
401,2035,0.20692426711320877
401,2036,0.20377628008524576
401,2037,0.24019158631563187
401,2038,0.21436403940121332
401,2039,0.20244865119457245
401,2040,0.23494801670312881
401,2041,0.2239119584361712
401,2042,0.22160330911477408
401,2043,0.22316424548625946
401,2044,0.22767442216475806
401,2045,0.23206700881322226
401,2046,0.22867328425248465
401,2047,0.20829582711060843
401,2048,0.22364868968725204
401,2049,0.21844282994667688
401,2050,0.22845816363890967
401,2051,0.22228686014811197
401,2052,0.23494644711414972
401,2053,0.21733434995015463
401,2054,0.2162461852033933
401,2055,0.2173838640252749
401,2056,0.20884224772453308
401,2057,0.23501733193794885
401,2058,0.20824589083592096
401,2059,0.222070741156737
401,2060,0.2403594727317492
401,2061,0.21282312522331873
401,2062,0.22735309849182764
401,2063,0.22198311239480972
401,2064,0.20546186218659082
401,2065,0.21372162053982416
401,2066,0.20127753665049872
401,2067,0.21405212581157684
401,2068,0.19739239911238352
401,2069,0.2134914274017016
401,2070,0.21829193582137427
401,2071,0.21794409801562628
401,2072,0.22286352018515268
401,2073,0.20073542247215906
401,2074,0.20263230800628662
401,2075,0.2253496473034223
401,2076,0.22650897751251856
401,2077,0.21753250559171042
401,2078,0.21855378150939941
401,2079,0.21753854552904764
401,2080,0.21346492817004523
401,2081,0.19568065305550894
401,2082,0.21790367613236108
401,2083,0.19819720337788263
401,2084,0.20551728457212448
401,2085,0.21684536337852478
401,2086,0.21519694725672403
401,2087,0.20799202968676886
401,2088,0.23351856569449106
401,2089,0.211392472187678
401,2090,0.24163887401421866
401,2091,0.21795914818843207
401,2092,0.2211335524916649
401,2093,0.21721206357081732
401,2094,0.22654411693414053
401,2095,0.22439433137575784
401,2096,0.2118933449188868
401,2097,0.24146576722462973
401,2098,0.20426281293233237
401,2099,0.2096973309914271
401,2100,0.20620499302943548
401,2101,0.23025975873072943
401,2102,0.19215690344572067
401,2103,0.2243302712837855
401,2104,0.2005163679520289
401,2105,0.23146244138479233
401,2106,0.20069576054811478
401,2107,0.20981578528881073
401,2108,0.21961663166681925
401,2109,0.21576750030120215
401,2110,0.20584648102521896
401,2111,0.2004143844048182
401,2112,0.21704758455355963
401,2113,0.2203338717420896
401,2114,0.22177845487991968
401,2115,0.2188234031200409
401,2116,0.2358589917421341
401,2117,0.21587122231721878
401,2118,0.21329137434562048
401,2119,0.2093848461906115
401,2120,0.2113083377480507
401,2121,0.21895058949788412
401,2122,0.2251858984430631
401,2123,0.211458221077919
401,2124,0.2238779291510582
401,2125,0.2274349331855774
401,2126,0.20989174395799637
401,2127,0.20403654128313065
401,2128,0.21136117726564407
401,2129,0.21860137581825256
401,2130,0.2187790647149086
401,2131,0.20995818823575974
401,2132,0.19978133340676626
401,2133,0.22144939998785654
401,2134,0.22634123265743256
401,2135,0.2134859263896942
401,2136,0.20912683506806692
401,2137,0.23024431616067886
401,2138,0.20607566585143408
401,2139,0.20517646272977194
401,2140,0.19704652577638626
401,2141,0.21701953560113907
401,2142,0.20419543981552124
401,2143,0.23767639696598053
401,2144,0.21120969454447427
401,2145,0.22501430412133536
401,2146,0.21498479197422662
401,2147,0.2394439404209455
401,2148,0.22724891702334085
401,2149,0.20266722639401755
401,2150,0.22267377376556396
401,2151,0.20602227747440338
401,2152,0.23044378062089285
401,2153,0.21574813375870386
401,2154,0.21031668533881506
401,2155,0.22081701457500458
401,2156,0.208875705798467
401,2157,0.19914433111747107
401,2158,0.219925028582414
401,2159,0.21547002593676248
401,2160,0.20550343642632166
401,2161,0.1971511865655581
401,2162,0.21268495420614877
401,2163,0.2146945670247078
401,2164,0.22280511011679968
401,2165,0.21924113482236862
401,2166,0.2296182463566462
401,2167,0.2086340735356013
401,2168,0.2271943762898445
401,2169,0.22113741685946783
401,2170,0.21976672609647116
401,2171,0.2168478270371755
401,2172,0.2171469529469808
401,2173,0.22078564018011093
401,2174,0.2309324418505033
401,2175,0.2214804564913114
401,2176,0.20602155725161234
401,2177,0.22102408111095428
401,2178,0.20115244636933008
401,2179,0.20748417327801386
401,2180,0.19722729176282883
401,2181,0.23414547989765802
401,2182,0.22579055279493332
401,2183,0.2335151806473732
401,2184,0.22336329023043314
401,2185,0.21243098626534143
401,2186,0.24325464417537054
401,2187,0.22297982623179755
401,2188,0.23298823088407516
401,2189,0.22286966691414514
401,2190,0.21438277761141458
401,2191,0.22601348906755447
401,2192,0.20988000681002936
401,2193,0.2129202683766683
401,2194,0.2256121908624967
401,2195,0.21548730631669363
401,2196,0.20403826733430228
401,2197,0.22959886491298676
401,2198,0.21656794846057892
401,2199,0.21706492950518927
401,2200,0.22448795040448508
401,2201,0.2410275638103485
401,2202,0.2118159756064415
401,2203,0.2012129376331965
401,2204,0.21567737807830176
401,2205,0.21910184373458227
401,2206,0.20876920223236084
401,2207,0.218677485982577
401,2208,0.2201517398158709
401,2209,0.21582390367984772
401,2210,0.21506130198637644
401,2211,0.2227367783586184
401,2212,0.20660186062256494
401,2213,0.20018990834554037
401,2214,0.21517041822274527
401,2215,0.2127353399991989
401,2216,0.21433748801549277
401,2217,0.21180411179860434
401,2218,0.22626063227653503
401,2219,0.22175524135430655
401,2220,0.22038664172093073
401,2221,0.20581642538309097
401,2222,0.23362725476423898
401,2223,0.19973510007063547
401,2224,0.19740027685960135
401,2225,0.22220250964164734
401,2226,0.2234913632273674
401,2227,0.22091874728600183
401,2228,0.21446587145328522
401,2229,0.21923292676607767
401,2230,0.22764217356840769
401,2231,0.2108142375946045
401,2232,0.22385931263367334
401,2233,0.20106823990742365
401,2234,0.2190808728337288
401,2235,0.21001185725132623
401,2236,0.20236285030841827
401,2237,0.21002555886904398
401,2238,0.20390121390422186
401,2239,0.2088372235496839
401,2240,0.21449676404396692
401,2241,0.20685439308484396
401,2242,0.21512799461682638
401,2243,0.23008355249961218
401,2244,0.21438844998677573
401,2245,0.21191443502902985
401,2246,0.21787875642379126
401,2247,0.21149542927742004
401,2248,0.21483716120322546
401,2249,0.2057306468486786
401,2250,0.22472914308309555
402,1,1.7776387731234233
402,2,1.1653021375338237
402,3,1.002462108929952
402,4,0.9207408924897512
402,5,0.8624965051809946
402,6,0.8115810255209605
402,7,0.7696889142195383
402,8,0.759028951327006
402,9,0.7400556902090708
402,10,0.7150875429312388
402,11,0.6963618298371633
402,12,0.6925933758417765
402,13,0.7101844549179077
402,14,0.6702103714148203
402,15,0.6848965585231781
402,16,0.6146498719851176
402,17,0.6380051771799723
402,18,0.6360214650630951
402,19,0.6200490891933441
402,20,0.6254143516222636
402,21,0.6004411776860555
402,22,0.6178775827089945
402,23,0.5813192129135132
402,24,0.593018114566803
402,25,0.6062556604544321
402,26,0.606956789890925
402,27,0.6166211267312368
402,28,0.581833004951477
402,29,0.5878510475158691
402,30,0.5792464911937714
402,31,0.5697373251120249
402,32,0.5884528656800588
402,33,0.5599105755488077
402,34,0.5854304333527883
402,35,0.5426301856835684
402,36,0.5761274496714274
402,37,0.5614265898863474
402,38,0.5604318827390671
402,39,0.5686216851075491
402,40,0.5577347973982493
402,41,0.5659054219722748
402,42,0.5514854292074839
402,43,0.5376301606496176
402,44,0.5583985348542532
402,45,0.5541524092356364
402,46,0.521189217766126
402,47,0.5438212156295776
402,48,0.504698226849238
402,49,0.5234723885854086
402,50,0.5168357491493225
402,51,0.5368353128433228
402,52,0.5616708199183146
402,53,0.48859841624895733
402,54,0.5303661823272705
402,55,0.5117279340823492
402,56,0.5062418083349863
402,57,0.5149078220129013
402,58,0.5073025872310003
402,59,0.5031855702400208
402,60,0.4927655905485153
402,61,0.5123535444339117
402,62,0.516861617565155
402,63,0.5108309686183929
402,64,0.5020561466614405
402,65,0.5069712847471237
402,66,0.48447803656260174
402,67,0.4796578387419383
402,68,0.5121356596549352
402,69,0.47453640401363373
402,70,0.5086149921019872
402,71,0.49533596138159436
402,72,0.48125071823596954
402,73,0.47947869698206586
402,74,0.4432518581549327
402,75,0.47792280713717145
402,76,0.4860912462075551
402,77,0.508126383026441
402,78,0.4840059280395508
402,79,0.46181276937325794
402,80,0.4626140544811885
402,81,0.44547857840855914
402,82,0.4571477125088374
402,83,0.45367418229579926
402,84,0.4839471032222112
402,85,0.457859809199969
402,86,0.48322557906309765
402,87,0.4667232433954875
402,88,0.4947119702895482
402,89,0.48168166478474933
402,90,0.5077417294184366
402,91,0.43166717886924744
402,92,0.46677906314531964
402,93,0.46611325939496356
402,94,0.4570271174112956
402,95,0.44305356840292615
402,96,0.42454169193903607
402,97,0.42381008466084796
402,98,0.47256162762641907
402,99,0.45696359872817993
402,100,0.4888463318347931
402,101,0.45140089094638824
402,102,0.44770647088686627
402,103,0.4521424025297165
402,104,0.4507938474416733
402,105,0.460302010178566
402,106,0.4600716332594554
402,107,0.47294528285662335
402,108,0.47099973261356354
402,109,0.44651077191034955
402,110,0.43967904647191364
402,111,0.44998859365781146
402,112,0.42921706040700275
402,113,0.42243627707163495
402,114,0.43370404342810315
402,115,0.434126744667689
402,116,0.42251331607500714
402,117,0.4229796727498372
402,118,0.4151277045408885
402,119,0.42548997203509015
402,120,0.4488568951686223
402,121,0.44343291719754535
402,122,0.4614900052547455
402,123,0.44660871227582294
402,124,0.4465928723414739
402,125,0.4236302226781845
402,126,0.4187147567669551
402,127,0.42316722869873047
402,128,0.4413159688313802
402,129,0.443755770723025
402,130,0.42274268468221027
402,131,0.39690759778022766
402,132,0.44607505202293396
402,133,0.41799648106098175
402,134,0.4230814178784688
402,135,0.4093095262845357
402,136,0.42995090285936993
402,137,0.4426872730255127
402,138,0.4533639152844747
402,139,0.4371830224990845
402,140,0.4273686657349269
402,141,0.44323039551575977
402,142,0.4549548476934433
402,143,0.4260902404785156
402,144,0.4373173216978709
402,145,0.4283724973599116
402,146,0.42324332892894745
402,147,0.4202868789434433
402,148,0.4187658230463664
402,149,0.44845597942670185
402,150,0.40703819692134857
402,151,0.4389941294987996
402,152,0.42026586830616
402,153,0.40575193365414935
402,154,0.404961034655571
402,155,0.41607465346654254
402,156,0.4203051875034968
402,157,0.40121624370416004
402,158,0.4061107287804286
402,159,0.4041396031777064
402,160,0.416023924946785
402,161,0.4177934428056081
402,162,0.3844103266795476
402,163,0.4053023159503937
402,164,0.4085277318954468
402,165,0.4105665336052577
402,166,0.4067925463120143
402,167,0.390974685549736
402,168,0.40387265880902606
402,169,0.4315710514783859
402,170,0.42280811568101245
402,171,0.4299938480059306
402,172,0.41773951550324756
402,173,0.3956741491953532
402,174,0.39977311094601947
402,175,0.4078339636325836
402,176,0.38362501561641693
402,177,0.4039729485909144
402,178,0.4140837887922923
402,179,0.4003518670797348
402,180,0.4163884222507477
402,181,0.3901212563117345
402,182,0.4102594157059987
402,183,0.396565576394399
402,184,0.4210229466358821
402,185,0.4051147053639094
402,186,0.4073172112305959
402,187,0.3974701762199402
402,188,0.42822398742039997
402,189,0.39121998846530914
402,190,0.41053668161233264
402,191,0.41489631434281665
402,192,0.3972541193167369
402,193,0.4100029915571213
402,194,0.3917159338792165
402,195,0.3944832881291707
402,196,0.41399917006492615
402,197,0.39871037006378174
402,198,0.3933994968732198
402,199,0.4044754554828008
402,200,0.3782636175553004
402,201,0.4084653705358505
402,202,0.3830213596423467
402,203,0.39241354664166767
402,204,0.40317147970199585
402,205,0.41614557305971783
402,206,0.3884127487738927
402,207,0.3854934424161911
402,208,0.403642197450002
402,209,0.3887745241324107
402,210,0.3997083902359009
402,211,0.38620592653751373
402,212,0.3975171198447545
402,213,0.4173080275456111
402,214,0.3816407223542531
402,215,0.38485072553157806
402,216,0.39496028423309326
402,217,0.37442203362782794
402,218,0.4098948190609614
402,219,0.3968927214543025
402,220,0.3851907004912694
402,221,0.4000059962272644
402,222,0.3746538857618968
402,223,0.3868922293186188
402,224,0.41726961731910706
402,225,0.3911080559094747
402,226,0.403700257341067
402,227,0.39460376898447674
402,228,0.3667907069126765
402,229,0.396858349442482
402,230,0.3781207650899887
402,231,0.3825439016024272
402,232,0.3901233822107315
402,233,0.3880935509999593
402,234,0.3908231258392334
402,235,0.3749266713857651
402,236,0.383411963780721
402,237,0.37087034185727435
402,238,0.38716841737429303
402,239,0.3809402088324229
402,240,0.39022404452164966
402,241,0.39844075838724774
402,242,0.3895295908053716
402,243,0.37868063648541767
402,244,0.39353941877683
402,245,0.4000071883201599
402,246,0.38231805960337323
402,247,0.3942737529675166
402,248,0.3897852798302968
402,249,0.3929527848958969
402,250,0.38064346214135486
402,251,0.3971822609504064
402,252,0.3723229964574178
402,253,0.37138472000757855
402,254,0.38587601482868195
402,255,0.37440453966458637
402,256,0.4225887656211853
402,257,0.3538435647885005
402,258,0.37989070018132526
402,259,0.3720777730147044
402,260,0.3674967090288798
402,261,0.3594980438550313
402,262,0.3687862555185954
402,263,0.40212930738925934
402,264,0.36915720999240875
402,265,0.3550347536802292
402,266,0.35795724888642627
402,267,0.40001211563746136
402,268,0.37037838995456696
402,269,0.3803984522819519
402,270,0.3603021303812663
402,271,0.3572929998238881
402,272,0.3412281274795532
402,273,0.37626393636067706
402,274,0.3623123715321223
402,275,0.3688081204891205
402,276,0.36259491741657257
402,277,0.3755085567633311
402,278,0.3653709789117177
402,279,0.372406209508578
402,280,0.37326060235500336
402,281,0.38129913806915283
402,282,0.35808348655700684
402,283,0.36605826020240784
402,284,0.35137279828389484
402,285,0.3638902505238851
402,286,0.3652445077896118
402,287,0.34169209003448486
402,288,0.3846752593914668
402,289,0.3548430452744166
402,290,0.36922577023506165
402,291,0.3694615513086319
402,292,0.36668748656908673
402,293,0.3682878067096074
402,294,0.3655707935492198
402,295,0.3628082325061162
402,296,0.35861021280288696
402,297,0.3527292509873708
402,298,0.3788975328207016
402,299,0.36386658747990924
402,300,0.379164586464564
402,301,0.3720295578241348
402,302,0.36150694886843365
402,303,0.3644965589046478
402,304,0.3652749756971995
402,305,0.3551054795583089
402,306,0.34422265489896137
402,307,0.3671764036019643
402,308,0.3536701848109563
402,309,0.35020903249581653
402,310,0.36997950077056885
402,311,0.35910017788410187
402,312,0.36358947058518726
402,313,0.34717318415641785
402,314,0.34025291601816815
402,315,0.3539029856522878
402,316,0.34344663222630817
402,317,0.35220153629779816
402,318,0.3579201598962148
402,319,0.3402158369620641
402,320,0.3287090261777242
402,321,0.3635472059249878
402,322,0.35895846287409466
402,323,0.34962693850199383
402,324,0.3496878494819005
402,325,0.3718326191107432
402,326,0.33617210388183594
402,327,0.3416081617275874
402,328,0.3829868982235591
402,329,0.37184080978234607
402,330,0.338114673892657
402,331,0.3537238190571467
402,332,0.3308231582244237
402,333,0.37124761442343396
402,334,0.3478349447250366
402,335,0.33827970921993256
402,336,0.3422868102788925
402,337,0.3364482919375102
402,338,0.3603415588537852
402,339,0.33593148986498517
402,340,0.3591132511695226
402,341,0.35393598179022473
402,342,0.35869137942790985
402,343,0.34078654646873474
402,344,0.3521416236956914
402,345,0.34028659760951996
402,346,0.3580382664998372
402,347,0.34399757782618207
402,348,0.3778836230436961
402,349,0.3865807702143987
402,350,0.36004212001959485
402,351,0.3522176841894786
402,352,0.3575810839732488
402,353,0.3135962635278702
402,354,0.3524312724669774
402,355,0.35327912370363873
402,356,0.33114495873451233
402,357,0.3441759794950485
402,358,0.3362971891959508
402,359,0.3462742070357005
402,360,0.3559507181247075
402,361,0.36192404727141064
402,362,0.3405829817056656
402,363,0.3448330909013748
402,364,0.3534702907005946
402,365,0.35485051572322845
402,366,0.33689194917678833
402,367,0.3496093799670537
402,368,0.33872759838898975
402,369,0.35527660449345905
402,370,0.3428484996159871
402,371,0.3478501985470454
402,372,0.32351253430048627
402,373,0.34895536800225574
402,374,0.3323286821444829
402,375,0.36121854186058044
402,376,0.3497554709513982
402,377,0.35159169634183246
402,378,0.35343652963638306
402,379,0.335784708460172
402,380,0.3405904769897461
402,381,0.3637844721476237
402,382,0.34224753081798553
402,383,0.33724576234817505
402,384,0.34715695679187775
402,385,0.31601450343926746
402,386,0.34853317340215045
402,387,0.34234895805517834
402,388,0.36454122761885327
402,389,0.35462793707847595
402,390,0.34381647904713947
402,391,0.3648354361454646
402,392,0.33367737631003064
402,393,0.33350663880507153
402,394,0.344998762011528
402,395,0.3365921626488368
402,396,0.3419007311264674
402,397,0.3219047437111537
402,398,0.3175737261772156
402,399,0.330635130405426
402,400,0.3464997460444768
402,401,0.3283747186263402
402,402,0.3389803816874822
402,403,0.33403221269448596
402,404,0.3186708688735962
402,405,0.3420417457818985
402,406,0.3587098717689514
402,407,0.3419039299090703
402,408,0.35752395788828534
402,409,0.3451216022173564
402,410,0.34568492074807483
402,411,0.3252721428871155
402,412,0.33267288903395337
402,413,0.32512568434079486
402,414,0.3332779258489609
402,415,0.34088213245073956
402,416,0.32791640361150104
402,417,0.353752925992012
402,418,0.33879244327545166
402,419,0.3302328685919444
402,420,0.3539599080880483
402,421,0.3393876552581787
402,422,0.330604816476504
402,423,0.3404227942228317
402,424,0.3575818290313085
402,425,0.3301011224587758
402,426,0.327269767721494
402,427,0.32485494017601013
402,428,0.3357832779486974
402,429,0.35820262630780536
402,430,0.33398306866486865
402,431,0.3448872168858846
402,432,0.3336262007554372
402,433,0.33110902706782025
402,434,0.3396318256855011
402,435,0.3411116600036621
402,436,0.3411370515823364
402,437,0.3349975844224294
402,438,0.33113006750742596
402,439,0.3200628161430359
402,440,0.3355790476004283
402,441,0.3242463171482086
402,442,0.31188692649205524
402,443,0.3068160315354665
402,444,0.3264055649439494
402,445,0.3256509949763616
402,446,0.3280002623796463
402,447,0.33041565120220184
402,448,0.34991462528705597
402,449,0.31847870846589404
402,450,0.33568104604880017
402,451,0.3183542142311732
402,452,0.3422013471523921
402,453,0.318629985054334
402,454,0.3220183302958806
402,455,0.32590050001939136
402,456,0.32526687284310657
402,457,0.320486456155777
402,458,0.3035487234592438
402,459,0.3428136905034383
402,460,0.33628207941850025
402,461,0.33504458765188855
402,462,0.340943564971288
402,463,0.3507923682530721
402,464,0.33482656876246136
402,465,0.3253091126680374
402,466,0.32045802970727283
402,467,0.3345387826363246
402,468,0.3290389229853948
402,469,0.32757766048113507
402,470,0.33676378925641376
402,471,0.33463040987650555
402,472,0.3297032117843628
402,473,0.31570590535799664
402,474,0.32871928811073303
402,475,0.3347087800502777
402,476,0.3254508624474208
402,477,0.32983676095803577
402,478,0.32436064382394153
402,479,0.3491927236318588
402,480,0.32793409128983814
402,481,0.3182010402282079
402,482,0.3316103170315425
402,483,0.33378252883752185
402,484,0.31089326242605847
402,485,0.3103160411119461
402,486,0.3123153547445933
402,487,0.3379536271095276
402,488,0.3146254817644755
402,489,0.35303448637326557
402,490,0.3116861780484517
402,491,0.3287053008874257
402,492,0.3217057138681412
402,493,0.31598150233427685
402,494,0.29568299651145935
402,495,0.3209974964459737
402,496,0.3093665887912114
402,497,0.33033082882563275
402,498,0.29664936165014905
402,499,0.3302764544884364
402,500,0.325324609875679
402,501,0.3249729226032893
402,502,0.30305226147174835
402,503,0.3109137366215388
402,504,0.30622463921705884
402,505,0.35759687920411426
402,506,0.3150513917207718
402,507,0.32350372274716693
402,508,0.3030602882305781
402,509,0.30278559029102325
402,510,0.32714585463205975
402,511,0.30978378156820935
402,512,0.3377993553876877
402,513,0.31128808856010437
402,514,0.33130128184954327
402,515,0.3140989989042282
402,516,0.32992270092169446
402,517,0.33650490641593933
402,518,0.3123551458120346
402,519,0.31610162059466046
402,520,0.3295998026927312
402,521,0.32216058174769086
402,522,0.3039426455895106
402,523,0.3250640680392583
402,524,0.31233542660872143
402,525,0.32335586349169415
402,526,0.3032614141702652
402,527,0.3012584646542867
402,528,0.3045438428719838
402,529,0.3259146759907405
402,530,0.3465553472439448
402,531,0.316161314646403
402,532,0.3087114890416463
402,533,0.32744163771470386
402,534,0.30476980408032733
402,535,0.31559124092261
402,536,0.3001294732093811
402,537,0.322093869249026
402,538,0.3136460433403651
402,539,0.30877967675526935
402,540,0.3111119419336319
402,541,0.31096506118774414
402,542,0.29423608630895615
402,543,0.3058965752522151
402,544,0.2907493437329928
402,545,0.3087009737888972
402,546,0.2952318439881007
402,547,0.31107579668362934
402,548,0.2933710813522339
402,549,0.3016256093978882
402,550,0.3076257010300954
402,551,0.3227424422899882
402,552,0.30572615067164105
402,553,0.2986469616492589
402,554,0.32978325088818866
402,555,0.320796474814415
402,556,0.32976311445236206
402,557,0.3118957430124283
402,558,0.3180610289176305
402,559,0.3157731592655182
402,560,0.306896910071373
402,561,0.32612644135951996
402,562,0.34036170939604443
402,563,0.33865903814633685
402,564,0.29991134504477185
402,565,0.3084103713432948
402,566,0.3258144607146581
402,567,0.3011106898387273
402,568,0.3093240261077881
402,569,0.31275057295958203
402,570,0.3168843686580658
402,571,0.3063470522562663
402,572,0.30941282709439594
402,573,0.31039268771807355
402,574,0.309471736351649
402,575,0.30670054256916046
402,576,0.2977799226840337
402,577,0.30393122633298236
402,578,0.3173459271589915
402,579,0.30067085723082226
402,580,0.31873974204063416
402,581,0.3134205142656962
402,582,0.294516717394193
402,583,0.3143294503291448
402,584,0.31403085092703503
402,585,0.3309183269739151
402,586,0.3116885920365651
402,587,0.3448021163543065
402,588,0.31510139505068463
402,589,0.31075095136960346
402,590,0.3138317863146464
402,591,0.31659012536207837
402,592,0.2992282559474309
402,593,0.31561344861984253
402,594,0.3013768345117569
402,595,0.3067994515101115
402,596,0.31285716593265533
402,597,0.303288275996844
402,598,0.2882528354724248
402,599,0.29890017708142597
402,600,0.2919776712854703
402,601,0.3246900786956151
402,602,0.31366578737894696
402,603,0.30232534060875577
402,604,0.3242940157651901
402,605,0.31020136674245197
402,606,0.3157910853624344
402,607,0.3031599869330724
402,608,0.27773018181324005
402,609,0.3001478612422943
402,610,0.3105857918659846
402,611,0.3056875814994176
402,612,0.29297641416390735
402,613,0.3160226245721181
402,614,0.3111480524142583
402,615,0.3019167482852936
402,616,0.3056542028983434
402,617,0.28917503853638965
402,618,0.28487415115038556
402,619,0.2950780193010966
402,620,0.28524303684631985
402,621,0.32735247910022736
402,622,0.2809690187374751
402,623,0.30891885856787366
402,624,0.29459693531195325
402,625,0.3269224613904953
402,626,0.27888111273447674
402,627,0.30533930162588757
402,628,0.3072396218776703
402,629,0.32610174020131427
402,630,0.3087898890177409
402,631,0.31107520560423535
402,632,0.30805980165799457
402,633,0.30066239833831787
402,634,0.31949112315972644
402,635,0.2929240067799886
402,636,0.3264295111099879
402,637,0.302913635969162
402,638,0.3023335933685303
402,639,0.28171078115701675
402,640,0.29466064771016437
402,641,0.3085957517226537
402,642,0.29992687702178955
402,643,0.297234242161115
402,644,0.31386162837346393
402,645,0.32773658136526745
402,646,0.31544922292232513
402,647,0.2875622510910034
402,648,0.31153656045595807
402,649,0.29182159155607224
402,650,0.31082382798194885
402,651,0.30044302344322205
402,652,0.31431932747364044
402,653,0.29663429657618207
402,654,0.2970798561970393
402,655,0.28940945118665695
402,656,0.31212837994098663
402,657,0.2989962746699651
402,658,0.28896157443523407
402,659,0.299577072262764
402,660,0.3044581115245819
402,661,0.2693714002768199
402,662,0.3112391134103139
402,663,0.29576415320237476
402,664,0.28847910463809967
402,665,0.31866543491681415
402,666,0.2967916081349055
402,667,0.305642565091451
402,668,0.2984696179628372
402,669,0.31157248715559643
402,670,0.31878002484639484
402,671,0.3048924307028453
402,672,0.2926364094018936
402,673,0.29087933401266736
402,674,0.2840643177429835
402,675,0.30555389324824017
402,676,0.2967126667499542
402,677,0.31200987100601196
402,678,0.29883993168671924
402,679,0.3036813884973526
402,680,0.30494635303815204
402,681,0.3015527178843816
402,682,0.28228674829006195
402,683,0.2655948077638944
402,684,0.29297419885794324
402,685,0.27271853139003116
402,686,0.29777613282203674
402,687,0.2910711442430814
402,688,0.3020312984784444
402,689,0.2882467011610667
402,690,0.29252785940965015
402,691,0.2914240260918935
402,692,0.27286625156799954
402,693,0.2808954641222954
402,694,0.3060785581668218
402,695,0.29984867324431735
402,696,0.2893848717212677
402,697,0.29975629846254986
402,698,0.31463805337746936
402,699,0.28742922842502594
402,700,0.3093574792146683
402,701,0.3282597263654073
402,702,0.30978203813234967
402,703,0.3131849765777588
402,704,0.31105750799179077
402,705,0.30689679582913715
402,706,0.32440140346686047
402,707,0.29564859469731647
402,708,0.3094763954480489
402,709,0.2989906370639801
402,710,0.3073713431755702
402,711,0.2902808338403702
402,712,0.3119000047445297
402,713,0.28732137630383175
402,714,0.28727150956789654
402,715,0.29812975724538165
402,716,0.29934296508630115
402,717,0.27955737461646396
402,718,0.3175165007511775
402,719,0.30909160772959393
402,720,0.30077267189820606
402,721,0.27352380255858105
402,722,0.2804255361358325
402,723,0.3102604200442632
402,724,0.2787285993496577
402,725,0.2956743190685908
402,726,0.2811598479747772
402,727,0.27873415251572925
402,728,0.2946670005718867
402,729,0.30455737312634784
402,730,0.28675364951292676
402,731,0.29581457873185474
402,732,0.27882998685042065
402,733,0.30251485606034595
402,734,0.2938024252653122
402,735,0.2832293212413788
402,736,0.29744138816992444
402,737,0.2872958878676097
402,738,0.28818562626838684
402,739,0.2737041438619296
402,740,0.2839917838573456
402,741,0.2883914237221082
402,742,0.28923938423395157
402,743,0.28083206216494244
402,744,0.29426466921965283
402,745,0.27333252628644306
402,746,0.28767699499924976
402,747,0.2903771748145421
402,748,0.2962755759557088
402,749,0.27393637349208194
402,750,0.31277432044347125
402,751,0.29420436422030133
402,752,0.28595102826754254
402,753,0.28585294634103775
402,754,0.29158683121204376
402,755,0.2873878429333369
402,756,0.2799219414591789
402,757,0.2943877677122752
402,758,0.30012443164984387
402,759,0.29730549454689026
402,760,0.3051840116580327
402,761,0.28483618795871735
402,762,0.3138461112976074
402,763,0.30810800443092984
402,764,0.2941656857728958
402,765,0.29786742230256397
402,766,0.28916239241758984
402,767,0.28084923326969147
402,768,0.2708824848135312
402,769,0.28612904747327167
402,770,0.28941909968852997
402,771,0.29224708676338196
402,772,0.2815665006637573
402,773,0.2784302184979121
402,774,0.2955085138479869
402,775,0.3011943946282069
402,776,0.2731129651268323
402,777,0.2837115079164505
402,778,0.291328767935435
402,779,0.27160687496264774
402,780,0.3048998216787974
402,781,0.2605683133006096
402,782,0.29135893781979877
402,783,0.3000989804665248
402,784,0.30354883273442584
402,785,0.2945709675550461
402,786,0.29091467956701916
402,787,0.2935005724430084
402,788,0.2781139413515727
402,789,0.29151180386543274
402,790,0.3000527371962865
402,791,0.2822227229674657
402,792,0.29021113614241284
402,793,0.28564253946145374
402,794,0.29168881972630817
402,795,0.28310923526684445
402,796,0.2722943325837453
402,797,0.3043418899178505
402,798,0.27324041227499646
402,799,0.2674986943602562
402,800,0.28828490773836773
402,801,0.2950064390897751
402,802,0.2994948426882426
402,803,0.2877451479434967
402,804,0.2904082039992015
402,805,0.2916204283634822
402,806,0.2926526665687561
402,807,0.2978164752324422
402,808,0.28523847957452136
402,809,0.28070395688215893
402,810,0.290308619538943
402,811,0.29397589961687726
402,812,0.27960748970508575
402,813,0.2916727314392726
402,814,0.2795090203483899
402,815,0.2681564812858899
402,816,0.29299932221571606
402,817,0.281141459941864
402,818,0.28612418472766876
402,819,0.28911087413628894
402,820,0.2757689679662387
402,821,0.29119522372881573
402,822,0.2821044574181239
402,823,0.2760001023610433
402,824,0.2829076324899991
402,825,0.3039818654457728
402,826,0.2719770496090253
402,827,0.2663063456614812
402,828,0.2731138691306114
402,829,0.31191106140613556
402,830,0.2855975280205409
402,831,0.2926774322986603
402,832,0.28547002623478573
402,833,0.28985794881979626
402,834,0.2841185728708903
402,835,0.2832603082060814
402,836,0.290516455968221
402,837,0.28305666148662567
402,838,0.2950525979200999
402,839,0.29035215576489765
402,840,0.29068641861279804
402,841,0.30436307688554126
402,842,0.28323152164618176
402,843,0.27468206733465195
402,844,0.29328182339668274
402,845,0.2797633906205495
402,846,0.2827468663454056
402,847,0.3046260178089142
402,848,0.27708715697129566
402,849,0.27392685910065967
402,850,0.28842851519584656
402,851,0.27936328450838727
402,852,0.2914545287688573
402,853,0.26346078018347424
402,854,0.28354112803936005
402,855,0.26899919907251996
402,856,0.2701907902956009
402,857,0.27549319714307785
402,858,0.2756148849924405
402,859,0.25152984261512756
402,860,0.28349146991968155
402,861,0.3035820921262105
402,862,0.2713625530401866
402,863,0.29362909495830536
402,864,0.2877124051253001
402,865,0.26964887728293735
402,866,0.29335589706897736
402,867,0.3022734622160594
402,868,0.2888173460960388
402,869,0.2745424707730611
402,870,0.2717321639259656
402,871,0.2670938769976298
402,872,0.2752564971645673
402,873,0.28517422328392666
402,874,0.26060283680756885
402,875,0.2763208672404289
402,876,0.28945304950078327
402,877,0.2887766758600871
402,878,0.2739032631119092
402,879,0.3063281625509262
402,880,0.28167938937743503
402,881,0.2801545312007268
402,882,0.27868571132421494
402,883,0.27110876391331357
402,884,0.2643045460184415
402,885,0.29407809178034466
402,886,0.2744562526543935
402,887,0.28991790612538654
402,888,0.28460943698883057
402,889,0.2824151615301768
402,890,0.2735945185025533
402,891,0.2700112834572792
402,892,0.28605292985836667
402,893,0.27835247417291004
402,894,0.2781575570503871
402,895,0.2556137094895045
402,896,0.282274732987086
402,897,0.2758266478776932
402,898,0.2806531861424446
402,899,0.28741688281297684
402,900,0.28235289951165515
402,901,0.29722099006175995
402,902,0.2635060250759125
402,903,0.29047846297423047
402,904,0.2667187874515851
402,905,0.2635558471083641
402,906,0.26174892981847125
402,907,0.27732328325510025
402,908,0.270492563645045
402,909,0.2577301636338234
402,910,0.2947477598985036
402,911,0.2853792558113734
402,912,0.26999902228514355
402,913,0.2581874256332715
402,914,0.2991274446249008
402,915,0.2768531118830045
402,916,0.26360803345839184
402,917,0.2702147364616394
402,918,0.27623805155356723
402,919,0.2755301098028819
402,920,0.2661610320210457
402,921,0.2701026275753975
402,922,0.2666625107328097
402,923,0.2739981437722842
402,924,0.28252578775087994
402,925,0.2776917467514674
402,926,0.2675844704111417
402,927,0.2849600960810979
402,928,0.2517540032664935
402,929,0.2823565949996312
402,930,0.28387535115083057
402,931,0.278784915804863
402,932,0.28642095625400543
402,933,0.28041504820187885
402,934,0.2779865215222041
402,935,0.27152250458796817
402,936,0.26688804229100543
402,937,0.2798975755771001
402,938,0.27437689900398254
402,939,0.2828971942265828
402,940,0.2805148810148239
402,941,0.28216148912906647
402,942,0.285896435379982
402,943,0.2758423835039139
402,944,0.2796746889750163
402,945,0.2659493734439214
402,946,0.27431439359982807
402,947,0.2728755871454875
402,948,0.2585502664248149
402,949,0.2568291773398717
402,950,0.26391226053237915
402,951,0.2833750049273173
402,952,0.2863202691078186
402,953,0.28571712225675583
402,954,0.26901688675085705
402,955,0.27944840490818024
402,956,0.280980850259463
402,957,0.2606673240661621
402,958,0.2683384120464325
402,959,0.2646082689364751
402,960,0.26488160838683444
402,961,0.2931973834832509
402,962,0.28412606567144394
402,963,0.29171715180079144
402,964,0.3001892740527789
402,965,0.29149115085601807
402,966,0.28647921482721966
402,967,0.2717144439617793
402,968,0.26571637640396756
402,969,0.266542283197244
402,970,0.26863186806440353
402,971,0.2724478517969449
402,972,0.24447721739610037
402,973,0.2653041531642278
402,974,0.28527453790108365
402,975,0.2734672750035922
402,976,0.2810863231619199
402,977,0.280685322980086
402,978,0.26237378517786664
402,979,0.29624731838703156
402,980,0.2769084498286247
402,981,0.27752626687288284
402,982,0.2602882335583369
402,983,0.2634498452146848
402,984,0.2792670627435048
402,985,0.2816149766246478
402,986,0.29110291600227356
402,987,0.26134199400742847
402,988,0.25803299248218536
402,989,0.28119514385859173
402,990,0.26773365090290707
402,991,0.27797768513361615
402,992,0.2785922239224116
402,993,0.2590826575954755
402,994,0.27493692686160404
402,995,0.2683253462115924
402,996,0.27891849478085834
402,997,0.2722143928209941
402,998,0.2747448881467183
402,999,0.2688208520412445
402,1000,0.26519887149333954
402,1001,0.26179884125789005
402,1002,0.2669174348314603
402,1003,0.2663211872180303
402,1004,0.26848432670036954
402,1005,0.2605191394686699
402,1006,0.2634499867757161
402,1007,0.2571019008755684
402,1008,0.26901401082674664
402,1009,0.2652173439661662
402,1010,0.287837952375412
402,1011,0.2740883380174637
402,1012,0.27340105672677356
402,1013,0.27915940930445987
402,1014,0.276385356982549
402,1015,0.2643539210160573
402,1016,0.29593710601329803
402,1017,0.26864103227853775
402,1018,0.2671843816836675
402,1019,0.27949435263872147
402,1020,0.2685922955473264
402,1021,0.27685198187828064
402,1022,0.2692096506555875
402,1023,0.2650253151853879
402,1024,0.265521802008152
402,1025,0.2757958769798279
402,1026,0.2539486438035965
402,1027,0.26474512865146
402,1028,0.2652390201886495
402,1029,0.27972590923309326
402,1030,0.23777082562446594
402,1031,0.2734063093860944
402,1032,0.253403976559639
402,1033,0.2637319043278694
402,1034,0.25811002651850384
402,1035,0.2731747974952062
402,1036,0.27540838966766995
402,1037,0.2697155823310216
402,1038,0.25922679901123047
402,1039,0.2682198037703832
402,1040,0.2638895735144615
402,1041,0.2526361520091693
402,1042,0.27622674653927487
402,1043,0.2633049761255582
402,1044,0.2698993682861328
402,1045,0.2703236664334933
402,1046,0.26020127286513645
402,1047,0.27099184940258664
402,1048,0.26050925999879837
402,1049,0.2737126151720683
402,1050,0.2651114488641421
402,1051,0.29202797015508014
402,1052,0.26558886965115863
402,1053,0.2827676261464755
402,1054,0.2735896160205205
402,1055,0.24688937018314996
402,1056,0.2642490540941556
402,1057,0.26684541006882984
402,1058,0.27889198313156766
402,1059,0.2475400318702062
402,1060,0.2768148109316826
402,1061,0.2734757413466771
402,1062,0.2452209418018659
402,1063,0.2743866940339406
402,1064,0.274792917072773
402,1065,0.27793220927317935
402,1066,0.28484038015206653
402,1067,0.28200074781974155
402,1068,0.26444704830646515
402,1069,0.2800983289877574
402,1070,0.25663936138153076
402,1071,0.2769101063410441
402,1072,0.2673419465621312
402,1073,0.2721734667817752
402,1074,0.27354299028714496
402,1075,0.2552722841501236
402,1076,0.27632706612348557
402,1077,0.2696542516350746
402,1078,0.264694685737292
402,1079,0.24856853733460108
402,1080,0.26332756628592807
402,1081,0.26586486647526425
402,1082,0.2575460771719615
402,1083,0.260109821955363
402,1084,0.2799616952737172
402,1085,0.268998625377814
402,1086,0.2535581961274147
402,1087,0.2572438170512517
402,1088,0.2576405331492424
402,1089,0.26898636917273205
402,1090,0.2732603847980499
402,1091,0.26011502742767334
402,1092,0.270188848177592
402,1093,0.2623572573065758
402,1094,0.25634828706582385
402,1095,0.25856030732393265
402,1096,0.2569853216409683
402,1097,0.27036261806885403
402,1098,0.25877335915962857
402,1099,0.24774313469727835
402,1100,0.24825098117192587
402,1101,0.27623964349428815
402,1102,0.27389685312906903
402,1103,0.2744726091623306
402,1104,0.27294617146253586
402,1105,0.24822809547185898
402,1106,0.2674213871359825
402,1107,0.2635688732067744
402,1108,0.26860450704892475
402,1109,0.2703392679492633
402,1110,0.24453027049700418
402,1111,0.25888534635305405
402,1112,0.25367749730745953
402,1113,0.2679489081104596
402,1114,0.251068539917469
402,1115,0.2709268232186635
402,1116,0.2694299767414729
402,1117,0.2999996989965439
402,1118,0.26352622359991074
402,1119,0.2789451877276103
402,1120,0.2780911276737849
402,1121,0.27189679940541583
402,1122,0.26986130823691684
402,1123,0.25115231921275455
402,1124,0.2501743833223979
402,1125,0.2414670909444491
402,1126,0.25728510071833927
402,1127,0.2682490944862366
402,1128,0.26239702850580215
402,1129,0.2542864605784416
402,1130,0.25859640290339786
402,1131,0.2543156370520592
402,1132,0.24953607966502508
402,1133,0.24327819049358368
402,1134,0.24752779056628546
402,1135,0.2469786579410235
402,1136,0.24311569084723791
402,1137,0.2547755017876625
402,1138,0.2557980765899022
402,1139,0.25127532333135605
402,1140,0.26662735641002655
402,1141,0.2636990894873937
402,1142,0.25205161919196445
402,1143,0.2581242024898529
402,1144,0.25536592801411945
402,1145,0.2550441150863965
402,1146,0.24794024974107742
402,1147,0.255071962873141
402,1148,0.2610985264182091
402,1149,0.26681667814652127
402,1150,0.24683924516042074
402,1151,0.2649410714705785
402,1152,0.24479437867800394
402,1153,0.25471178193887073
402,1154,0.26698694626490277
402,1155,0.24578610559304556
402,1156,0.2494198183218638
402,1157,0.24114192028840384
402,1158,0.2547716647386551
402,1159,0.2593614881237348
402,1160,0.2564143016934395
402,1161,0.2515738109747569
402,1162,0.24130395551522574
402,1163,0.2513932064175606
402,1164,0.24411850174268088
402,1165,0.2471854711572329
402,1166,0.24175010869900385
402,1167,0.25532293568054837
402,1168,0.2501376171906789
402,1169,0.28217658152182895
402,1170,0.27733080337444943
402,1171,0.2697092071175575
402,1172,0.2688051660855611
402,1173,0.2662683154145877
402,1174,0.2538666104276975
402,1175,0.24728786200284958
402,1176,0.26070906470219296
402,1177,0.2379245882232984
402,1178,0.25344989945491153
402,1179,0.23610086739063263
402,1180,0.26619282861550647
402,1181,0.26030026624600094
402,1182,0.2656902919212977
402,1183,0.27141279975573224
402,1184,0.2593369434277217
402,1185,0.257643257578214
402,1186,0.26927991211414337
402,1187,0.2541387528181076
402,1188,0.2716470758120219
402,1189,0.2458132008711497
402,1190,0.2591283693909645
402,1191,0.25969666490952176
402,1192,0.2516201039155324
402,1193,0.2624359801411629
402,1194,0.2515333394209544
402,1195,0.24404909958442053
402,1196,0.25047581394513446
402,1197,0.25812657674153644
402,1198,0.2661078820625941
402,1199,0.253245584666729
402,1200,0.24937665462493896
402,1201,0.2751975357532501
402,1202,0.27109993000825244
402,1203,0.2606809015075366
402,1204,0.2584926237662633
402,1205,0.2636842578649521
402,1206,0.26048754155635834
402,1207,0.2623441442847252
402,1208,0.26934458315372467
402,1209,0.26318883647521335
402,1210,0.24616955469051996
402,1211,0.24680771678686142
402,1212,0.28684744238853455
402,1213,0.23656761894623438
402,1214,0.2598586554328601
402,1215,0.26070960362752277
402,1216,0.2701311508814494
402,1217,0.23915512611468634
402,1218,0.25676793108383816
402,1219,0.24085259437561035
402,1220,0.24710173656543097
402,1221,0.24716238925854364
402,1222,0.25226950148741406
402,1223,0.27817781269550323
402,1224,0.2342280000448227
402,1225,0.24422059456507364
402,1226,0.25582192093133926
402,1227,0.2435747062166532
402,1228,0.2577350015441577
402,1229,0.24418165783087412
402,1230,0.24281221628189087
402,1231,0.24719522148370743
402,1232,0.2500629847248395
402,1233,0.2700345491369565
402,1234,0.2647070859869321
402,1235,0.24734625965356827
402,1236,0.2713789890209834
402,1237,0.25020165741443634
402,1238,0.24249355991681418
402,1239,0.24674822886784872
402,1240,0.25228002419074375
402,1241,0.2565664624174436
402,1242,0.2278769463300705
402,1243,0.2634776284297307
402,1244,0.248601367076238
402,1245,0.2503179609775543
402,1246,0.24391080935796103
402,1247,0.24150101840496063
402,1248,0.24688718716303507
402,1249,0.2378577267130216
402,1250,0.26220162957906723
402,1251,0.2565572187304497
402,1252,0.23863732814788818
402,1253,0.26956187685330707
402,1254,0.2454752897222837
402,1255,0.2504069258769353
402,1256,0.2638711879650752
402,1257,0.23461766292651495
402,1258,0.2459079772233963
402,1259,0.2543700536092122
402,1260,0.23865272601445517
402,1261,0.2664373368024826
402,1262,0.26986099282900494
402,1263,0.24614558617273966
402,1264,0.2677583197752635
402,1265,0.26046912123759586
402,1266,0.25878388931353885
402,1267,0.2565075730284055
402,1268,0.25443320473035175
402,1269,0.2589719593524933
402,1270,0.2552758927146594
402,1271,0.2529595121741295
402,1272,0.2673829620083173
402,1273,0.25259063641230267
402,1274,0.25182253619035083
402,1275,0.2605092376470566
402,1276,0.26645870010058087
402,1277,0.25554701685905457
402,1278,0.2415424808859825
402,1279,0.2614784662922223
402,1280,0.25239967306454975
402,1281,0.2564482167363167
402,1282,0.25799428174893063
402,1283,0.24398936331272125
402,1284,0.24637287855148315
402,1285,0.24115253736575445
402,1286,0.25081705302000046
402,1287,0.2422072490056356
402,1288,0.2709539209802945
402,1289,0.242589570581913
402,1290,0.2434429128964742
402,1291,0.24050375570853552
402,1292,0.24752874672412872
402,1293,0.25561242550611496
402,1294,0.25039445608854294
402,1295,0.2482038214802742
402,1296,0.26062945773204166
402,1297,0.25075776875019073
402,1298,0.24409552166859308
402,1299,0.26543164253234863
402,1300,0.23804928610722223
402,1301,0.23640954742829004
402,1302,0.2600528945525487
402,1303,0.24105718483527502
402,1304,0.23931617786486944
402,1305,0.2318564901749293
402,1306,0.2641235167781512
402,1307,0.28023674090703327
402,1308,0.2564135690530141
402,1309,0.2774281178911527
402,1310,0.24177568405866623
402,1311,0.24198909848928452
402,1312,0.2623997653524081
402,1313,0.2443002685904503
402,1314,0.2435570408900579
402,1315,0.25912533948818844
402,1316,0.25555044412612915
402,1317,0.26937951644261676
402,1318,0.26448939740657806
402,1319,0.24987966815630594
402,1320,0.2280450090765953
402,1321,0.2566307683785756
402,1322,0.2577635993560155
402,1323,0.24908267458279928
402,1324,0.2565242523948352
402,1325,0.2678249776363373
402,1326,0.2519100184241931
402,1327,0.27105359981457394
402,1328,0.24860643843809763
402,1329,0.24710898598035178
402,1330,0.24340169876813889
402,1331,0.24400711556275687
402,1332,0.23726806292931238
402,1333,0.21890262514352798
402,1334,0.22491886715094248
402,1335,0.24514170487721762
402,1336,0.25829356412092846
402,1337,0.23646469910939535
402,1338,0.25182413558165234
402,1339,0.24118061363697052
402,1340,0.23892987022797266
402,1341,0.2675128901998202
402,1342,0.25386501600344974
402,1343,0.25455399105946225
402,1344,0.2597273414333661
402,1345,0.24274265269438425
402,1346,0.2408908729751905
402,1347,0.24956640352805456
402,1348,0.2448770801226298
402,1349,0.2467655142148336
402,1350,0.24035220593214035
402,1351,0.23621405164400736
402,1352,0.27063178767760593
402,1353,0.2456409881512324
402,1354,0.2543864498535792
402,1355,0.23252830654382706
402,1356,0.26357605556646985
402,1357,0.24765800187985101
402,1358,0.25395438075065613
402,1359,0.23977394650379816
402,1360,0.2575399602452914
402,1361,0.25245217730601627
402,1362,0.24763040244579315
402,1363,0.24698499838511148
402,1364,0.2478590781490008
402,1365,0.24393939971923828
402,1366,0.26338082551956177
402,1367,0.2570367430647214
402,1368,0.25752411286036175
402,1369,0.24404911945263544
402,1370,0.2419463743766149
402,1371,0.23825609683990479
402,1372,0.2366960197687149
402,1373,0.26377348105112713
402,1374,0.23801780243714651
402,1375,0.23650425672531128
402,1376,0.2182888463139534
402,1377,0.24057965477307638
402,1378,0.2314514915148417
402,1379,0.2519092212120692
402,1380,0.2549213965733846
402,1381,0.2601085404555003
402,1382,0.24781466027100882
402,1383,0.2493689383069674
402,1384,0.24176562577486038
402,1385,0.24793839951356253
402,1386,0.25188008447488147
402,1387,0.2381660963098208
402,1388,0.26241277406613034
402,1389,0.24801985919475555
402,1390,0.23821792751550674
402,1391,0.2440610552827517
402,1392,0.25780407587687176
402,1393,0.23423211524883905
402,1394,0.24158796668052673
402,1395,0.25626686960458755
402,1396,0.24983751773834229
402,1397,0.23471338550249735
402,1398,0.242351233959198
402,1399,0.23804888377587
402,1400,0.23635094861189523
402,1401,0.2457067295908928
402,1402,0.2559738631049792
402,1403,0.2613222772876422
402,1404,0.23748586078484854
402,1405,0.2445152352253596
402,1406,0.24353769918282828
402,1407,0.23539533962806067
402,1408,0.21856923401355743
402,1409,0.227092278500398
402,1410,0.2406445617477099
402,1411,0.24191157271464667
402,1412,0.24333278834819794
402,1413,0.2389049952228864
402,1414,0.23865826427936554
402,1415,0.22791514545679092
402,1416,0.2535427113374074
402,1417,0.24858779708544412
402,1418,0.2557769666115443
402,1419,0.2428746595978737
402,1420,0.23215249925851822
402,1421,0.246375302473704
402,1422,0.2426933248837789
402,1423,0.24019389102856317
402,1424,0.246036097407341
402,1425,0.2558886855840683
402,1426,0.24066364268461862
402,1427,0.2508436217904091
402,1428,0.26171087970336276
402,1429,0.2463089699546496
402,1430,0.236467016239961
402,1431,0.2551928882797559
402,1432,0.22079366693894067
402,1433,0.23391496886809668
402,1434,0.24063188085953394
402,1435,0.24589154372612634
402,1436,0.23400387664635977
402,1437,0.24574499080578485
402,1438,0.2519804562131564
402,1439,0.2421483670671781
402,1440,0.24441409359375635
402,1441,0.23941566050052643
402,1442,0.2670974060893059
402,1443,0.24959167589743933
402,1444,0.24022742360830307
402,1445,0.24264047791560492
402,1446,0.256724052131176
402,1447,0.23072490592797598
402,1448,0.2660207549730937
402,1449,0.24325095613797507
402,1450,0.24577988435824713
402,1451,0.2738252406318982
402,1452,0.25991346190373105
402,1453,0.26180199533700943
402,1454,0.2661588713526726
402,1455,0.24101663132508597
402,1456,0.21989901860555014
402,1457,0.2325539862116178
402,1458,0.23479109505812326
402,1459,0.22623115529616675
402,1460,0.2239347199598948
402,1461,0.21637098987897238
402,1462,0.2401877964536349
402,1463,0.23521298418442407
402,1464,0.2198981742064158
402,1465,0.23426694919665655
402,1466,0.24167930831511816
402,1467,0.2580794195334117
402,1468,0.24282952894767126
402,1469,0.2663921043276787
402,1470,0.2525240480899811
402,1471,0.24110987534125647
402,1472,0.24529939144849777
402,1473,0.2646757860978444
402,1474,0.2403154025475184
402,1475,0.24275006850560507
402,1476,0.25176234791676205
402,1477,0.25193912039200467
402,1478,0.2308660571773847
402,1479,0.24808356910943985
402,1480,0.22241992751757303
402,1481,0.23563988755146661
402,1482,0.23571467399597168
402,1483,0.23754323770602545
402,1484,0.2387927124897639
402,1485,0.24608532339334488
402,1486,0.23371760795513788
402,1487,0.2271419589718183
402,1488,0.23768079529205957
402,1489,0.24478468795617422
402,1490,0.23628171533346176
402,1491,0.22639570385217667
402,1492,0.23841068396965662
402,1493,0.23451102524995804
402,1494,0.2388000786304474
402,1495,0.2506523057818413
402,1496,0.23165918638308844
402,1497,0.23161144057909647
402,1498,0.23185996959606806
402,1499,0.2363254353404045
402,1500,0.24145868917306265
402,1501,0.2356248746315638
402,1502,0.2335225616892179
402,1503,0.2491877873738607
402,1504,0.23855156948169073
402,1505,0.2188853919506073
402,1506,0.23186925798654556
402,1507,0.23783903320630392
402,1508,0.23687037825584412
402,1509,0.23170955727497736
402,1510,0.23581721633672714
402,1511,0.23377617448568344
402,1512,0.2442676896850268
402,1513,0.2434727574388186
402,1514,0.24251528084278107
402,1515,0.232216643790404
402,1516,0.23011536647876105
402,1517,0.2325394799311956
402,1518,0.23748725155989328
402,1519,0.26907166093587875
402,1520,0.24245244761308035
402,1521,0.24765615413586298
402,1522,0.2550081859032313
402,1523,0.22465435415506363
402,1524,0.23553276807069778
402,1525,0.23410270114739737
402,1526,0.24077913165092468
402,1527,0.23394822577635446
402,1528,0.23770122478405634
402,1529,0.2378613551457723
402,1530,0.2340924342473348
402,1531,0.24520251403252283
402,1532,0.2465057224035263
402,1533,0.23470685879389444
402,1534,0.23723861078421274
402,1535,0.2557026396195094
402,1536,0.24284235636393228
402,1537,0.2413556103905042
402,1538,0.25016817698876065
402,1539,0.22592687606811523
402,1540,0.24818740040063858
402,1541,0.24791395912567774
402,1542,0.24610751867294312
402,1543,0.24331520994504294
402,1544,0.2325692574183146
402,1545,0.23373340566953024
402,1546,0.21989189088344574
402,1547,0.2542307401696841
402,1548,0.23578930149475733
402,1549,0.23462769389152527
402,1550,0.2436190148194631
402,1551,0.24552544206380844
402,1552,0.24065736681222916
402,1553,0.25239230692386627
402,1554,0.2381685127814611
402,1555,0.23927423854668936
402,1556,0.2372128590941429
402,1557,0.22894499450922012
402,1558,0.23088988165060678
402,1559,0.24304762482643127
402,1560,0.23245423287153244
402,1561,0.24140191078186035
402,1562,0.23244632283846536
402,1563,0.23316186418135962
402,1564,0.21483228355646133
402,1565,0.2347723444302877
402,1566,0.23540678371985754
402,1567,0.22704268246889114
402,1568,0.23572340359290442
402,1569,0.2516444077094396
402,1570,0.22645840545495352
402,1571,0.2316190799077352
402,1572,0.2398404280344645
402,1573,0.225982166826725
402,1574,0.24140069633722305
402,1575,0.2336515337228775
402,1576,0.24707227448622385
402,1577,0.24883044014374414
402,1578,0.22879189749558768
402,1579,0.25440597037474316
402,1580,0.23882286498943964
402,1581,0.2298031523823738
402,1582,0.2289955789844195
402,1583,0.21939735362927118
402,1584,0.23155765235424042
402,1585,0.22452985495328903
402,1586,0.23709808538357416
402,1587,0.2248786985874176
402,1588,0.22441141307353973
402,1589,0.24523778011401495
402,1590,0.23226252694924673
402,1591,0.24420307079950967
402,1592,0.25420886774857837
402,1593,0.22559673835833868
402,1594,0.22633990893761316
402,1595,0.24474671483039856
402,1596,0.2284040004014969
402,1597,0.23158408453067145
402,1598,0.2483055740594864
402,1599,0.23588419208923975
402,1600,0.2546963368852933
402,1601,0.25160524000724155
402,1602,0.22758319973945618
402,1603,0.24066947400569916
402,1604,0.22483562926451364
402,1605,0.24833046893278757
402,1606,0.22963635126749674
402,1607,0.2482294961810112
402,1608,0.23700129489103952
402,1609,0.2293890416622162
402,1610,0.233436219394207
402,1611,0.2300435776511828
402,1612,0.22748475770155588
402,1613,0.21353252232074738
402,1614,0.2067159190773964
402,1615,0.2356905291477839
402,1616,0.23182623336712518
402,1617,0.22741696486870447
402,1618,0.2423952097694079
402,1619,0.2235949585835139
402,1620,0.22668438653151193
402,1621,0.24173139780759811
402,1622,0.23378256460030875
402,1623,0.246006873746713
402,1624,0.22909796983003616
402,1625,0.22600214183330536
402,1626,0.24518948048353195
402,1627,0.23408163587252298
402,1628,0.24132958302895227
402,1629,0.24901424100001654
402,1630,0.2276186520854632
402,1631,0.20946895827849707
402,1632,0.21404780199130377
402,1633,0.222962054113547
402,1634,0.21752901375293732
402,1635,0.23016722003618875
402,1636,0.23405912766853967
402,1637,0.25231404105822247
402,1638,0.2319632445772489
402,1639,0.23260058959325156
402,1640,0.23480231314897537
402,1641,0.23593083520730337
402,1642,0.22016410529613495
402,1643,0.24885866542657217
402,1644,0.22849660366773605
402,1645,0.2336087798078855
402,1646,0.2419232502579689
402,1647,0.22289445251226425
402,1648,0.23472191393375397
402,1649,0.21832422663768133
402,1650,0.22290987769762674
402,1651,0.22622035443782806
402,1652,0.23033825308084488
402,1653,0.24110342065493265
402,1654,0.2524890750646591
402,1655,0.25089727093776065
402,1656,0.22951547801494598
402,1657,0.23622964322566986
402,1658,0.23666886240243912
402,1659,0.25474586089452106
402,1660,0.2342833156387011
402,1661,0.2528616264462471
402,1662,0.2454366311430931
402,1663,0.22226913024981818
402,1664,0.22182583063840866
402,1665,0.2199508547782898
402,1666,0.24156451721986136
402,1667,0.2260430951913198
402,1668,0.24913610517978668
402,1669,0.22804236908753714
402,1670,0.21712427337964377
402,1671,0.22681905825932822
402,1672,0.22368816286325455
402,1673,0.2243278200427691
402,1674,0.220452052851518
402,1675,0.2465938702225685
402,1676,0.24056567500034967
402,1677,0.23031590382258096
402,1678,0.22462401539087296
402,1679,0.23753681033849716
402,1680,0.22671277821063995
402,1681,0.22432194650173187
402,1682,0.2181831176082293
402,1683,0.22261337687571844
402,1684,0.22157338758309683
402,1685,0.2326351230343183
402,1686,0.22104796270529428
402,1687,0.23821074267228445
402,1688,0.2419157549738884
402,1689,0.2354857474565506
402,1690,0.2198657070597013
402,1691,0.22601773838202158
402,1692,0.23520078510046005
402,1693,0.2413198227683703
402,1694,0.22316147138675055
402,1695,0.24946079403162003
402,1696,0.2320744494597117
402,1697,0.23875492562850317
402,1698,0.21554978440205255
402,1699,0.20890874167283377
402,1700,0.21521969884634018
402,1701,0.2407486786444982
402,1702,0.2251434326171875
402,1703,0.2145781616369883
402,1704,0.2633057236671448
402,1705,0.21650707721710205
402,1706,0.23854091266791025
402,1707,0.23536744465430579
402,1708,0.22881821046272913
402,1709,0.22810463855663934
402,1710,0.2216083159049352
402,1711,0.21596916516621908
402,1712,0.2268918106953303
402,1713,0.24890653043985367
402,1714,0.24034669250249863
402,1715,0.23272953679164252
402,1716,0.2264015053709348
402,1717,0.22058330476284027
402,1718,0.22429227083921432
402,1719,0.22256717085838318
402,1720,0.2334165299932162
402,1721,0.2336770420273145
402,1722,0.23436895509560904
402,1723,0.23200212170680365
402,1724,0.24437685310840607
402,1725,0.23879486074050268
402,1726,0.22100948294003805
402,1727,0.21864739060401917
402,1728,0.23494850099086761
402,1729,0.21821080148220062
402,1730,0.22543777028719583
402,1731,0.22257124135891596
402,1732,0.2458449254433314
402,1733,0.2412351742386818
402,1734,0.24114382515350977
402,1735,0.24361362059911093
402,1736,0.22892710069815317
402,1737,0.22192831337451935
402,1738,0.2177701716621717
402,1739,0.22295738259951273
402,1740,0.22257049133380255
402,1741,0.21526172508796057
402,1742,0.24428540468215942
402,1743,0.20611606786648431
402,1744,0.22635670751333237
402,1745,0.21810507774353027
402,1746,0.2089360604683558
402,1747,0.22556938230991364
402,1748,0.2346054936448733
402,1749,0.21883045136928558
402,1750,0.2657880559563637
402,1751,0.2137664407491684
402,1752,0.24972830216089884
402,1753,0.23458100855350494
402,1754,0.23203852276007333
402,1755,0.24892820666233698
402,1756,0.24282974004745483
402,1757,0.22570966184139252
402,1758,0.2404476379354795
402,1759,0.2379412204027176
402,1760,0.2395503024260203
402,1761,0.2212246631582578
402,1762,0.22432668755451837
402,1763,0.24245755622784296
402,1764,0.21970652788877487
402,1765,0.2407043824593226
402,1766,0.21535198638836542
402,1767,0.2313871035973231
402,1768,0.23354615767796835
402,1769,0.22582354644934335
402,1770,0.24892287949721018
402,1771,0.22681231796741486
402,1772,0.2375060791770617
402,1773,0.2601417576273282
402,1774,0.22777481625477472
402,1775,0.20957215627034506
402,1776,0.2442740797996521
402,1777,0.24665596336126328
402,1778,0.22489580263694128
402,1779,0.21982791274785995
402,1780,0.24514117340246835
402,1781,0.23221770425637564
402,1782,0.23090407500664392
402,1783,0.23118202884991965
402,1784,0.22886278728644052
402,1785,0.2180291066567103
402,1786,0.20405662804841995
402,1787,0.22079048802455267
402,1788,0.22054109225670496
402,1789,0.2214768479267756
402,1790,0.21019271512826285
402,1791,0.22077880054712296
402,1792,0.20847149441639581
402,1793,0.22484647234280905
402,1794,0.23093593368927637
402,1795,0.23684225976467133
402,1796,0.23898621648550034
402,1797,0.2458793247739474
402,1798,0.21793192625045776
402,1799,0.23649746676286063
402,1800,0.23089425514141718
402,1801,0.21646765371163687
402,1802,0.22151425232489905
402,1803,0.2098038593928019
402,1804,0.23585720111926398
402,1805,0.2252838040391604
402,1806,0.24048670132954916
402,1807,0.21381186693906784
402,1808,0.23043736318747202
402,1809,0.24393530935049057
402,1810,0.22935463984807333
402,1811,0.21973326057195663
402,1812,0.2126546005407969
402,1813,0.22580862045288086
402,1814,0.22578989962736765
402,1815,0.2283028612534205
402,1816,0.21998733033736548
402,1817,0.22513829171657562
402,1818,0.23871434728304544
402,1819,0.22356385737657547
402,1820,0.20948317646980286
402,1821,0.22574793299039206
402,1822,0.22413725405931473
402,1823,0.2142155021429062
402,1824,0.2063454439242681
402,1825,0.22469685226678848
402,1826,0.21737586706876755
402,1827,0.2193953494230906
402,1828,0.23463938881953558
402,1829,0.24178959429264069
402,1830,0.228368711968263
402,1831,0.2143285870552063
402,1832,0.22789774338404337
402,1833,0.22423271089792252
402,1834,0.23481820275386175
402,1835,0.24031872053941092
402,1836,0.21400070190429688
402,1837,0.2249330927928289
402,1838,0.23254409929116568
402,1839,0.22825623800357184
402,1840,0.21693348387877145
402,1841,0.24109221746524176
402,1842,0.2538335248827934
402,1843,0.22935108095407486
402,1844,0.23929148664077124
402,1845,0.24442808330059052
402,1846,0.23956871032714844
402,1847,0.2317179242769877
402,1848,0.21655714511871338
402,1849,0.22544493277867636
402,1850,0.21737756580114365
402,1851,0.22799577564001083
402,1852,0.22525819391012192
402,1853,0.21942283709843954
402,1854,0.22153730193773905
402,1855,0.22082086155811945
402,1856,0.22258040060599646
402,1857,0.20413331190745035
402,1858,0.23013474295536676
402,1859,0.22353163609902063
402,1860,0.22492439051469168
402,1861,0.23897553235292435
402,1862,0.22371565798918405
402,1863,0.21918819596370062
402,1864,0.23058461397886276
402,1865,0.2278731738527616
402,1866,0.22371236979961395
402,1867,0.22901054720083872
402,1868,0.22192282478014627
402,1869,0.22078956911961237
402,1870,0.21911081920067468
402,1871,0.23582465946674347
402,1872,0.22243336836496988
402,1873,0.23522567252318063
402,1874,0.23696289956569672
402,1875,0.23016254603862762
402,1876,0.219697967171669
402,1877,0.22505235175291696
402,1878,0.22275799016157785
402,1879,0.22029429425795874
402,1880,0.22615097959836325
402,1881,0.22642622143030167
402,1882,0.23385123908519745
402,1883,0.22967398663361868
402,1884,0.22770895808935165
402,1885,0.22673515230417252
402,1886,0.24144829312960306
402,1887,0.22389447937409082
402,1888,0.23257380723953247
402,1889,0.22486561288436255
402,1890,0.22561101615428925
402,1891,0.20898886024951935
402,1892,0.2374005193511645
402,1893,0.24726613610982895
402,1894,0.23729172348976135
402,1895,0.22988293319940567
402,1896,0.22803700218598047
402,1897,0.22202142576376596
402,1898,0.2337475394209226
402,1899,0.23524458209673563
402,1900,0.21320230513811111
402,1901,0.20467020074526468
402,1902,0.21007376909255981
402,1903,0.2101664866010348
402,1904,0.23660474767287573
402,1905,0.23138443877299628
402,1906,0.22723577916622162
402,1907,0.21511686344941458
402,1908,0.23336713761091232
402,1909,0.23823886116345724
402,1910,0.21609498312075934
402,1911,0.2380735899011294
402,1912,0.21833662688732147
402,1913,0.2304328332344691
402,1914,0.2168838009238243
402,1915,0.23211835324764252
402,1916,0.23114023605982462
402,1917,0.23058160146077475
402,1918,0.2094219227631887
402,1919,0.22999045252799988
402,1920,0.21820510427157083
402,1921,0.24273348351319632
402,1922,0.22916578501462936
402,1923,0.22321863224109015
402,1924,0.2443875645597776
402,1925,0.23991752167542776
402,1926,0.21646681427955627
402,1927,0.22524946431318918
402,1928,0.22173893948396048
402,1929,0.2334166094660759
402,1930,0.24036872883637747
402,1931,0.2202751636505127
402,1932,0.2367236241698265
402,1933,0.2253970354795456
402,1934,0.23948794851700464
402,1935,0.22762414067983627
402,1936,0.21874983112017313
402,1937,0.21685230980316797
402,1938,0.23589890946944556
402,1939,0.24056812624136606
402,1940,0.22909380743900934
402,1941,0.23005047192176184
402,1942,0.21602923423051834
402,1943,0.22088306148846945
402,1944,0.23713344832261404
402,1945,0.2200251097480456
402,1946,0.2313797896107038
402,1947,0.22213403632243475
402,1948,0.23365352054437002
402,1949,0.25563554217418033
402,1950,0.23271789153416952
403,1,1.795007308324178
403,2,1.1349578301111858
403,3,0.9709222813447317
403,4,0.8678497473398844
403,5,0.8502671321233114
403,6,0.800162116686503
403,7,0.7625490625699362
403,8,0.7249176303545634
403,9,0.7196285525957743
403,10,0.7056997617085775
403,11,0.7137555678685507
403,12,0.682555079460144
403,13,0.6810609300931295
403,14,0.6600819329420725
403,15,0.643602579832077
403,16,0.6451633671919504
403,17,0.6297132670879364
403,18,0.6118831237157186
403,19,0.5853201548258463
403,20,0.613174150387446
403,21,0.6047117908795675
403,22,0.6149873832861582
403,23,0.5676925977071127
403,24,0.5965807735919952
403,25,0.591261605421702
403,26,0.6232141355673472
403,27,0.5864689300457636
403,28,0.5767083466053009
403,29,0.5552860796451569
403,30,0.6078501641750336
403,31,0.5888587236404419
403,32,0.5684960881868998
403,33,0.5705633163452148
403,34,0.5391404628753662
403,35,0.5551496545473734
403,36,0.5647154649098715
403,37,0.5375727315743765
403,38,0.5584652423858643
403,39,0.4925869603951772
403,40,0.5232626448074976
403,41,0.5432636340459188
403,42,0.5665717025597891
403,43,0.5022386014461517
403,44,0.523812601963679
403,45,0.5324547986189524
403,46,0.5475225647290548
403,47,0.5048658500115076
403,48,0.5295252799987793
403,49,0.5291263510783514
403,50,0.516781305273374
403,51,0.498723308245341
403,52,0.5235383262236913
403,53,0.5023949245611826
403,54,0.5311149954795837
403,55,0.5017143686612447
403,56,0.5089102188746134
403,57,0.5155910005172094
403,58,0.5198696851730347
403,59,0.4937673509120941
403,60,0.49350006381670636
403,61,0.501025915145874
403,62,0.5109722216924032
403,63,0.5366718620061874
403,64,0.5048782924811045
403,65,0.4921010732650757
403,66,0.47219447791576385
403,67,0.48338888088862103
403,68,0.4756062676509221
403,69,0.5045239975055059
403,70,0.4950072268644969
403,71,0.4844854772090912
403,72,0.4581061253945033
403,73,0.48133766651153564
403,74,0.5114337652921677
403,75,0.48602140446503955
403,76,0.4598011275132497
403,77,0.49601610004901886
403,78,0.4965940862894058
403,79,0.49319735666116077
403,80,0.4781387746334076
403,81,0.4879225144783656
403,82,0.4626776824394862
403,83,0.4918099095424016
403,84,0.4414384414752324
403,85,0.4650181283553441
403,86,0.47531525790691376
403,87,0.4673519531885783
403,88,0.4541333019733429
403,89,0.43258653084437054
403,90,0.43953849871953327
403,91,0.437217116355896
403,92,0.46969592074553174
403,93,0.46179789304733276
403,94,0.45129189888636273
403,95,0.4848368416229884
403,96,0.4441807319720586
403,97,0.43120181063810986
403,98,0.4287108729283015
403,99,0.445877601703008
403,100,0.468606357773145
403,101,0.47499967614809674
403,102,0.4447598954041799
403,103,0.4677421649297078
403,104,0.4401577164729436
403,105,0.45133831600348157
403,106,0.4434866060813268
403,107,0.436351016163826
403,108,0.43525164326032
403,109,0.4505338470141093
403,110,0.42370686928431195
403,111,0.4352760910987854
403,112,0.4510982533295949
403,113,0.45207975308100384
403,114,0.4477688670158386
403,115,0.44247739513715106
403,116,0.446035494407018
403,117,0.422056312362353
403,118,0.4348674366871516
403,119,0.4185312936703364
403,120,0.42713003357251483
403,121,0.4431062440077464
403,122,0.4417787541945775
403,123,0.4359358449776967
403,124,0.4462731381257375
403,125,0.41362068553765613
403,126,0.43971562882264453
403,127,0.41172006726264954
403,128,0.4397521863381068
403,129,0.43837279081344604
403,130,0.4446823050578435
403,131,0.41694841782251996
403,132,0.43442191183567047
403,133,0.43072544535001117
403,134,0.4218997160593669
403,135,0.4699951112270355
403,136,0.4239519437154134
403,137,0.4310229967037837
403,138,0.4023881753285726
403,139,0.42388978600502014
403,140,0.4331633498271306
403,141,0.43506767849127453
403,142,0.39465946952501935
403,143,0.4293626894553502
403,144,0.43449148039023083
403,145,0.39434395730495453
403,146,0.41107044617335003
403,147,0.40646304686864215
403,148,0.4345451891422272
403,149,0.41324666639169055
403,150,0.43766892453034717
403,151,0.43918295701344806
403,152,0.4219047675530116
403,153,0.3964248150587082
403,154,0.4137083093325297
403,155,0.4090835154056549
403,156,0.4027361919482549
403,157,0.40542836487293243
403,158,0.41535671552022296
403,159,0.41823261976242065
403,160,0.4104006439447403
403,161,0.41400985916455585
403,162,0.40971006949742633
403,163,0.4018731564283371
403,164,0.4133297602335612
403,165,0.39656415581703186
403,166,0.40350158512592316
403,167,0.39200006425380707
403,168,0.41005727648735046
403,169,0.4231429845094681
403,170,0.42394059399763745
403,171,0.40652917822202045
403,172,0.3924238582452138
403,173,0.3976469387610753
403,174,0.41128242015838623
403,175,0.3900560090939204
403,176,0.4024549176295598
403,177,0.4387647608915965
403,178,0.40811776121457416
403,179,0.4144032498200734
403,180,0.40305949250857037
403,181,0.40571920077006024
403,182,0.3863556534051895
403,183,0.406562864780426
403,184,0.3948087890942891
403,185,0.3978347231944402
403,186,0.39437004427115124
403,187,0.392700935403506
403,188,0.44065332412719727
403,189,0.40713272492090863
403,190,0.39761334160963696
403,191,0.3991304337978363
403,192,0.3935152192910512
403,193,0.4070095916589101
403,194,0.39513209958871204
403,195,0.40040744344393414
403,196,0.410920649766922
403,197,0.39550019800662994
403,198,0.39385416110356647
403,199,0.40819219251473743
403,200,0.3932705322901408
403,201,0.39326903720696765
403,202,0.3903711289167404
403,203,0.4040892571210861
403,204,0.40081878503163654
403,205,0.381168266137441
403,206,0.3962889313697815
403,207,0.40914330383141834
403,208,0.3721735030412674
403,209,0.3652768482764562
403,210,0.3940742214520772
403,211,0.40552496910095215
403,212,0.38648831844329834
403,213,0.41337793072064716
403,214,0.40863941113154095
403,215,0.40508828560511273
403,216,0.4017212241888046
403,217,0.4027456392844518
403,218,0.3951644351085027
403,219,0.3867455671230952
403,220,0.3896636466185252
403,221,0.37899400293827057
403,222,0.3710147639115651
403,223,0.37755387524763745
403,224,0.40785491466522217
403,225,0.39132359623908997
403,226,0.3711899518966675
403,227,0.40815146764119464
403,228,0.37594351669152576
403,229,0.3730755498011907
403,230,0.3712852398554484
403,231,0.3729642480611801
403,232,0.39744500319163006
403,233,0.34897851447264355
403,234,0.3776986251274745
403,235,0.3719906409581502
403,236,0.35213665167490643
403,237,0.3715103616317113
403,238,0.4076073219378789
403,239,0.38235356907049817
403,240,0.3749317526817322
403,241,0.34870841602484387
403,242,0.3810267150402069
403,243,0.35567519068717957
403,244,0.38113267223040265
403,245,0.3754498263200124
403,246,0.38102876643339795
403,247,0.3909515490134557
403,248,0.37831807633241016
403,249,0.3644465704758962
403,250,0.3638780117034912
403,251,0.39503613114356995
403,252,0.37221667170524597
403,253,0.40110453963279724
403,254,0.3617660154898961
403,255,0.37289467950661975
403,256,0.3791609505812327
403,257,0.3867921680212021
403,258,0.3566860556602478
403,259,0.3765518218278885
403,260,0.35886431237061817
403,261,0.38189350068569183
403,262,0.3674215128024419
403,263,0.34821775555610657
403,264,0.34136458734671277
403,265,0.3779512941837311
403,266,0.3497094015280406
403,267,0.37060033281644184
403,268,0.378896822532018
403,269,0.3609604338804881
403,270,0.3813612312078476
403,271,0.37429992854595184
403,272,0.3608640929063161
403,273,0.38056836028893787
403,274,0.35518230497837067
403,275,0.3588584711154302
403,276,0.36448747913042706
403,277,0.373127614458402
403,278,0.37087727586428326
403,279,0.38004908462365466
403,280,0.38502999643484753
403,281,0.37412037948767346
403,282,0.35255350669225055
403,283,0.36411533256371814
403,284,0.36719011267026264
403,285,0.3701591342687607
403,286,0.35754042367140454
403,287,0.36882561445236206
403,288,0.3675967405239741
403,289,0.3899494558572769
403,290,0.3974723567565282
403,291,0.3870842556158702
403,292,0.3808683653672536
403,293,0.3655093212922414
403,294,0.3468653659025828
403,295,0.37047431369622547
403,296,0.3441682755947113
403,297,0.365292693177859
403,298,0.351431280374527
403,299,0.3568287491798401
403,300,0.3790608396132787
403,301,0.36138976116975147
403,302,0.35717183351516724
403,303,0.3514970690011978
403,304,0.36504698793093365
403,305,0.36960001786549884
403,306,0.3541899621486664
403,307,0.361133669813474
403,308,0.38917095959186554
403,309,0.3594055324792862
403,310,0.35797637204329175
403,311,0.3496703505516052
403,312,0.33520032465457916
403,313,0.3712225804726283
403,314,0.3660372296969096
403,315,0.37233124673366547
403,316,0.36037114759286243
403,317,0.3645053158203761
403,318,0.3605005343755086
403,319,0.3610503723224004
403,320,0.349845955769221
403,321,0.35758047302563983
403,322,0.35245366394519806
403,323,0.348036453127861
403,324,0.3538972983757655
403,325,0.3461388846238454
403,326,0.33097770313421887
403,327,0.3726554016272227
403,328,0.34947799642880756
403,329,0.3470594684282939
403,330,0.3500218739112218
403,331,0.356507271528244
403,332,0.3568428655465444
403,333,0.34506524602572125
403,334,0.3704223434130351
403,335,0.3443232278029124
403,336,0.347998042901357
403,337,0.33672065039475757
403,338,0.3390300472577413
403,339,0.36593713363011676
403,340,0.3501128951708476
403,341,0.3513541668653488
403,342,0.35408906638622284
403,343,0.33946168422698975
403,344,0.36160362263520557
403,345,0.3867659419775009
403,346,0.36126097043355304
403,347,0.36404535671075183
403,348,0.3523553858200709
403,349,0.35699503620465595
403,350,0.33849189678827923
403,351,0.33756571014722186
403,352,0.34354152778784436
403,353,0.3375509778658549
403,354,0.3334726393222809
403,355,0.3632002572218577
403,356,0.35354703664779663
403,357,0.3557775815327962
403,358,0.3512662301460902
403,359,0.3477996488412221
403,360,0.3321034808953603
403,361,0.3549254635969798
403,362,0.33420827984809875
403,363,0.3523371120293935
403,364,0.35479843119780224
403,365,0.35088615616162616
403,366,0.35407927135626477
403,367,0.35914115111033124
403,368,0.3584347714980443
403,369,0.36809755861759186
403,370,0.34254208703835803
403,371,0.3315066248178482
403,372,0.34371480842431384
403,373,0.3431894431511561
403,374,0.3543470154205958
403,375,0.3374130328496297
403,376,0.3478877892096837
403,377,0.3563101490338643
403,378,0.335411215821902
403,379,0.3498152295748393
403,380,0.34133271872997284
403,381,0.3443438708782196
403,382,0.32837555309136707
403,383,0.33633025487263996
403,384,0.3440639724334081
403,385,0.3403966873884201
403,386,0.3652701924244563
403,387,0.3716052571932475
403,388,0.3558235416809718
403,389,0.3405292083819707
403,390,0.35733310381571454
403,391,0.3561837524175644
403,392,0.32543177405993146
403,393,0.34629183014233905
403,394,0.34634312987327576
403,395,0.3388667553663254
403,396,0.3520154505968094
403,397,0.31884760161240894
403,398,0.3383469382921855
403,399,0.3354009836912155
403,400,0.33315609395504
403,401,0.33966876069704693
403,402,0.3295403867959976
403,403,0.3247886846462886
403,404,0.34239019453525543
403,405,0.35794492065906525
403,406,0.3766486942768097
403,407,0.34285621841748554
403,408,0.34150125086307526
403,409,0.34908469518025714
403,410,0.3532699644565582
403,411,0.3561711112658183
403,412,0.3294469366470973
403,413,0.34420178830623627
403,414,0.3186424871285756
403,415,0.35413984954357147
403,416,0.3330765018860499
403,417,0.3396572470664978
403,418,0.33902939160664874
403,419,0.310650959610939
403,420,0.32917652030785877
403,421,0.34416129688421887
403,422,0.32785022755463916
403,423,0.33871717751026154
403,424,0.32105816900730133
403,425,0.332786167661349
403,426,0.3505627562602361
403,427,0.334751491745313
403,428,0.3211587717135747
403,429,0.33296675980091095
403,430,0.33568285902341205
403,431,0.31771989166736603
403,432,0.33322493235270184
403,433,0.33710355559984845
403,434,0.3367989808320999
403,435,0.33643345534801483
403,436,0.3381448984146118
403,437,0.34515269100666046
403,438,0.308721383412679
403,439,0.317261944214503
403,440,0.3198888599872589
403,441,0.31723180413246155
403,442,0.32899369299411774
403,443,0.3290119469165802
403,444,0.34246156613032025
403,445,0.3399499903122584
403,446,0.32298628985881805
403,447,0.3408703456322352
403,448,0.3235546300808589
403,449,0.37248124678929645
403,450,0.3420317967732747
403,451,0.31717032194137573
403,452,0.316756213704745
403,453,0.3311231682697932
403,454,0.3146319439013799
403,455,0.3238169103860855
403,456,0.3294016669193904
403,457,0.315672626097997
403,458,0.3355813225110372
403,459,0.3070468803246816
403,460,0.3241756608088811
403,461,0.3241560955842336
403,462,0.3329680562019348
403,463,0.3312484174966812
403,464,0.3148057758808136
403,465,0.3292875538269679
403,466,0.3179516891638438
403,467,0.3418622463941574
403,468,0.32277001937230426
403,469,0.3351474702358246
403,470,0.33525260786215466
403,471,0.34111850957075757
403,472,0.3545367519060771
403,473,0.3337069054444631
403,474,0.3058866659800212
403,475,0.353888342777888
403,476,0.30950498084227246
403,477,0.31833409269650775
403,478,0.2998739530642827
403,479,0.3259746730327606
403,480,0.3502455453077952
403,481,0.3005266586939494
403,482,0.33615535497665405
403,483,0.3244898021221161
403,484,0.3379518787066142
403,485,0.31551526983579
403,486,0.33759690821170807
403,487,0.31447675824165344
403,488,0.3206736296415329
403,489,0.31200077136357623
403,490,0.33666595816612244
403,491,0.32147978246212006
403,492,0.3302014966805776
403,493,0.3193164865175883
403,494,0.31413276493549347
403,495,0.32735305031140643
403,496,0.34341347714265186
403,497,0.3168253501256307
403,498,0.3323562890291214
403,499,0.30844904979070026
403,500,0.32740789155165356
403,501,0.3171688864628474
403,502,0.31906918187936145
403,503,0.3233853379885356
403,504,0.319315825899442
403,505,0.3197176257769267
403,506,0.3148181239763896
403,507,0.3189864506324132
403,508,0.31015633046627045
403,509,0.3413552443186442
403,510,0.3145472953716914
403,511,0.33223119874795276
403,512,0.32550622522830963
403,513,0.3405785908301671
403,514,0.334415540099144
403,515,0.3253536820411682
403,516,0.31756336490313214
403,517,0.32995038231213886
403,518,0.3259250223636627
403,519,0.3159372607866923
403,520,0.3264876703421275
403,521,0.3355618665615718
403,522,0.33216096460819244
403,523,0.3173670719067256
403,524,0.31269216537475586
403,525,0.33471400539080304
403,526,0.3228450268507004
403,527,0.3205063392718633
403,528,0.3160265435775121
403,529,0.31820864975452423
403,530,0.3159806877374649
403,531,0.3113763779401779
403,532,0.3304622024297714
403,533,0.30704131722450256
403,534,0.3118739724159241
403,535,0.3088202973206838
403,536,0.3090306396285693
403,537,0.3346756001313527
403,538,0.330504188934962
403,539,0.32639992237091064
403,540,0.3256756862004598
403,541,0.3148859093586604
403,542,0.32907826205094654
403,543,0.3272363791863124
403,544,0.30213122566541034
403,545,0.3161194672187169
403,546,0.3311743388573329
403,547,0.30604492624600727
403,548,0.29276696344216663
403,549,0.31505875786145526
403,550,0.3084183285633723
403,551,0.30905696252981824
403,552,0.3241376082102458
403,553,0.31483903030554455
403,554,0.3074655185143153
403,555,0.303546001513799
403,556,0.3141743292411168
403,557,0.3165987680355708
403,558,0.32189832627773285
403,559,0.2914061446984609
403,560,0.29299190640449524
403,561,0.3071972628434499
403,562,0.296481932202975
403,563,0.3093727380037308
403,564,0.30940790474414825
403,565,0.30781324704488117
403,566,0.3034414251645406
403,567,0.3064103176196416
403,568,0.288731187582016
403,569,0.30744283894697827
403,570,0.3005998482306798
403,571,0.3186681568622589
403,572,0.3187355548143387
403,573,0.2994437664747238
403,574,0.3151004562775294
403,575,0.30882622798283893
403,576,0.3061744272708893
403,577,0.3056903084119161
403,578,0.30673982699712116
403,579,0.3126417249441147
403,580,0.3142549892266591
403,581,0.30852536608775455
403,582,0.31225622196992237
403,583,0.3136147658030192
403,584,0.30897314349810284
403,585,0.3098061829805374
403,586,0.3195151438315709
403,587,0.30363209545612335
403,588,0.320073460539182
403,589,0.2944526920715968
403,590,0.30271774530410767
403,591,0.2922547409931819
403,592,0.29219383001327515
403,593,0.3105851511160533
403,594,0.32446033259232837
403,595,0.3175434023141861
403,596,0.2889436160524686
403,597,0.29520733654499054
403,598,0.3206193248430888
403,599,0.3086751351753871
403,600,0.2957615504662196
403,601,0.3015849341948827
403,602,0.31434886157512665
403,603,0.2956417252620061
403,604,0.32172082364559174
403,605,0.28058038651943207
403,606,0.3034410973389943
403,607,0.3005952835083008
403,608,0.2936849097410838
403,609,0.31226005653540295
403,610,0.2967206984758377
403,611,0.30208519101142883
403,612,0.28692082564036053
403,613,0.2987890342871348
403,614,0.31460675100485486
403,615,0.3003732313712438
403,616,0.3066640297571818
403,617,0.3152820070584615
403,618,0.3216412365436554
403,619,0.27495287358760834
403,620,0.2869795213143031
403,621,0.3044770856698354
403,622,0.3148021399974823
403,623,0.2772847314675649
403,624,0.3049689730008443
403,625,0.32277393341064453
403,626,0.3082149972518285
403,627,0.30878975987434387
403,628,0.28448956708113354
403,629,0.3274124413728714
403,630,0.2983415375153224
403,631,0.2943537284930547
403,632,0.3133082191149394
403,633,0.3012020488580068
403,634,0.3039080649614334
403,635,0.32027994592984516
403,636,0.3060612231492996
403,637,0.29469310243924457
403,638,0.2847145001093547
403,639,0.27504628400007886
403,640,0.3109172284603119
403,641,0.2798781891663869
403,642,0.31385599573453266
403,643,0.32946303486824036
403,644,0.3305723120768865
403,645,0.30306442081928253
403,646,0.3122052103281021
403,647,0.3062217136224111
403,648,0.2969052443901698
403,649,0.29008330404758453
403,650,0.3057825167973836
403,651,0.30795522034168243
403,652,0.3133380909760793
403,653,0.3027753283580144
403,654,0.2934902062018712
403,655,0.305641233921051
403,656,0.3003854900598526
403,657,0.31057552993297577
403,658,0.2806392088532448
403,659,0.31427202622095746
403,660,0.2868924339612325
403,661,0.2874195824066798
403,662,0.2967699517806371
403,663,0.28332647184530896
403,664,0.3127804895242055
403,665,0.29430145521958667
403,666,0.30505546430746716
403,667,0.28460463881492615
403,668,0.27931029597918194
403,669,0.2867526039481163
403,670,0.2897426187992096
403,671,0.3093671202659607
403,672,0.30523112416267395
403,673,0.30625225106875104
403,674,0.2804308409492175
403,675,0.28892895579338074
403,676,0.2982892592748006
403,677,0.288877601424853
403,678,0.3082305093606313
403,679,0.3104506532351176
403,680,0.30856774747371674
403,681,0.30412112921476364
403,682,0.29301004608472186
403,683,0.30465419093767804
403,684,0.2816564589738846
403,685,0.2966081400712331
403,686,0.31097546219825745
403,687,0.29504548758268356
403,688,0.28476862112681073
403,689,0.29796042541662854
403,690,0.2984776000181834
403,691,0.2809409449497859
403,692,0.3233530173699061
403,693,0.3040360411008199
403,694,0.30765386919180554
403,695,0.29392192761103314
403,696,0.3156856993834178
403,697,0.2957284500201543
403,698,0.2971142629782359
403,699,0.296917383869489
403,700,0.2931101322174072
403,701,0.3035585284233093
403,702,0.2954093317190806
403,703,0.29541099071502686
403,704,0.27145018180211383
403,705,0.3070046802361806
403,706,0.303946594397227
403,707,0.3142615258693695
403,708,0.28060374160607654
403,709,0.29529591898123425
403,710,0.2844499374429385
403,711,0.29296041031678516
403,712,0.29644984006881714
403,713,0.29336515069007874
403,714,0.30252429594596225
403,715,0.2753998686869939
403,716,0.3003775030374527
403,717,0.28648337225119275
403,718,0.2824670424064
403,719,0.28410762051741284
403,720,0.2822925200064977
403,721,0.2813436488310496
403,722,0.2845878427227338
403,723,0.30388393501440686
403,724,0.2913126200437546
403,725,0.29966993629932404
403,726,0.3161413023869197
403,727,0.30076638360818225
403,728,0.2873093585173289
403,729,0.2824811389048894
403,730,0.2751066933075587
403,731,0.2962806249658267
403,732,0.3116949448982875
403,733,0.2987978955109914
403,734,0.2899175037940343
403,735,0.299409918487072
403,736,0.3041176050901413
403,737,0.2891615976889928
403,738,0.2853029891848564
403,739,0.2920643488566081
403,740,0.2891017124056816
403,741,0.29002825419108075
403,742,0.29935190081596375
403,743,0.28644999861717224
403,744,0.30909862120946247
403,745,0.3035894234975179
403,746,0.29008378585179645
403,747,0.29390886425971985
403,748,0.29551803568998974
403,749,0.2794626181324323
403,750,0.2893607517083486
403,751,0.28996729602416355
403,752,0.29844285051027936
403,753,0.28210317095120746
403,754,0.28544700642426807
403,755,0.28695790966351825
403,756,0.2818325608968735
403,757,0.2789485454559326
403,758,0.26169239977995556
403,759,0.2956296702226003
403,760,0.29528316855430603
403,761,0.2762242654959361
403,762,0.28860173126061756
403,763,0.29026452203591663
403,764,0.30310362080732983
403,765,0.2815231457352638
403,766,0.2917314867178599
403,767,0.2772735506296158
403,768,0.28266974290211994
403,769,0.2767766863107681
403,770,0.28263279298941296
403,771,0.27547256648540497
403,772,0.28389306863149005
403,773,0.29643726845582324
403,774,0.292805810769399
403,775,0.26953714340925217
403,776,0.29236331582069397
403,777,0.30561236540476483
403,778,0.2856300125519435
403,779,0.2903585036595662
403,780,0.2914328873157501
403,781,0.2940055876970291
403,782,0.27986469368139905
403,783,0.2814765473206838
403,784,0.30990415314833325
403,785,0.2897794544696808
403,786,0.28137344618638355
403,787,0.29534835120042163
403,788,0.2923872098326683
403,789,0.2911657691001892
403,790,0.2904708534479141
403,791,0.27748018006483716
403,792,0.2622121845682462
403,793,0.30304304758707684
403,794,0.2875741521517436
403,795,0.28904907902081806
403,796,0.2859846403201421
403,797,0.3001094361146291
403,798,0.2772151604294777
403,799,0.29396932820479077
403,800,0.28903313477834064
403,801,0.2716905549168587
403,802,0.2934279491504033
403,803,0.2829662437240283
403,804,0.27455560863018036
403,805,0.2736166442433993
403,806,0.28252627700567245
403,807,0.2738209168116252
403,808,0.2903165767590205
403,809,0.27907315889994305
403,810,0.28621403872966766
403,811,0.2831343685587247
403,812,0.2758816455801328
403,813,0.2926976978778839
403,814,0.2992978592713674
403,815,0.2792651951313019
403,816,0.281390721599261
403,817,0.28673651317755383
403,818,0.28675812979539234
403,819,0.26486282298962277
403,820,0.28221069773038227
403,821,0.2830299561222394
403,822,0.2682370568315188
403,823,0.27145340541998547
403,824,0.28761135538419086
403,825,0.2940783401330312
403,826,0.27340951065222424
403,827,0.27494742969671887
403,828,0.2874014874299367
403,829,0.2809759775797526
403,830,0.27892520775397617
403,831,0.2951575269301732
403,832,0.28446967403093976
403,833,0.2897460386157036
403,834,0.28046392401059467
403,835,0.2852655549844106
403,836,0.25060054411490756
403,837,0.2633507028222084
403,838,0.2572750548521678
403,839,0.2848792423804601
403,840,0.28519412875175476
403,841,0.2684852456053098
403,842,0.27982522547245026
403,843,0.273089533050855
403,844,0.2676992192864418
403,845,0.2872134943803151
403,846,0.2868162120381991
403,847,0.2829286406437556
403,848,0.29776692887147266
403,849,0.27561456461747486
403,850,0.2832393099864324
403,851,0.2798713793357213
403,852,0.26935800661643344
403,853,0.292082612713178
403,854,0.2930606007575989
403,855,0.29014208416144055
403,856,0.2789451132218043
403,857,0.2749774878223737
403,858,0.293377826611201
403,859,0.2819148004055023
403,860,0.2776808366179466
403,861,0.2901931405067444
403,862,0.28479333718617755
403,863,0.2673008193572362
403,864,0.273981049656868
403,865,0.28999999662240344
403,866,0.282652884721756
403,867,0.28809717297554016
403,868,0.27877485503753024
403,869,0.27509038150310516
403,870,0.2872387344638507
403,871,0.26382476339737576
403,872,0.2876235594352086
403,873,0.28366640706857044
403,874,0.27497078975041706
403,875,0.27676193912823993
403,876,0.27922578652699787
403,877,0.26849091549714404
403,878,0.2763524651527405
403,879,0.24840722978115082
403,880,0.2634154309829076
403,881,0.2705538521210353
403,882,0.2694038227200508
403,883,0.30288374423980713
403,884,0.2747792998949687
403,885,0.30269349614779156
403,886,0.26263892898956936
403,887,0.288082813223203
403,888,0.2555062994360924
403,889,0.2866757834951083
403,890,0.2776564210653305
403,891,0.26317190875609714
403,892,0.2976597100496292
403,893,0.28250111142794293
403,894,0.2688819120327632
403,895,0.2864627589782079
403,896,0.26930872599283856
403,897,0.25551704565684
403,898,0.2669306496779124
403,899,0.2721177438894908
403,900,0.2737656757235527
403,901,0.2752498810489972
403,902,0.26991698890924454
403,903,0.26294362793366116
403,904,0.27941887577374774
403,905,0.27687718470891315
403,906,0.28225675970315933
403,907,0.2930828382571538
403,908,0.2695399448275566
403,909,0.2849845786889394
403,910,0.267123743891716
403,911,0.2748105302453041
403,912,0.2950468808412552
403,913,0.27290476858615875
403,914,0.2730230664213498
403,915,0.2834582179784775
403,916,0.2751641993721326
403,917,0.26863161474466324
403,918,0.28034689277410507
403,919,0.2737937197089195
403,920,0.28255686660607654
403,921,0.29394906759262085
403,922,0.2772662490606308
403,923,0.2842506716648738
403,924,0.2862473130226135
403,925,0.268086110552152
403,926,0.30557815978924435
403,927,0.2857584208250046
403,928,0.27646266917387646
403,929,0.2749275788664818
403,930,0.2870876689751943
403,931,0.2783016264438629
403,932,0.2799646407365799
403,933,0.26505807042121887
403,934,0.24820324778556824
403,935,0.2826789543032646
403,936,0.281428058942159
403,937,0.27458619078000385
403,938,0.2784561390678088
403,939,0.27970944593350094
403,940,0.28325941661993664
403,941,0.2728479877114296
403,942,0.2534857814510663
403,943,0.26452213277419406
403,944,0.27526620278755826
403,945,0.26209696382284164
403,946,0.28047392268975574
403,947,0.27850979566574097
403,948,0.29537588357925415
403,949,0.28057439625263214
403,950,0.2613523428638776
403,951,0.2804656997323036
403,952,0.2711521163582802
403,953,0.2653569281101227
403,954,0.26835209876298904
403,955,0.2560080910722415
403,956,0.26518088082472485
403,957,0.2790880749622981
403,958,0.27456312378247577
403,959,0.2592098613580068
403,960,0.2632175212105115
403,961,0.27149240175882977
403,962,0.2892823616663615
403,963,0.2656759296854337
403,964,0.2833460420370102
403,965,0.2716347848375638
403,966,0.27232903987169266
403,967,0.2804482504725456
403,968,0.2832916850845019
403,969,0.25731926908095676
403,970,0.25528369347254437
403,971,0.26281633973121643
403,972,0.2742784172296524
403,973,0.25547875960667926
403,974,0.2501756673057874
403,975,0.2642141928275426
403,976,0.2682190189758937
403,977,0.2620375454425812
403,978,0.28906931976477307
403,979,0.2782241428891818
403,980,0.26850105573733646
403,981,0.24868672092755637
403,982,0.2581070388356845
403,983,0.24901488920052847
403,984,0.26938432455062866
403,985,0.25844115763902664
403,986,0.2746574530998866
403,987,0.2595510284105937
403,988,0.265622153878212
403,989,0.2798762420813243
403,990,0.2550828854242961
403,991,0.2675175592303276
403,992,0.26059429347515106
403,993,0.27052511274814606
403,994,0.2817142779628436
403,995,0.26611217111349106
403,996,0.26224840929110843
403,997,0.27348919461170834
403,998,0.28249592582384747
403,999,0.2671167676647504
403,1000,0.2629092410206795
403,1001,0.2801509847243627
403,1002,0.2570601428548495
403,1003,0.28045423328876495
403,1004,0.27219175050656
403,1005,0.25599565853675205
403,1006,0.26108639190594357
403,1007,0.256174457569917
403,1008,0.28714121629794437
403,1009,0.2817751268545787
403,1010,0.2780999541282654
403,1011,0.27344097942113876
403,1012,0.2761918579538663
403,1013,0.26914986222982407
403,1014,0.26970979819695157
403,1015,0.2501612777511279
403,1016,0.2709119071563085
403,1017,0.2526068761944771
403,1018,0.25418702761332196
403,1019,0.2848942428827286
403,1020,0.2556889553864797
403,1021,0.27760480095942813
403,1022,0.2544204667210579
403,1023,0.28502268095811206
403,1024,0.25864383081595105
403,1025,0.28151917705933255
403,1026,0.2803536703189214
403,1027,0.26054014762242633
403,1028,0.2696724583705266
403,1029,0.26476732393105823
403,1030,0.257055642704169
403,1031,0.2529103135069211
403,1032,0.282826229929924
403,1033,0.2769196107983589
403,1034,0.281071200966835
403,1035,0.25271063049634296
403,1036,0.27470241487026215
403,1037,0.27080559233824414
403,1038,0.25109627346197766
403,1039,0.27501824746529263
403,1040,0.25776268045107525
403,1041,0.26287222653627396
403,1042,0.25940660883982974
403,1043,0.2637723386287689
403,1044,0.2760579014817874
403,1045,0.2535870100061099
403,1046,0.2520146071910858
403,1047,0.2635354548692703
403,1048,0.26059777786334354
403,1049,0.2616781120498975
403,1050,0.2521223997076352
403,1051,0.2509192128976186
403,1052,0.2784368321299553
403,1053,0.2704549978176753
403,1054,0.2658802792429924
403,1055,0.2562989393870036
403,1056,0.25727173189322156
403,1057,0.2706635644038518
403,1058,0.2636691853404045
403,1059,0.2743743310372035
403,1060,0.27119560291369754
403,1061,0.2529377341270447
403,1062,0.24897600958744684
403,1063,0.25575687487920123
403,1064,0.2442994142572085
403,1065,0.2552353988091151
403,1066,0.27080296476682025
403,1067,0.27102377514044446
403,1068,0.27567535142103833
403,1069,0.25930411368608475
403,1070,0.27565176288286847
403,1071,0.26030173401037854
403,1072,0.24941485126813254
403,1073,0.26869553575913113
403,1074,0.2599361514051755
403,1075,0.25083862493435544
403,1076,0.26352813094854355
403,1077,0.2714468166232109
403,1078,0.24828170984983444
403,1079,0.26643607020378113
403,1080,0.2735965972145398
403,1081,0.25237446029980976
403,1082,0.2769501854976018
403,1083,0.26684432476758957
403,1084,0.26746266335248947
403,1085,0.27355822920799255
403,1086,0.26822884132464725
403,1087,0.25713995347420376
403,1088,0.26009291410446167
403,1089,0.2661094665527344
403,1090,0.26726802935202915
403,1091,0.25222909450531006
403,1092,0.2586253459254901
403,1093,0.2643518125017484
403,1094,0.24895448237657547
403,1095,0.2712112565835317
403,1096,0.25777746240297955
403,1097,0.2773559093475342
403,1098,0.2520168696840604
403,1099,0.2645811413725217
403,1100,0.2641641100247701
403,1101,0.2687333400050799
403,1102,0.2714178537329038
403,1103,0.2704559887448947
403,1104,0.2688796247045199
403,1105,0.2683017800251643
403,1106,0.2626366689801216
403,1107,0.24334954222043356
403,1108,0.26153593758742016
403,1109,0.2715284277995427
403,1110,0.2662921076019605
403,1111,0.2521691893537839
403,1112,0.24468894551197687
403,1113,0.2520194724202156
403,1114,0.27163486182689667
403,1115,0.26610704014698666
403,1116,0.26963575929403305
403,1117,0.26917816946903866
403,1118,0.27615901579459506
403,1119,0.27936258912086487
403,1120,0.26175300776958466
403,1121,0.2631094654401143
403,1122,0.2541355937719345
403,1123,0.2576298117637634
403,1124,0.2686731939514478
403,1125,0.2686055675148964
403,1126,0.2872767671942711
403,1127,0.2726706912120183
403,1128,0.2566862553358078
403,1129,0.2657504975795746
403,1130,0.2509261022011439
403,1131,0.25502902021010715
403,1132,0.2530390794078509
403,1133,0.26294416934251785
403,1134,0.25409314036369324
403,1135,0.2553493281205495
403,1136,0.2536972761154175
403,1137,0.2700007011493047
403,1138,0.26759732017914456
403,1139,0.2653805265824
403,1140,0.25112559149662655
403,1141,0.25781483203172684
403,1142,0.2540372535586357
403,1143,0.25769320875406265
403,1144,0.2520850698153178
403,1145,0.2594568654894829
403,1146,0.2537447238961856
403,1147,0.2666714936494827
403,1148,0.24396071583032608
403,1149,0.24709042658408484
403,1150,0.26531840364138287
403,1151,0.2653854911526044
403,1152,0.2661336362361908
403,1153,0.2802194505929947
403,1154,0.2715291902422905
403,1155,0.25552622973918915
403,1156,0.26605075349410373
403,1157,0.2906200935443242
403,1158,0.2550719901919365
403,1159,0.2603202909231186
403,1160,0.25422600905100506
403,1161,0.2693050454060237
403,1162,0.2693093568086624
403,1163,0.2658931538462639
403,1164,0.2468132625023524
403,1165,0.2533613046010335
403,1166,0.23902771870295206
403,1167,0.25322512288888294
403,1168,0.2853826954960823
403,1169,0.2596038381258647
403,1170,0.27300605674584705
403,1171,0.25465303162733716
403,1172,0.25496980051199597
403,1173,0.24059847742319107
403,1174,0.25968224306901294
403,1175,0.25814148038625717
403,1176,0.26445671667655307
403,1177,0.2611945445338885
403,1178,0.26407065987586975
403,1179,0.2579702287912369
403,1180,0.25029995789130527
403,1181,0.267303725083669
403,1182,0.2591218700011571
403,1183,0.26568325112263363
403,1184,0.26426487416028976
403,1185,0.2794276624917984
403,1186,0.24339342614014944
403,1187,0.2626994103193283
403,1188,0.2662573332587878
403,1189,0.257628175119559
403,1190,0.27743325630823773
403,1191,0.236469899614652
403,1192,0.27467891077200574
403,1193,0.25152353445688885
403,1194,0.25865433116753894
403,1195,0.26889755576848984
403,1196,0.24591508507728577
403,1197,0.24955828984578451
403,1198,0.2469521164894104
403,1199,0.2556480864683787
403,1200,0.25168585032224655
403,1201,0.2537180582682292
403,1202,0.24110861122608185
403,1203,0.25775740544001263
403,1204,0.2573455944657326
403,1205,0.2539126177628835
403,1206,0.2668337921301524
403,1207,0.2525760183731715
403,1208,0.2637661372621854
403,1209,0.26221802830696106
403,1210,0.2702336187163989
403,1211,0.24986266593138376
403,1212,0.2486513927578926
403,1213,0.24352299173672995
403,1214,0.2583337152997653
403,1215,0.25087826202313107
403,1216,0.25905966262022656
403,1217,0.2758600215117137
403,1218,0.260647048552831
403,1219,0.2628121053179105
403,1220,0.2789972970883052
403,1221,0.24106818189223608
403,1222,0.268439161280791
403,1223,0.2518105134367943
403,1224,0.2589838355779648
403,1225,0.23665578414996466
403,1226,0.23236350466807684
403,1227,0.2732008248567581
403,1228,0.2428437223037084
403,1229,0.25143980234861374
403,1230,0.27197810014088947
403,1231,0.2590615476171176
403,1232,0.27053645998239517
403,1233,0.26498226324717206
403,1234,0.25930232803026837
403,1235,0.2406980817516645
403,1236,0.2811036854982376
403,1237,0.28126610567172367
403,1238,0.2612842222054799
403,1239,0.2593182946244876
403,1240,0.24452349543571472
403,1241,0.25440656393766403
403,1242,0.26644203811883926
403,1243,0.25088350971539813
403,1244,0.2461602265636126
403,1245,0.25790031254291534
403,1246,0.25302067399024963
403,1247,0.24039760728677115
403,1248,0.25018657247225445
403,1249,0.2615320260326068
403,1250,0.2526628275712331
403,1251,0.2589322105050087
403,1252,0.23655791083971658
403,1253,0.2534382591644923
403,1254,0.2551415041089058
403,1255,0.258416806658109
403,1256,0.24511258800824484
403,1257,0.2556961153944333
403,1258,0.26470768948396045
403,1259,0.2535624826947848
403,1260,0.2637550135453542
403,1261,0.25282024840513867
403,1262,0.26259368906418484
403,1263,0.2528244803349177
403,1264,0.24990000575780869
403,1265,0.2526794721682866
403,1266,0.2638346329331398
403,1267,0.2479394723971685
403,1268,0.2622305477658908
403,1269,0.2524902919928233
403,1270,0.2607249841094017
403,1271,0.27466102441151935
403,1272,0.25400380541880924
403,1273,0.25446609904368717
403,1274,0.26877280573050183
403,1275,0.23566571871439615
403,1276,0.25460654497146606
403,1277,0.24917356918255487
403,1278,0.2519226521253586
403,1279,0.2599725127220154
403,1280,0.2644655779004097
403,1281,0.28259965280691784
403,1282,0.2585998972256978
403,1283,0.2604156235853831
403,1284,0.23538407186667124
403,1285,0.24757405370473862
403,1286,0.24393745511770248
403,1287,0.24473481376965842
403,1288,0.23620696862538657
403,1289,0.2337536414464315
403,1290,0.24664214501778284
403,1291,0.2439447045326233
403,1292,0.24518982072671255
403,1293,0.2524765183528264
403,1294,0.2599833731849988
403,1295,0.25661638875802356
403,1296,0.24647195637226105
403,1297,0.2684963271021843
403,1298,0.25373342881600064
403,1299,0.24527684599161148
403,1300,0.24002528190612793
403,1301,0.25308041522900265
403,1302,0.22678983956575394
403,1303,0.24497006585200629
403,1304,0.2605348502596219
403,1305,0.26171230773131055
403,1306,0.2406894564628601
403,1307,0.25672230621178943
403,1308,0.25836791346470517
403,1309,0.2476658970117569
403,1310,0.27742987871170044
403,1311,0.24289614955584207
403,1312,0.27057403326034546
403,1313,0.26189091553290683
403,1314,0.26178690791130066
403,1315,0.26379568378130597
403,1316,0.25305235385894775
403,1317,0.2512432485818863
403,1318,0.2506489083170891
403,1319,0.2371214653054873
403,1320,0.2537106399734815
403,1321,0.2611105218529701
403,1322,0.24490822354952493
403,1323,0.2573820600907008
403,1324,0.23566306134064993
403,1325,0.255972517033418
403,1326,0.2410998816291491
403,1327,0.26714739203453064
403,1328,0.24727187305688858
403,1329,0.27618929743766785
403,1330,0.25071696440378827
403,1331,0.2602706849575043
403,1332,0.2578299542268117
403,1333,0.24438397337992987
403,1334,0.234520656367143
403,1335,0.23542017738024393
403,1336,0.2526002700130145
403,1337,0.24743652592102686
403,1338,0.2640859435002009
403,1339,0.24938545872767767
403,1340,0.2608903894821803
403,1341,0.24630984167257944
403,1342,0.26735350986321765
403,1343,0.242240771651268
403,1344,0.24475191285212836
403,1345,0.24110769480466843
403,1346,0.25840088228384656
403,1347,0.2589820822079976
403,1348,0.24870216101408005
403,1349,0.2732064922650655
403,1350,0.2347575103243192
403,1351,0.2563726305961609
403,1352,0.24164282282193503
403,1353,0.23383690416812897
403,1354,0.23853242645661035
403,1355,0.25201645990212757
403,1356,0.2408780132730802
403,1357,0.25913965205351513
403,1358,0.2579629644751549
403,1359,0.2530952567855517
403,1360,0.23373930404583612
403,1361,0.2633109862605731
403,1362,0.24191737671693167
403,1363,0.24733447283506393
403,1364,0.23379565527041754
403,1365,0.263918898999691
403,1366,0.24796470999717712
403,1367,0.26445619265238446
403,1368,0.24834747364123663
403,1369,0.2439874211947123
403,1370,0.2639986847837766
403,1371,0.27043694506088894
403,1372,0.25615300238132477
403,1373,0.254929614563783
403,1374,0.2506949206193288
403,1375,0.23429558922847113
403,1376,0.2526817321777344
403,1377,0.2753780484199524
403,1378,0.24534965554873148
403,1379,0.24810908486445746
403,1380,0.24448388318220773
403,1381,0.26696356137593585
403,1382,0.2510261957844098
403,1383,0.26060152302185696
403,1384,0.25176285952329636
403,1385,0.2739150548974673
403,1386,0.2383375565210978
403,1387,0.24998076756795248
403,1388,0.2702919493118922
403,1389,0.24598910411198935
403,1390,0.23366748541593552
403,1391,0.24948914100726446
403,1392,0.2506191556652387
403,1393,0.25738100210825604
403,1394,0.24186531454324722
403,1395,0.24624592314163843
403,1396,0.26022452612717945
403,1397,0.24854780981938043
403,1398,0.25423237433036167
403,1399,0.2436756839354833
403,1400,0.23876207818587622
403,1401,0.2315382113059362
403,1402,0.24627130230267844
403,1403,0.2379173735777537
403,1404,0.25676989058653515
403,1405,0.2334492728114128
403,1406,0.2577655663092931
403,1407,0.23417388647794724
403,1408,0.24458964417378107
403,1409,0.24878413478533426
403,1410,0.24654465913772583
403,1411,0.24479320893685022
403,1412,0.2672071059544881
403,1413,0.24130621800820032
403,1414,0.26002200941244763
403,1415,0.26689694821834564
403,1416,0.25115646173556644
403,1417,0.25273849815130234
403,1418,0.2532839799920718
403,1419,0.2625828559199969
403,1420,0.2488094319899877
403,1421,0.2605014219880104
403,1422,0.23353483031193414
403,1423,0.23834564785162607
403,1424,0.2616340219974518
403,1425,0.2520473251740138
403,1426,0.24780751516421637
403,1427,0.2487623244524002
403,1428,0.2665274764100711
403,1429,0.24582051734129587
403,1430,0.2356331671277682
403,1431,0.2313498631119728
403,1432,0.25735392918189365
403,1433,0.24986576785643896
403,1434,0.24967182675997415
403,1435,0.2458460951844851
403,1436,0.25561443716287613
403,1437,0.2405128354827563
403,1438,0.24895312388737997
403,1439,0.23956089466810226
403,1440,0.24668820450703302
403,1441,0.24092601984739304
403,1442,0.24691216150919595
403,1443,0.24323824296394983
403,1444,0.24506189674139023
403,1445,0.25681890298922855
403,1446,0.23125908027092615
403,1447,0.2470736230413119
403,1448,0.2606505826115608
403,1449,0.24903029203414917
403,1450,0.25130675981442135
403,1451,0.25324636697769165
403,1452,0.24110731234153113
403,1453,0.23568991323312125
403,1454,0.24440500140190125
403,1455,0.24387216319640478
403,1456,0.25205397605895996
403,1457,0.24374032268921533
403,1458,0.22995974123477936
403,1459,0.2497593437631925
403,1460,0.22014166911443075
403,1461,0.23551821957031885
403,1462,0.2275851865609487
403,1463,0.25380075971285504
403,1464,0.241451529165109
403,1465,0.23294207702080408
403,1466,0.25903649628162384
403,1467,0.23335369676351547
403,1468,0.2372606098651886
403,1469,0.24722188711166382
403,1470,0.2305307537317276
403,1471,0.25216687719027203
403,1472,0.25331992159287137
403,1473,0.24642586956421533
403,1474,0.23817558089892069
403,1475,0.23060344904661179
403,1476,0.2414944643775622
403,1477,0.2592458849151929
403,1478,0.2554420679807663
403,1479,0.25256892790397006
403,1480,0.23957964281241098
403,1481,0.24542011568943659
403,1482,0.23205002397298813
403,1483,0.24794737497965494
403,1484,0.24608021477858225
403,1485,0.22787577162186304
403,1486,0.2528238619367282
403,1487,0.23423867175976434
403,1488,0.24333291500806808
403,1489,0.26110150665044785
403,1490,0.22870865960915884
403,1491,0.22452033559481302
403,1492,0.25727487603823346
403,1493,0.24381456275780997
403,1494,0.230535127222538
403,1495,0.2361189772685369
403,1496,0.24425476541121802
403,1497,0.2300682639082273
403,1498,0.24416057020425797
403,1499,0.22683969885110855
403,1500,0.24706167727708817
403,1501,0.2441083018978437
403,1502,0.23109256972869238
403,1503,0.23278521249691644
403,1504,0.23431210468212763
403,1505,0.24193081756432852
403,1506,0.2232011059919993
403,1507,0.22786727050940195
403,1508,0.24036720643440881
403,1509,0.2510339642564456
403,1510,0.24538004646698633
403,1511,0.24565041810274124
403,1512,0.24033350745836893
403,1513,0.23978359748919806
403,1514,0.24624605725208917
403,1515,0.23710216085116068
403,1516,0.2419456442197164
403,1517,0.24837714433670044
403,1518,0.2724357644716899
403,1519,0.24402509381373724
403,1520,0.24302647014458975
403,1521,0.23210816085338593
403,1522,0.23483846336603165
403,1523,0.24128339191277823
403,1524,0.23432351152102152
403,1525,0.227482371032238
403,1526,0.23027240484952927
403,1527,0.2125136082371076
403,1528,0.23089749614397684
403,1529,0.23640836775302887
403,1530,0.24432575702667236
403,1531,0.22561043500900269
403,1532,0.2609185501933098
403,1533,0.25277499854564667
403,1534,0.22652806590000787
403,1535,0.25108783940474194
403,1536,0.25488487631082535
403,1537,0.2463086023926735
403,1538,0.2662615701556206
403,1539,0.23776796211798987
403,1540,0.24213317533334097
403,1541,0.2488284781575203
403,1542,0.2621295104424159
403,1543,0.22852300852537155
403,1544,0.23291963835557303
403,1545,0.24920175472895303
403,1546,0.2625614081819852
403,1547,0.21678746740023294
403,1548,0.24246875196695328
403,1549,0.25613223264614743
403,1550,0.2636434907714526
403,1551,0.24309518188238144
403,1552,0.2339887171983719
403,1553,0.23553489396969476
403,1554,0.22563865532477698
403,1555,0.24278683960437775
403,1556,0.23234391709168753
403,1557,0.2656378000974655
403,1558,0.22784222662448883
403,1559,0.27571376661459607
403,1560,0.24558558066685995
403,1561,0.23861231903235117
403,1562,0.24193315456310907
403,1563,0.2776142433285713
403,1564,0.2281105493505796
403,1565,0.22586497167746225
403,1566,0.229563906788826
403,1567,0.23509707550207773
403,1568,0.21533140540122986
403,1569,0.24571984012921652
403,1570,0.23625092953443527
403,1571,0.24393293261528015
403,1572,0.24546057482560477
403,1573,0.23983114212751389
403,1574,0.23668775459130606
403,1575,0.22574353218078613
403,1576,0.2362417901555697
403,1577,0.23290065179268518
403,1578,0.23068891714016596
403,1579,0.23957751442988715
403,1580,0.2393537387251854
403,1581,0.22866934537887573
403,1582,0.23053637643655142
403,1583,0.23249156276384988
403,1584,0.2398268183072408
403,1585,0.22929449131091437
403,1586,0.2358416865269343
403,1587,0.2323009247581164
403,1588,0.22765510777632395
403,1589,0.2376937891046206
403,1590,0.24751435468594232
403,1591,0.24631184339523315
403,1592,0.2247560148437818
403,1593,0.2535526206096013
403,1594,0.23118771612644196
403,1595,0.2214267055193583
403,1596,0.23143712182839712
403,1597,0.24741839865843454
403,1598,0.2537744765480359
403,1599,0.23428334295749664
403,1600,0.24389491230249405
403,1601,0.22599530468384424
403,1602,0.23026052117347717
403,1603,0.21521571030219397
403,1604,0.22117213904857635
403,1605,0.23587540785471597
403,1606,0.23496007174253464
403,1607,0.23971166213353476
403,1608,0.25084195534388226
403,1609,0.2518368512392044
403,1610,0.24405979365110397
403,1611,0.24853616207838058
403,1612,0.23258465776840845
403,1613,0.2381442884604136
403,1614,0.2413558488090833
403,1615,0.24751071135203043
403,1616,0.2281201183795929
403,1617,0.23872856050729752
403,1618,0.23378665248552957
403,1619,0.24297321339448294
403,1620,0.25623583296934765
403,1621,0.2304042379061381
403,1622,0.23761460185050964
403,1623,0.22051351269086203
403,1624,0.24415762970844904
403,1625,0.21982413778702417
403,1626,0.24916220953067145
403,1627,0.22748510042826334
403,1628,0.25093869864940643
403,1629,0.23964297771453857
403,1630,0.23975783586502075
403,1631,0.21984776854515076
403,1632,0.22965173919995627
403,1633,0.22889951119820276
403,1634,0.24150492250919342
403,1635,0.23207246512174606
403,1636,0.2383990411957105
403,1637,0.23161108046770096
403,1638,0.22118515769640604
403,1639,0.2471079503496488
403,1640,0.24704930434624353
403,1641,0.24461949616670609
403,1642,0.2433780630429586
403,1643,0.22082298000653586
403,1644,0.22628061473369598
403,1645,0.22128342588742575
403,1646,0.2487012172738711
403,1647,0.2197371448079745
403,1648,0.24144639323155084
403,1649,0.22047990560531616
403,1650,0.24083807319402695
403,1651,0.23448021958271661
403,1652,0.2376433660586675
403,1653,0.24765630066394806
403,1654,0.23718738307555517
403,1655,0.24230591456095377
403,1656,0.23355177541573843
403,1657,0.231784388422966
403,1658,0.2533210292458534
403,1659,0.23134889702002207
403,1660,0.22230962167183557
403,1661,0.2529083440701167
403,1662,0.2337950567404429
403,1663,0.24797712018092474
403,1664,0.24062812825043997
403,1665,0.2231525977452596
403,1666,0.2369151065746943
403,1667,0.22167568653821945
403,1668,0.23029696941375732
403,1669,0.23399956772724786
403,1670,0.24130899459123611
403,1671,0.24688420196374258
403,1672,0.22834090888500214
403,1673,0.23229201386372247
403,1674,0.23535557587941489
403,1675,0.2413700819015503
403,1676,0.22317300736904144
403,1677,0.20968138674894968
403,1678,0.2424553061525027
403,1679,0.22452805936336517
403,1680,0.23415860533714294
403,1681,0.22414143631855646
403,1682,0.2409604142109553
403,1683,0.2400041843454043
403,1684,0.24080044279495874
403,1685,0.23242679238319397
403,1686,0.22479721903800964
403,1687,0.23819002509117126
403,1688,0.23066468785206476
403,1689,0.22527447839577994
403,1690,0.22780967255433401
403,1691,0.21207383771737418
403,1692,0.22240465879440308
403,1693,0.23211006571849188
403,1694,0.22506768504778543
403,1695,0.2154903089006742
403,1696,0.22864413013060889
403,1697,0.2423715442419052
403,1698,0.24513456722100577
403,1699,0.23745323220888773
403,1700,0.23714274168014526
403,1701,0.23729174584150314
403,1702,0.228948046763738
403,1703,0.22384545703728995
403,1704,0.24319101125001907
403,1705,0.2522042642037074
403,1706,0.24657700459162393
403,1707,0.22856084257364273
403,1708,0.24801824490229288
403,1709,0.23765447735786438
403,1710,0.2526777709523837
403,1711,0.23498129347960153
403,1712,0.24287388970454535
403,1713,0.23989384869734445
403,1714,0.23088270922501883
403,1715,0.24131154517332712
403,1716,0.23154528439044952
403,1717,0.22492736081282297
403,1718,0.23765717695156732
403,1719,0.24301321059465408
403,1720,0.2293157527844111
403,1721,0.2468130886554718
403,1722,0.258880319694678
403,1723,0.23501262813806534
403,1724,0.2376017893354098
403,1725,0.24402582397063574
403,1726,0.2204225609699885
403,1727,0.2226467231909434
403,1728,0.21102748811244965
403,1729,0.2552577356497447
403,1730,0.2345829183856646
403,1731,0.2264417534073194
403,1732,0.22482851396004358
403,1733,0.22155542423327765
403,1734,0.22253532459338507
403,1735,0.2356276586651802
403,1736,0.23411327848831812
403,1737,0.21141695231199265
403,1738,0.2136831060051918
403,1739,0.23223774383465448
403,1740,0.22364358603954315
403,1741,0.2271575853228569
403,1742,0.2105665529767672
403,1743,0.23825250814358392
403,1744,0.23733548820018768
403,1745,0.24620562295118967
403,1746,0.24134685844182968
403,1747,0.23616328090429306
403,1748,0.2392815575003624
403,1749,0.24063473443190256
403,1750,0.23242093374331793
403,1751,0.22588402529557547
403,1752,0.23797384152809778
403,1753,0.22757009665171304
403,1754,0.2416384145617485
403,1755,0.24440539131561914
403,1756,0.2027310480674108
403,1757,0.24168857683738074
403,1758,0.24356818944215775
403,1759,0.22110708057880402
403,1760,0.23981384187936783
403,1761,0.23167521754900613
403,1762,0.24100066224733988
403,1763,0.22693989674250284
403,1764,0.22646333773930868
403,1765,0.2318024461468061
403,1766,0.2303281252582868
403,1767,0.22813605268796286
403,1768,0.22775540997584662
403,1769,0.224226713180542
403,1770,0.23579791684945425
403,1771,0.2424875572323799
403,1772,0.2298729047179222
403,1773,0.22083617995182672
403,1774,0.22437721490859985
403,1775,0.23419586072365442
403,1776,0.2528316800793012
403,1777,0.22159662594397864
403,1778,0.24530036995808283
403,1779,0.22371166199445724
403,1780,0.22633709013462067
403,1781,0.2206991364558538
403,1782,0.2136800785859426
403,1783,0.22930687169233957
403,1784,0.2297778899470965
403,1785,0.24365468074878058
403,1786,0.2210127686460813
403,1787,0.22835890452067056
403,1788,0.2391313835978508
403,1789,0.2240481028954188
403,1790,0.23106088240941366
403,1791,0.2253784437974294
403,1792,0.23205817739168802
403,1793,0.22531957427660623
403,1794,0.22444498290618262
403,1795,0.24479513863722482
403,1796,0.23843359698851904
403,1797,0.23750526954730353
403,1798,0.24826989571253458
403,1799,0.22263586769501367
403,1800,0.22341667860746384
403,1801,0.24877543250719705
403,1802,0.22556931773821512
403,1803,0.2118605375289917
403,1804,0.24463649342457452
403,1805,0.21959005296230316
403,1806,0.22914216419061026
403,1807,0.22247919191916785
403,1808,0.23374364028374353
403,1809,0.22191611180702844
403,1810,0.22491713613271713
403,1811,0.21455048769712448
403,1812,0.21969515333573023
403,1813,0.2046996553738912
403,1814,0.22368030001719794
403,1815,0.22730810195207596
403,1816,0.2275670344630877
403,1817,0.23182171831528345
403,1818,0.24009026338656744
403,1819,0.23420783132314682
403,1820,0.23369585474332175
403,1821,0.23397192855676016
403,1822,0.2186745504538218
403,1823,0.23156540840864182
403,1824,0.21879627058903375
403,1825,0.21702040235201517
403,1826,0.2276934285958608
403,1827,0.2602872947851817
403,1828,0.2271173596382141
403,1829,0.23607591291268668
403,1830,0.22415708502133688
403,1831,0.2245581572254499
403,1832,0.24207857747872671
403,1833,0.2162993997335434
403,1834,0.21086732794841131
403,1835,0.20787880569696426
403,1836,0.20919286459684372
403,1837,0.2237140660484632
403,1838,0.21544436862071356
403,1839,0.22821155190467834
403,1840,0.23939240972201029
403,1841,0.23507272700468698
403,1842,0.21539672712484995
403,1843,0.219339648882548
403,1844,0.22260001301765442
403,1845,0.2213194618622462
403,1846,0.22162022441625595
403,1847,0.21896095077196756
403,1848,0.2396931822101275
403,1849,0.22915161152680716
403,1850,0.2255426769455274
403,1851,0.23107590277989706
403,1852,0.21980108072360358
403,1853,0.2270011082291603
403,1854,0.22587430228789648
403,1855,0.21302960813045502
403,1856,0.2467287927865982
403,1857,0.2163612519701322
403,1858,0.22346736739079157
403,1859,0.21505380421876907
403,1860,0.24337235589822134
403,1861,0.21971609940131506
403,1862,0.21247344960769018
403,1863,0.23055580258369446
403,1864,0.2361296663681666
403,1865,0.24067517618338266
403,1866,0.232342595855395
403,1867,0.21628890683253607
403,1868,0.23897412419319153
403,1869,0.21276429295539856
403,1870,0.23021342108647028
403,1871,0.2135815198222796
403,1872,0.21270667761564255
403,1873,0.22177240749200186
403,1874,0.22018705805142721
403,1875,0.2280410130818685
403,1876,0.22117939094702402
403,1877,0.2337009683251381
403,1878,0.21249141295750937
403,1879,0.20122656226158142
403,1880,0.2078915685415268
403,1881,0.24014384547869363
403,1882,0.22331907351811728
403,1883,0.22083405156930289
403,1884,0.24477556347846985
403,1885,0.22609519958496094
403,1886,0.2181039353211721
403,1887,0.2246422121922175
403,1888,0.22053812692562738
403,1889,0.22507540384928384
403,1890,0.2452177902062734
403,1891,0.22617861380179724
403,1892,0.21524501840273538
403,1893,0.22400866200526556
403,1894,0.20501983414093652
403,1895,0.21276389062404633
403,1896,0.2305335278312365
403,1897,0.2351608748237292
403,1898,0.23746651411056519
403,1899,0.2260112538933754
403,1900,0.22351087629795074
403,1901,0.22318104654550552
403,1902,0.2227049395442009
403,1903,0.2456986183921496
403,1904,0.22024876375993094
403,1905,0.24002564201752344
403,1906,0.23482645799716315
403,1907,0.21555305272340775
403,1908,0.21864133328199387
403,1909,0.24367359777291617
403,1910,0.2252719228466352
403,1911,0.2268069932858149
403,1912,0.22728964934746423
403,1913,0.22104175885518393
403,1914,0.21170489738384882
403,1915,0.2339014212290446
403,1916,0.2249708150823911
403,1917,0.22102545698483786
403,1918,0.22973152250051498
403,1919,0.24645252525806427
403,1920,0.21997754772504172
403,1921,0.2340358073512713
403,1922,0.2234139839808146
403,1923,0.23455552260080972
403,1924,0.22772616147994995
403,1925,0.220195139447848
403,1926,0.24008226146300635
403,1927,0.2379350264867147
403,1928,0.23455429077148438
403,1929,0.24169223258892694
403,1930,0.23202049483855566
403,1931,0.23305912067492804
403,1932,0.22706968585650125
403,1933,0.23788447181383768
403,1934,0.23526998609304428
403,1935,0.22679132223129272
403,1936,0.23763081431388855
403,1937,0.22631336996952692
403,1938,0.22843789805968603
403,1939,0.21480500201384226
403,1940,0.2156556968887647
403,1941,0.21160629391670227
403,1942,0.2250266671180725
403,1943,0.20607672135035196
403,1944,0.24455320090055466
403,1945,0.23302247126897177
403,1946,0.21553164472182593
403,1947,0.22181305289268494
403,1948,0.21810182929039001
403,1949,0.2105641414721807
403,1950,0.22596906622250876
403,1951,0.23328218857447305
403,1952,0.21302817265192667
403,1953,0.220069982111454
403,1954,0.22798159221808115
403,1955,0.21812745680411658
403,1956,0.23026888817548752
403,1957,0.22059700141350427
403,1958,0.21004545191923776
403,1959,0.22308678179979324
403,1960,0.2093943456808726
403,1961,0.227274718383948
403,1962,0.2328487435976664
403,1963,0.21793567885955176
403,1964,0.23510542760292688
403,1965,0.22993403176466623
403,1966,0.21463593592246374
403,1967,0.2074528063337008
403,1968,0.2211213285724322
403,1969,0.2172969952225685
403,1970,0.23037432382504144
403,1971,0.23412243276834488
403,1972,0.2360821689168612
403,1973,0.22892953703800836
403,1974,0.2276674583554268
403,1975,0.24295223752657572
403,1976,0.2313047001759211
403,1977,0.20421387006839117
403,1978,0.22372313092152277
403,1979,0.22647673139969507
403,1980,0.2341862271229426
403,1981,0.21794976045687994
403,1982,0.22071903944015503
403,1983,0.22240384171406427
403,1984,0.2320528899629911
403,1985,0.21322166919708252
403,1986,0.23166127999623617
403,1987,0.22427148620287576
403,1988,0.2435410072406133
403,1989,0.2253053660194079
403,1990,0.21799238522847494
403,1991,0.2273505007227262
403,1992,0.2262397954861323
403,1993,0.22143702457348505
403,1994,0.21363731970389685
403,1995,0.21696695188681284
403,1996,0.2045698637763659
403,1997,0.21404972424109778
403,1998,0.22042043010393778
403,1999,0.212889663875103
403,2000,0.20981349796056747
403,2001,0.2424906293551127
403,2002,0.23497588435808817
403,2003,0.22444418569405875
403,2004,0.22206376741329828
403,2005,0.2116649622718493
403,2006,0.210134856402874
403,2007,0.24071675539016724
403,2008,0.24605195969343185
403,2009,0.25523624817530316
403,2010,0.2361038252711296
403,2011,0.24018014719088873
403,2012,0.23269381622473398
403,2013,0.2522275969386101
403,2014,0.228788452843825
403,2015,0.23798272758722305
403,2016,0.21600856880346933
403,2017,0.21975179761648178
403,2018,0.24321053673823675
403,2019,0.21424566209316254
403,2020,0.22355147699515024
403,2021,0.24124656369288763
403,2022,0.2295068477590879
403,2023,0.22798891613880792
403,2024,0.21895205726226172
403,2025,0.21163218965133032
403,2026,0.2355120306213697
403,2027,0.2332902525862058
403,2028,0.22317790985107422
403,2029,0.2167556956410408
403,2030,0.2125215008854866
403,2031,0.2158158520857493
403,2032,0.2139544685681661
403,2033,0.22215708096822104
403,2034,0.22330755243698755
403,2035,0.20624538014332452
403,2036,0.2199421525001526
403,2037,0.23455859224001566
403,2038,0.22059424966573715
403,2039,0.24471688022216162
403,2040,0.2178568368156751
403,2041,0.21994838366905847
403,2042,0.2342968756953875
403,2043,0.2324166496594747
403,2044,0.22960747530062994
403,2045,0.21741576244433722
403,2046,0.22044427196184793
403,2047,0.22414526343345642
403,2048,0.22794766227404276
403,2049,0.23419483999411264
403,2050,0.23282977690299353
403,2051,0.21638582398494086
403,2052,0.22817590336004892
403,2053,0.22454077005386353
403,2054,0.22168809920549393
403,2055,0.2205464964111646
403,2056,0.2069287250439326
403,2057,0.22468209266662598
403,2058,0.20708323270082474
403,2059,0.21434879302978516
403,2060,0.21719452490409216
403,2061,0.2137946461637815
403,2062,0.22155224035183588
403,2063,0.21470395723978677
403,2064,0.2211012045542399
403,2065,0.24111473560333252
403,2066,0.22007106244564056
403,2067,0.22170016169548035
403,2068,0.22213736176490784
403,2069,0.24188066273927689
403,2070,0.22318571309248605
403,2071,0.21665605157613754
403,2072,0.22652564446131387
403,2073,0.21644208083550134
403,2074,0.21943679203589758
403,2075,0.21955150365829468
403,2076,0.21046860764424005
403,2077,0.2320785423119863
403,2078,0.2339137097199758
403,2079,0.21561179806788763
403,2080,0.21899755050738653
403,2081,0.2249811887741089
403,2082,0.22098633150259653
403,2083,0.22130805750687918
403,2084,0.22406070679426193
403,2085,0.236443522075812
403,2086,0.2370735282699267
403,2087,0.2283498297135035
403,2088,0.22323186447223028
403,2089,0.23242867489655814
403,2090,0.23423290252685547
403,2091,0.23007113734881082
403,2092,0.22952141364415488
403,2093,0.23091367880503336
403,2094,0.23873304824034372
403,2095,0.20213667303323746
403,2096,0.22027026116847992
403,2097,0.22268081704775491
403,2098,0.21749046444892883
403,2099,0.2347970555226008
403,2100,0.21765845268964767
404,1,1.6915738383928935
404,2,1.1183219353357952
404,3,0.9690427680810293
404,4,0.880951056877772
404,5,0.8348036309083303
404,6,0.7792814870675405
404,7,0.7644363741079966
404,8,0.7232618530591329
404,9,0.7325376172860464
404,10,0.6942996780077616
404,11,0.6885051727294922
404,12,0.6776417096455892
404,13,0.6554194291432699
404,14,0.6798824071884155
404,15,0.6700388193130493
404,16,0.6531337598959605
404,17,0.6744054853916168
404,18,0.6619917949040731
404,19,0.6146041949590048
404,20,0.6286197503407797
404,21,0.6287495096524557
404,22,0.6269502838452657
404,23,0.6127237578233083
404,24,0.6437647143999735
404,25,0.6138926943143209
404,26,0.609000434478124
404,27,0.5885215600331625
404,28,0.5815903643767039
404,29,0.5999601185321808
404,30,0.5772355397542318
404,31,0.5592548747857412
404,32,0.6021867791811625
404,33,0.5979558229446411
404,34,0.5749063193798065
404,35,0.5645786722501119
404,36,0.5677421589692434
404,37,0.5841221113999685
404,38,0.5733442008495331
404,39,0.558662345012029
404,40,0.5264570464690527
404,41,0.5765156845251719
404,42,0.5393293301264445
404,43,0.5572360754013062
404,44,0.5447959502538046
404,45,0.5248637348413467
404,46,0.5295172880093256
404,47,0.519405871629715
404,48,0.520750085512797
404,49,0.5714772442976633
404,50,0.49150870740413666
404,51,0.5346484084924062
404,52,0.5321382135152817
404,53,0.5105806340773901
404,54,0.5235977272192637
404,55,0.513632595539093
404,56,0.5002657969792684
404,57,0.5239128520091375
404,58,0.5066551516453425
404,59,0.5127880672613779
404,60,0.5218572666247686
404,61,0.5211769938468933
404,62,0.513264333208402
404,63,0.4942529648542404
404,64,0.5136743783950806
404,65,0.49473142623901367
404,66,0.48722995320955914
404,67,0.5014697561661402
404,68,0.48439892133076984
404,69,0.48868030806382495
404,70,0.48355455199877423
404,71,0.4908883074919383
404,72,0.46774178246657055
404,73,0.46819960077603656
404,74,0.4565903643767039
404,75,0.4860235055287679
404,76,0.4566151301066081
404,77,0.4589393536249797
404,78,0.4870516210794449
404,79,0.49072901407877606
404,80,0.49934670825799304
404,81,0.4792661915222804
404,82,0.4634034236272176
404,83,0.45862649381160736
404,84,0.4898037364085515
404,85,0.4986754556496938
404,86,0.4910581608613332
404,87,0.4559126893679301
404,88,0.4450768828392029
404,89,0.4743801951408386
404,90,0.4663308610518773
404,91,0.46920837461948395
404,92,0.4748957008123398
404,93,0.46043412387371063
404,94,0.4796137164036433
404,95,0.46838052570819855
404,96,0.4638267407814662
404,97,0.4468654642502467
404,98,0.4650371124347051
404,99,0.460825855533282
404,100,0.4473595569531123
404,101,0.4433193157116572
404,102,0.4617701917886734
404,103,0.44771185020605725
404,104,0.4181806991497676
404,105,0.4834349701801936
404,106,0.4472372035185496
404,107,0.452860231200854
404,108,0.4588639388481776
404,109,0.4436969806750615
404,110,0.43268871307373047
404,111,0.4410001387198766
404,112,0.45319852729638416
404,113,0.4309360384941101
404,114,0.4431799054145813
404,115,0.47065651416778564
404,116,0.4511135071516037
404,117,0.47444193065166473
404,118,0.4265166223049164
404,119,0.4280363967021306
404,120,0.4361936151981354
404,121,0.43657608330249786
404,122,0.45076436301072437
404,123,0.438793604572614
404,124,0.4363314360380173
404,125,0.436524897813797
404,126,0.42771779994169873
404,127,0.4506416618824005
404,128,0.42647432784239453
404,129,0.4053206443786621
404,130,0.42731890082359314
404,131,0.4270109236240387
404,132,0.4280308286348979
404,133,0.44384850561618805
404,134,0.4304998864730199
404,135,0.43004827201366425
404,136,0.43674105902512866
404,137,0.447642649213473
404,138,0.421764795978864
404,139,0.42277013262112934
404,140,0.38989854355653125
404,141,0.4362131853898366
404,142,0.4038063834110896
404,143,0.44394418100516003
404,144,0.4335925926764806
404,145,0.4382988264163335
404,146,0.42124080657958984
404,147,0.417180339495341
404,148,0.41823146243890125
404,149,0.40645565589269
404,150,0.4480131318171819
404,151,0.4423658450444539
404,152,0.42674125730991364
404,153,0.4206944555044174
404,154,0.4327140847841899
404,155,0.3908241192499797
404,156,0.40184012055397034
404,157,0.42201926310857135
404,158,0.40232953429222107
404,159,0.43913168211778003
404,160,0.41738851368427277
404,161,0.4086385915676753
404,162,0.410036822160085
404,163,0.4067651977141698
404,164,0.41308168570200604
404,165,0.40869736671447754
404,166,0.40132368604342145
404,167,0.39900246759255725
404,168,0.414389247695605
404,169,0.3876781612634659
404,170,0.41683638095855713
404,171,0.41494305928548175
404,172,0.40949693818887073
404,173,0.42121950288613635
404,174,0.4224417606989543
404,175,0.429596409201622
404,176,0.4002621918916702
404,177,0.4080749601125717
404,178,0.4078246255715688
404,179,0.424642155567805
404,180,0.4218321889638901
404,181,0.42053698003292084
404,182,0.39519694944222766
404,183,0.40779024362564087
404,184,0.4092310220003128
404,185,0.3893708735704422
404,186,0.4281926949818929
404,187,0.4154955993096034
404,188,0.3924595167239507
404,189,0.403326153755188
404,190,0.39085296789805096
404,191,0.410440593957901
404,192,0.4344049096107483
404,193,0.4146038939555486
404,194,0.40110117693742114
404,195,0.40234634776910144
404,196,0.3844841768344243
404,197,0.4054406185944875
404,198,0.38455067078272503
404,199,0.3775965174039205
404,200,0.4059123595555623
404,201,0.3643864144881566
404,202,0.40342917044957477
404,203,0.38599049548308056
404,204,0.404228354493777
404,205,0.3974626710017522
404,206,0.39441661536693573
404,207,0.3962626854578654
404,208,0.39962100982666016
404,209,0.3648532231648763
404,210,0.4032682329416275
404,211,0.3812827467918396
404,212,0.38235506415367126
404,213,0.3946101913849513
404,214,0.38836443424224854
404,215,0.4087229271729787
404,216,0.38102740546067554
404,217,0.38833823303381604
404,218,0.3930540382862091
404,219,0.3966226627429326
404,220,0.3918051819006602
404,221,0.3752004901568095
404,222,0.37989647189776105
404,223,0.38898084064324695
404,224,0.39425504704316455
404,225,0.3863269438346227
404,226,0.36908358832200366
404,227,0.3754474272330602
404,228,0.3988151103258133
404,229,0.39481399953365326
404,230,0.397158811489741
404,231,0.37893479069073993
404,232,0.3980715870857239
404,233,0.4006993919610977
404,234,0.40789306660493213
404,235,0.3941152145465215
404,236,0.3839507003625234
404,237,0.36320215463638306
404,238,0.3758324980735779
404,239,0.39221661786238354
404,240,0.380864476164182
404,241,0.3927769015232722
404,242,0.39435990154743195
404,243,0.3919724225997925
404,244,0.3812684913476308
404,245,0.35509803394476575
404,246,0.3871056983868281
404,247,0.36353861292203266
404,248,0.3708574374516805
404,249,0.3602665662765503
404,250,0.3815811276435852
404,251,0.37545638779799145
404,252,0.36410335699717206
404,253,0.3729808231194814
404,254,0.39801621437072754
404,255,0.3689605991045634
404,256,0.3894067307313283
404,257,0.36722247302532196
404,258,0.3722429076830546
404,259,0.38978539407253265
404,260,0.38876233498255414
404,261,0.38814033071200055
404,262,0.3936829020579656
404,263,0.39292993644873303
404,264,0.41061680018901825
404,265,0.36541394392649335
404,266,0.37469257414340973
404,267,0.3572782079378764
404,268,0.373622531692187
404,269,0.3441898723443349
404,270,0.3661157538493474
404,271,0.34378038843472797
404,272,0.36652034521102905
404,273,0.3582200308640798
404,274,0.3838166544834773
404,275,0.36094270646572113
404,276,0.38951529562473297
404,277,0.3724474956591924
404,278,0.36479295293490094
404,279,0.38736667732397717
404,280,0.36453001697858173
404,281,0.3532816022634506
404,282,0.3729311674833298
404,283,0.3914196441570918
404,284,0.3645231823126475
404,285,0.4017874151468277
404,286,0.38897209366162616
404,287,0.38479598859945935
404,288,0.36264220873514813
404,289,0.35348764061927795
404,290,0.36476775507132214
404,291,0.3790111442406972
404,292,0.3603553920984268
404,293,0.35376563171545666
404,294,0.3535917599995931
404,295,0.35313447813193005
404,296,0.36125236252943677
404,297,0.381649374961853
404,298,0.37014136215051013
404,299,0.3626662840445836
404,300,0.38367530206839245
404,301,0.34612901012102765
404,302,0.35744649171829224
404,303,0.3471858700116475
404,304,0.32995476325352985
404,305,0.36695799728234607
404,306,0.38599807024002075
404,307,0.35447191695372265
404,308,0.3658316383759181
404,309,0.3627063085635503
404,310,0.35844725370407104
404,311,0.3492184728384018
404,312,0.350908026099205
404,313,0.36067411800225574
404,314,0.35957464079062146
404,315,0.35381510357062024
404,316,0.3702582170565923
404,317,0.3342990428209305
404,318,0.3426963935295741
404,319,0.3581174512704213
404,320,0.34174491961797077
404,321,0.3564888884623845
404,322,0.34858118494351703
404,323,0.3613078445196152
404,324,0.3509482592344284
404,325,0.36717553436756134
404,326,0.37460381786028546
404,327,0.3600464512904485
404,328,0.351990004380544
404,329,0.3430006156365077
404,330,0.3664229412873586
404,331,0.3559691309928894
404,332,0.3630456527074178
404,333,0.3540155341227849
404,334,0.3680557856957118
404,335,0.3649918685356776
404,336,0.3511948933204015
404,337,0.35956204930941266
404,338,0.34905409812927246
404,339,0.36700905362764996
404,340,0.34400830169518787
404,341,0.35231150190035504
404,342,0.3585878908634186
404,343,0.35848507285118103
404,344,0.3652460624774297
404,345,0.35452087720235187
404,346,0.3477378288904826
404,347,0.34470924238363904
404,348,0.3475415309270223
404,349,0.34830320874849957
404,350,0.36609675486882526
404,351,0.3311815957228343
404,352,0.35945338507493335
404,353,0.3510776460170746
404,354,0.33678775529066723
404,355,0.36269475519657135
404,356,0.34689322113990784
404,357,0.3486047834157944
404,358,0.33760368327299756
404,359,0.3530058612426122
404,360,0.345743661125501
404,361,0.3596023619174957
404,362,0.315877045194308
404,363,0.34325287242730457
404,364,0.3521986057360967
404,365,0.3525018443663915
404,366,0.33025509119033813
404,367,0.33697572847207385
404,368,0.36216603716214496
404,369,0.36494777103265125
404,370,0.3616743783156077
404,371,0.3423117945591609
404,372,0.37017253537972766
404,373,0.352328027288119
404,374,0.3402993480364482
404,375,0.34837772448857623
404,376,0.34625551601250965
404,377,0.3484230140844981
404,378,0.3329678575197856
404,379,0.3465634783109029
404,380,0.3382853368918101
404,381,0.3387243350346883
404,382,0.3638184467951457
404,383,0.3428296496470769
404,384,0.33380309740702313
404,385,0.3467307885487874
404,386,0.36672307550907135
404,387,0.35313404599825543
404,388,0.35028376678625744
404,389,0.34165571133295697
404,390,0.33499253789583844
404,391,0.3435712407032649
404,392,0.3479580481847127
404,393,0.34269699454307556
404,394,0.33260176579157513
404,395,0.33331437408924103
404,396,0.3538481245438258
404,397,0.3055134117603302
404,398,0.343215748667717
404,399,0.34489379326502484
404,400,0.34675684571266174
404,401,0.35822458068529767
404,402,0.33082215487957
404,403,0.3586224814256032
404,404,0.34379475315411884
404,405,0.35425952076911926
404,406,0.33078864216804504
404,407,0.3450914223988851
404,408,0.34020844598611194
404,409,0.3403720259666443
404,410,0.3324909607569377
404,411,0.32623331745465595
404,412,0.3330397307872772
404,413,0.3479980081319809
404,414,0.3432059834400813
404,415,0.33476802210013074
404,416,0.3401469240585963
404,417,0.32999753455320996
404,418,0.31350578864415485
404,419,0.33699142932891846
404,420,0.3260151694218318
404,421,0.3309779067834218
404,422,0.3517453819513321
404,423,0.3483232110738754
404,424,0.35613498588403064
404,425,0.3355133384466171
404,426,0.3450577308734258
404,427,0.318529670437177
404,428,0.33872126042842865
404,429,0.3327755331993103
404,430,0.346794992685318
404,431,0.3167477895816167
404,432,0.3255001058181127
404,433,0.33470678329467773
404,434,0.33122512698173523
404,435,0.3109445770581563
404,436,0.3179519921541214
404,437,0.3176089475552241
404,438,0.341451163093249
404,439,0.33115197718143463
404,440,0.3273788740237554
404,441,0.33767374853293103
404,442,0.3380337059497833
404,443,0.31902878483136493
404,444,0.3375368118286133
404,445,0.3384690483411153
404,446,0.34028545022010803
404,447,0.3289083043734233
404,448,0.3180326173702876
404,449,0.34427086512247723
404,450,0.3219803770383199
404,451,0.3397702674070994
404,452,0.3203123410542806
404,453,0.31311487158139545
404,454,0.34986569980780285
404,455,0.3152652829885483
404,456,0.3233828842639923
404,457,0.3374963253736496
404,458,0.34456545611222583
404,459,0.33361894885698956
404,460,0.3249714622894923
404,461,0.3207424034674962
404,462,0.3141149928172429
404,463,0.3184536596139272
404,464,0.3296905606985092
404,465,0.31774040559927624
404,466,0.35184108714262646
404,467,0.32443127036094666
404,468,0.3204300254583359
404,469,0.3284926911195119
404,470,0.32216936846574146
404,471,0.3067527413368225
404,472,0.31954313317934674
404,473,0.33245915174484253
404,474,0.31880423426628113
404,475,0.30627956489721936
404,476,0.31659215688705444
404,477,0.3142070968945821
404,478,0.3184205989042918
404,479,0.3350252757469813
404,480,0.3336161921421687
404,481,0.33207611242930096
404,482,0.32055287063121796
404,483,0.3115184009075165
404,484,0.32934942841529846
404,485,0.33452752232551575
404,486,0.3391327311595281
404,487,0.3384540031353633
404,488,0.3270040949185689
404,489,0.3212443143129349
404,490,0.32975465555985767
404,491,0.3204629421234131
404,492,0.3237541764974594
404,493,0.3071231593688329
404,494,0.3189156303803126
404,495,0.3227995236714681
404,496,0.2969694634278615
404,497,0.3112693379322688
404,498,0.3152911762396495
404,499,0.3407367716232936
404,500,0.3197192500034968
404,501,0.30895931522051495
404,502,0.32981114586194354
404,503,0.3208307127157847
404,504,0.29863588511943817
404,505,0.3252743681271871
404,506,0.32641274730364483
404,507,0.32142165799935657
404,508,0.29442266126473743
404,509,0.339484969774882
404,510,0.33017127712567645
404,511,0.3211890508731206
404,512,0.30513981978098553
404,513,0.29240894814332324
404,514,0.3232448498408
404,515,0.3492549657821655
404,516,0.32151981194814044
404,517,0.32204947372277576
404,518,0.32333818078041077
404,519,0.3259386618932088
404,520,0.30984997749328613
404,521,0.31580644349257153
404,522,0.29098549485206604
404,523,0.3172039637962977
404,524,0.30673015117645264
404,525,0.30553237348794937
404,526,0.3185087591409683
404,527,0.2935084154208501
404,528,0.31718018651008606
404,529,0.3337397128343582
404,530,0.309645136197408
404,531,0.31301266451676685
404,532,0.32163740197817486
404,533,0.32743072013060254
404,534,0.3271597723166148
404,535,0.3147091617186864
404,536,0.337540144721667
404,537,0.30955102543036145
404,538,0.2961185773213704
404,539,0.3097121665875117
404,540,0.3060653706391652
404,541,0.3068259060382843
404,542,0.3208717356125514
404,543,0.32010769844055176
404,544,0.3023449977238973
404,545,0.3158598591883977
404,546,0.2999741981426875
404,547,0.31217919290065765
404,548,0.31596164405345917
404,549,0.3066485325495402
404,550,0.31852077941099805
404,551,0.2866324335336685
404,552,0.3093804766734441
404,553,0.3342668165763219
404,554,0.31822357575098675
404,555,0.318057248989741
404,556,0.30292386809984845
404,557,0.33555683493614197
404,558,0.3220662474632263
404,559,0.34226808945337933
404,560,0.31999433040618896
404,561,0.3291924645503362
404,562,0.32736165821552277
404,563,0.31652089953422546
404,564,0.31034063299496967
404,565,0.3005748192469279
404,566,0.31138718624909717
404,567,0.3189183423916499
404,568,0.2981044103701909
404,569,0.30482061703999835
404,570,0.31141674021879834
404,571,0.3206235021352768
404,572,0.33014190196990967
404,573,0.3248416930437088
404,574,0.3169054090976715
404,575,0.32051829993724823
404,576,0.3091461459795634
404,577,0.2965100755294164
404,578,0.307943195104599
404,579,0.2933059235413869
404,580,0.30543666581312817
404,581,0.3243994514147441
404,582,0.3069974134365718
404,583,0.316715548435847
404,584,0.31089045107364655
404,585,0.3038553098837535
404,586,0.3143072873353958
404,587,0.31299835940202075
404,588,0.3248288134733836
404,589,0.3125072817007701
404,590,0.30061207711696625
404,591,0.3140031447013219
404,592,0.32469965020815533
404,593,0.302213117480278
404,594,0.3010612080494563
404,595,0.30555135508378345
404,596,0.30928825338681537
404,597,0.30882857739925385
404,598,0.2841620643933614
404,599,0.3044593383868535
404,600,0.3012556980053584
404,601,0.29719112316767377
404,602,0.3323054015636444
404,603,0.3175286402304967
404,604,0.3131019373734792
404,605,0.3082533727089564
404,606,0.32090364396572113
404,607,0.2974739223718643
404,608,0.3045702278614044
404,609,0.29203837364912033
404,610,0.28268900513648987
404,611,0.2935476253430049
404,612,0.3001293142636617
404,613,0.29901943107446033
404,614,0.29746311406294507
404,615,0.31100494662920636
404,616,0.30830004811286926
404,617,0.3170633167028427
404,618,0.3100505570570628
404,619,0.2994643797477086
404,620,0.31403722365697223
404,621,0.2998022089401881
404,622,0.31432105600833893
404,623,0.28679533302783966
404,624,0.2900994196534157
404,625,0.303507536649704
404,626,0.30630502104759216
404,627,0.31102872888247174
404,628,0.2863077570994695
404,629,0.3141940136750539
404,630,0.32194208602110547
404,631,0.3124244809150696
404,632,0.29631107300519943
404,633,0.31820114950339
404,634,0.3145623803138733
404,635,0.30115413169066113
404,636,0.30502820760011673
404,637,0.3095582127571106
404,638,0.30439939598242444
404,639,0.2805483390887578
404,640,0.2985525131225586
404,641,0.2858445296684901
404,642,0.30926935871442157
404,643,0.3064863383769989
404,644,0.3007316788037618
404,645,0.29300730923811596
404,646,0.2991503377755483
404,647,0.2864685356616974
404,648,0.3020081619421641
404,649,0.3114392509063085
404,650,0.30027779936790466
404,651,0.28999732434749603
404,652,0.30728401243686676
404,653,0.2980703165133794
404,654,0.29495083292325336
404,655,0.31510285039742786
404,656,0.30963310102621716
404,657,0.29934798181056976
404,658,0.27113603552182514
404,659,0.2946097105741501
404,660,0.29845097164313
404,661,0.2890378733476003
404,662,0.3100445369879405
404,663,0.3156459430853526
404,664,0.3245798945426941
404,665,0.29113564391930896
404,666,0.30285242199897766
404,667,0.30528388420740765
404,668,0.31528693934281665
404,669,0.3218305508295695
404,670,0.28696001569430035
404,671,0.3086446424325307
404,672,0.2988710204760234
404,673,0.302959864338239
404,674,0.3030450443426768
404,675,0.2998512039581935
404,676,0.2878858099381129
404,677,0.28930308173100155
404,678,0.2961565951506297
404,679,0.3069169943531354
404,680,0.31011462211608887
404,681,0.3020434578259786
404,682,0.27431822568178177
404,683,0.30809273819128674
404,684,0.30227258801460266
404,685,0.2846153875192006
404,686,0.30938896040121716
404,687,0.2999635934829712
404,688,0.3038201878468196
404,689,0.2950596163670222
404,690,0.3303653101126353
404,691,0.30756766100724536
404,692,0.30361731350421906
404,693,0.31856569647789
404,694,0.2927270581324895
404,695,0.3186143438021342
404,696,0.32064349949359894
404,697,0.30124732106924057
404,698,0.306463360786438
404,699,0.2888205548127492
404,700,0.28224192063013714
404,701,0.294532835483551
404,702,0.286738117535909
404,703,0.3079317659139633
404,704,0.2891664355993271
404,705,0.2918868809938431
404,706,0.3071817209323247
404,707,0.2774565617243449
404,708,0.27472735693057376
404,709,0.27396658062934875
404,710,0.29474104940891266
404,711,0.28932446241378784
404,712,0.28246184686819714
404,713,0.2958255310853322
404,714,0.2898174673318863
404,715,0.2776338805754979
404,716,0.2856521010398865
404,717,0.2965998301903407
404,718,0.2913773978749911
404,719,0.2712671011686325
404,720,0.27651767681042355
404,721,0.31011301279067993
404,722,0.3037658582131068
404,723,0.27781082938114804
404,724,0.2982305437326431
404,725,0.2952226648728053
404,726,0.2878941645224889
404,727,0.2921963979800542
404,728,0.30213305354118347
404,729,0.2915439208348592
404,730,0.3083232492208481
404,731,0.2948552966117859
404,732,0.3002830694119136
404,733,0.2962581564982732
404,734,0.2990667223930359
404,735,0.3010481645663579
404,736,0.31101758281389874
404,737,0.3053925906618436
404,738,0.30997703472773236
404,739,0.28475573658943176
404,740,0.28930093099673587
404,741,0.28812341888745624
404,742,0.2932695100704829
404,743,0.2944187770287196
404,744,0.27902000149091083
404,745,0.2770744115114212
404,746,0.3018123209476471
404,747,0.28236469129721325
404,748,0.28153809159994125
404,749,0.2899986406167348
404,750,0.3091289798418681
404,751,0.27958013614018756
404,752,0.2826475302378337
404,753,0.29013517995675403
404,754,0.2861841122309367
404,755,0.26653264462947845
404,756,0.28210584819316864
404,757,0.28409694135189056
404,758,0.27221528937419254
404,759,0.27998146911462146
404,760,0.2919334868590037
404,761,0.29014910260836285
404,762,0.31545884907245636
404,763,0.2892160415649414
404,764,0.28857440253098804
404,765,0.31706363211075467
404,766,0.29555830359458923
404,767,0.2950456589460373
404,768,0.30086471637090045
404,769,0.27169568091630936
404,770,0.27703044811884564
404,771,0.29825962086518604
404,772,0.2743138372898102
404,773,0.2983025014400482
404,774,0.26853198806444806
404,775,0.2738054965933164
404,776,0.2720337634285291
404,777,0.27556321024894714
404,778,0.3045814086993535
404,779,0.2953850328922272
404,780,0.27889832854270935
404,781,0.27950456241766614
404,782,0.28553059697151184
404,783,0.28690733512242633
404,784,0.2821083217859268
404,785,0.2848536471525828
404,786,0.27845292786757153
404,787,0.28171149889628094
404,788,0.2906417027115822
404,789,0.2852270354827245
404,790,0.28442468245824176
404,791,0.2892325321833293
404,792,0.28433578213055927
404,793,0.2712416375676791
404,794,0.27872491379578906
404,795,0.30300504465897876
404,796,0.3025916914145152
404,797,0.2945067385832469
404,798,0.2750515689452489
404,799,0.27882273495197296
404,800,0.27098822096983594
404,801,0.2686385164658229
404,802,0.3121732970078786
404,803,0.2862846652666728
404,804,0.27491990228494007
404,805,0.28402922054131824
404,806,0.29772702356179553
404,807,0.2971987997492154
404,808,0.29871346056461334
404,809,0.2747173209985097
404,810,0.2814725836118062
404,811,0.2844512462615967
404,812,0.28101620078086853
404,813,0.27840012560288113
404,814,0.2808205634355545
404,815,0.3004058251778285
404,816,0.2870885084072749
404,817,0.28990698357423145
404,818,0.2875903199116389
404,819,0.27727799117565155
404,820,0.3094060818354289
404,821,0.2837989131609599
404,822,0.28665225207805634
404,823,0.2785189797480901
404,824,0.28378812472025555
404,825,0.27460633714993793
404,826,0.28208159655332565
404,827,0.2918311655521393
404,828,0.27828189730644226
404,829,0.27894338717063266
404,830,0.2883252402146657
404,831,0.2613836055000623
404,832,0.27049850424130756
404,833,0.26968955248594284
404,834,0.2848614106575648
404,835,0.28729667762915295
404,836,0.27224837988615036
404,837,0.2852526605129242
404,838,0.26218753308057785
404,839,0.2909446060657501
404,840,0.2656436040997505
404,841,0.2793684701124827
404,842,0.2627092848221461
404,843,0.2805598129828771
404,844,0.29591192305088043
404,845,0.27782828112443286
404,846,0.27841529498497647
404,847,0.28233526398738223
404,848,0.28166287392377853
404,849,0.29064734280109406
404,850,0.27575838565826416
404,851,0.27696191271146137
404,852,0.26326266676187515
404,853,0.2740974972645442
404,854,0.2761678695678711
404,855,0.2845497454206149
404,856,0.2669236684838931
404,857,0.2902965545654297
404,858,0.28104300300280255
404,859,0.2658127322793007
404,860,0.28597119450569153
404,861,0.2802588914831479
404,862,0.26790470133225125
404,863,0.27481767535209656
404,864,0.2435444394747416
404,865,0.2818647747238477
404,866,0.281727135181427
404,867,0.28212783734003705
404,868,0.28526431570450467
404,869,0.2872212255994479
404,870,0.2699515223503113
404,871,0.2795822670062383
404,872,0.29025157789389294
404,873,0.2731405844291051
404,874,0.2737801869710286
404,875,0.28858118255933124
404,876,0.28539326786994934
404,877,0.2744269172350566
404,878,0.27039391299088794
404,879,0.27203995486100513
404,880,0.3046669562657674
404,881,0.3002423544724782
404,882,0.293648565808932
404,883,0.2696811979015668
404,884,0.28477223217487335
404,885,0.2831537773211797
404,886,0.28344451636075974
404,887,0.2752734074989955
404,888,0.269986795882384
404,889,0.2998020648956299
404,890,0.26472579936186474
404,891,0.27500808238983154
404,892,0.27061010897159576
404,893,0.2805388073126475
404,894,0.2910683403412501
404,895,0.2629816954334577
404,896,0.29350703457991284
404,897,0.2683716168006261
404,898,0.28692691524823505
404,899,0.26231282701094943
404,900,0.2792374938726425
404,901,0.2956128865480423
404,902,0.29225773612658185
404,903,0.2920553684234619
404,904,0.27081671357154846
404,905,0.26656755805015564
404,906,0.28740236659844715
404,907,0.26349806040525436
404,908,0.27698757002751034
404,909,0.26924867928028107
404,910,0.28676120936870575
404,911,0.2595028554399808
404,912,0.2823294972380002
404,913,0.2828525627652804
404,914,0.25794464846452075
404,915,0.28258948276440304
404,916,0.27722568313280743
404,917,0.279299075404803
404,918,0.276531179745992
404,919,0.27937313665946323
404,920,0.29392750064531964
404,921,0.2701868986090024
404,922,0.26317048817873
404,923,0.2687169437607129
404,924,0.2994278371334076
404,925,0.28060082346200943
404,926,0.2682303835948308
404,927,0.2687000036239624
404,928,0.2874749004840851
404,929,0.26681291808684665
404,930,0.27518824736277264
404,931,0.27711861083904904
404,932,0.29267118374506634
404,933,0.28196486830711365
404,934,0.26930469771226245
404,935,0.26006492724021274
404,936,0.2717457364002864
404,937,0.2727351784706116
404,938,0.28564661741256714
404,939,0.25599773476521176
404,940,0.2818152805169423
404,941,0.25812477618455887
404,942,0.27074454228083294
404,943,0.28494390845298767
404,944,0.26600342988967896
404,945,0.2610166221857071
404,946,0.2740481322010358
404,947,0.2632825920979182
404,948,0.26779261231422424
404,949,0.2759762952725093
404,950,0.2734895646572113
404,951,0.2762296696503957
404,952,0.2746604084968567
404,953,0.25444116940100986
404,954,0.26076849550008774
404,955,0.2890562837322553
404,956,0.27764688183863956
404,957,0.2804217090209325
404,958,0.2802529533704122
404,959,0.27361318469047546
404,960,0.26336506257454556
404,961,0.2726221978664398
404,962,0.2619868665933609
404,963,0.261329951385657
404,964,0.2765037218729655
404,965,0.26844829817612964
404,966,0.2897929772734642
404,967,0.277039997279644
404,968,0.25858864188194275
404,969,0.2717396443088849
404,970,0.27289513250192005
404,971,0.26205581178267795
404,972,0.2531821404894193
404,973,0.2764986380934715
404,974,0.26200901468594867
404,975,0.26701582968235016
404,976,0.2815362562735875
404,977,0.26271655410528183
404,978,0.28855980932712555
404,979,0.280192290743192
404,980,0.27852602303028107
404,981,0.2664307877421379
404,982,0.2534756412108739
404,983,0.25550413380066556
404,984,0.26406169434388477
404,985,0.2746361369887988
404,986,0.2824715847770373
404,987,0.28775688260793686
404,988,0.2678550158937772
404,989,0.2767402033011119
404,990,0.25252720961968106
404,991,0.2772900288303693
404,992,0.27924740811189014
404,993,0.26898640394210815
404,994,0.2778330147266388
404,995,0.3016005555788676
404,996,0.2962610224882762
404,997,0.2996433451771736
404,998,0.2814071128765742
404,999,0.29064444700876874
404,1000,0.26071319729089737
404,1001,0.278624452650547
404,1002,0.2683945174018542
404,1003,0.26907873898744583
404,1004,0.2741161833206813
404,1005,0.2650880614916484
404,1006,0.2584400698542595
404,1007,0.2737656782070796
404,1008,0.25496090948581696
404,1009,0.2618870089451472
404,1010,0.2873033781846364
404,1011,0.2901170303424199
404,1012,0.26181676983833313
404,1013,0.26903438071409863
404,1014,0.264559768140316
404,1015,0.266325443983078
404,1016,0.2554266005754471
404,1017,0.27894103278716403
404,1018,0.26240768531958264
404,1019,0.26316247632106143
404,1020,0.254658671716849
404,1021,0.2516198803981145
404,1022,0.2730180596311887
404,1023,0.2622404744227727
404,1024,0.24649221946795782
404,1025,0.2565563643972079
404,1026,0.25866203506787616
404,1027,0.26273278146982193
404,1028,0.24517170836528143
404,1029,0.2662193973859151
404,1030,0.2742404689391454
404,1031,0.27959104627370834
404,1032,0.249442291756471
404,1033,0.28445500632127124
404,1034,0.25661972165107727
404,1035,0.24809549003839493
404,1036,0.23166957994302115
404,1037,0.28027090181907016
404,1038,0.26695795108874637
404,1039,0.2669130166371663
404,1040,0.2584695940216382
404,1041,0.24677282323439917
404,1042,0.2432437688112259
404,1043,0.26809459179639816
404,1044,0.25513438632090885
404,1045,0.25430045028527576
404,1046,0.2805960923433304
404,1047,0.2796061933040619
404,1048,0.2782778963446617
404,1049,0.24984080592791238
404,1050,0.2641092340151469
404,1051,0.2715385655562083
404,1052,0.2655746067563693
404,1053,0.26800436278184253
404,1054,0.2745962639649709
404,1055,0.277677779396375
404,1056,0.26237662384907406
404,1057,0.25632914900779724
404,1058,0.252351018289725
404,1059,0.28228462239106494
404,1060,0.2555122102300326
404,1061,0.24735913425683975
404,1062,0.26190120230118435
404,1063,0.2766758178671201
404,1064,0.2799730623761813
404,1065,0.26670242846012115
404,1066,0.2600924223661423
404,1067,0.26022758334875107
404,1068,0.27983181675275165
404,1069,0.2651180848479271
404,1070,0.2656763792037964
404,1071,0.269325611491998
404,1072,0.28239446381727856
404,1073,0.25930575281381607
404,1074,0.2619493578871091
404,1075,0.26016101241111755
404,1076,0.2806757614016533
404,1077,0.26608245074748993
404,1078,0.27297762284676236
404,1079,0.2741762151320775
404,1080,0.2695249269406001
404,1081,0.261675904194514
404,1082,0.2583206097284953
404,1083,0.26531042406956357
404,1084,0.27587701628605527
404,1085,0.2708989630142848
404,1086,0.2696206569671631
404,1087,0.2862206846475601
404,1088,0.26979145656029385
404,1089,0.28417060275872547
404,1090,0.2626733233531316
404,1091,0.2558752919236819
404,1092,0.2628837401668231
404,1093,0.2559047092994054
404,1094,0.26416391879320145
404,1095,0.25912607957919437
404,1096,0.26633744438489276
404,1097,0.2628948862353961
404,1098,0.25007456292708713
404,1099,0.2689504673083623
404,1100,0.2660369525353114
404,1101,0.260940117140611
404,1102,0.2765113313992818
404,1103,0.2749691903591156
404,1104,0.27915923794110614
404,1105,0.25270577023426694
404,1106,0.24630389859278998
404,1107,0.277463103334109
404,1108,0.24193463722864786
404,1109,0.24676713844140372
404,1110,0.2613578538099925
404,1111,0.28767835597197217
404,1112,0.24669252336025238
404,1113,0.25764073183139163
404,1114,0.2566530108451843
404,1115,0.26355107376972836
404,1116,0.260776383181413
404,1117,0.2619902516404788
404,1118,0.2452467978000641
404,1119,0.27806052813927334
404,1120,0.2518397768338521
404,1121,0.26257694015900296
404,1122,0.2613065491120021
404,1123,0.25017183522383374
404,1124,0.27709539234638214
404,1125,0.248306172589461
404,1126,0.2486153319478035
404,1127,0.2564331690470378
404,1128,0.2382785752415657
404,1129,0.2614152878522873
404,1130,0.2688317497571309
404,1131,0.2644746353228887
404,1132,0.24364611754814783
404,1133,0.2611622562011083
404,1134,0.26035115867853165
404,1135,0.26395148287216824
404,1136,0.2652205725510915
404,1137,0.26905545343955356
404,1138,0.27022122343381244
404,1139,0.26878438144922256
404,1140,0.2667638560136159
404,1141,0.25864671419064206
404,1142,0.2650701776146889
404,1143,0.2642243206501007
404,1144,0.24799077957868576
404,1145,0.23954534778992334
404,1146,0.2688516179720561
404,1147,0.23808949689070383
404,1148,0.2542460585633914
404,1149,0.24850692103306452
404,1150,0.2737361391385396
404,1151,0.25791284690300625
404,1152,0.2560899828871091
404,1153,0.24984186391035715
404,1154,0.2586389059821765
404,1155,0.2490744392077128
404,1156,0.26910312473773956
404,1157,0.2447741056481997
404,1158,0.25094325840473175
404,1159,0.27047297606865567
404,1160,0.25446587304274243
404,1161,0.26596950242916745
404,1162,0.2618049035469691
404,1163,0.2640835593144099
404,1164,0.2520339861512184
404,1165,0.256591334939003
404,1166,0.24960670371850333
404,1167,0.2704293181498845
404,1168,0.25750179092089337
404,1169,0.26419364909331006
404,1170,0.26088960468769073
404,1171,0.2766817087928454
404,1172,0.25799765686194104
404,1173,0.27887096504370373
404,1174,0.27842501550912857
404,1175,0.264702928562959
404,1176,0.2607244551181793
404,1177,0.2550441746910413
404,1178,0.26099591453870136
404,1179,0.27446119487285614
404,1180,0.26654285192489624
404,1181,0.25325731684764224
404,1182,0.25073957691589993
404,1183,0.2644304980834325
404,1184,0.2613661363720894
404,1185,0.25251684337854385
404,1186,0.2644490326444308
404,1187,0.25679676483074826
404,1188,0.25224050134420395
404,1189,0.2516736537218094
404,1190,0.2619183311859767
404,1191,0.2567444120844205
404,1192,0.26279757420221966
404,1193,0.2340900351603826
404,1194,0.26291235784689587
404,1195,0.2725809762875239
404,1196,0.26548807074626285
404,1197,0.2725957781076431
404,1198,0.2538795943061511
404,1199,0.245992382367452
404,1200,0.2643146564563115
404,1201,0.2600695590178172
404,1202,0.2555108418067296
404,1203,0.26046301672856015
404,1204,0.25908804684877396
404,1205,0.24098197122414908
404,1206,0.26273878167072934
404,1207,0.25129173696041107
404,1208,0.26228101303180057
404,1209,0.26578053335348767
404,1210,0.24752590308586755
404,1211,0.2569495067000389
404,1212,0.24215740213791528
404,1213,0.264648899435997
404,1214,0.2626253813505173
404,1215,0.24534071733554205
404,1216,0.2511669844388962
404,1217,0.25835759689410526
404,1218,0.2589778279264768
404,1219,0.2576816752552986
404,1220,0.24516461044549942
404,1221,0.2609706446528435
404,1222,0.24887420485417047
404,1223,0.2701626444856326
404,1224,0.2562858338157336
404,1225,0.24611796687046686
404,1226,0.2601105223099391
404,1227,0.24966012438138327
404,1228,0.22385899970928827
404,1229,0.2533723960320155
404,1230,0.2744213243325551
404,1231,0.26234830915927887
404,1232,0.2614385038614273
404,1233,0.2646137575308482
404,1234,0.2407149001955986
404,1235,0.24457737555106482
404,1236,0.24697140355904898
404,1237,0.26086563616991043
404,1238,0.2609411378701528
404,1239,0.24214128156503043
404,1240,0.27654823412497836
404,1241,0.2593662217259407
404,1242,0.2528579855958621
404,1243,0.24790230890115103
404,1244,0.24956882745027542
404,1245,0.26713065803050995
404,1246,0.26583825548489887
404,1247,0.2635536839564641
404,1248,0.24010185152292252
404,1249,0.2561282068490982
404,1250,0.23553274323542914
404,1251,0.2643432642022769
404,1252,0.25287769734859467
404,1253,0.25183113912741345
404,1254,0.263017604748408
404,1255,0.26578518251578015
404,1256,0.2450150673588117
404,1257,0.25033802290757495
404,1258,0.2462472344438235
404,1259,0.27060143649578094
404,1260,0.2541542947292328
404,1261,0.2687063862880071
404,1262,0.23968017597993216
404,1263,0.25033347060283023
404,1264,0.23796517153580984
404,1265,0.2725949411590894
404,1266,0.259285328288873
404,1267,0.2565409193436305
404,1268,0.2535407543182373
404,1269,0.2507516120870908
404,1270,0.2524062891801198
404,1271,0.2561115672190984
404,1272,0.24829049160083136
404,1273,0.24044911563396454
404,1274,0.25427647183338803
404,1275,0.23728912820418677
404,1276,0.24321196228265762
404,1277,0.24769635001818338
404,1278,0.23818940172592798
404,1279,0.2827753151456515
404,1280,0.2512239118417104
404,1281,0.2538033376137416
404,1282,0.2702758659919103
404,1283,0.27062471707661945
404,1284,0.25692539662122726
404,1285,0.24523323525985083
404,1286,0.26029108961423236
404,1287,0.23573832213878632
404,1288,0.23103939493497214
404,1289,0.2403760477900505
404,1290,0.2530561884244283
404,1291,0.2537328948577245
404,1292,0.2437153458595276
404,1293,0.24017798403898874
404,1294,0.23140829553206763
404,1295,0.23477366318305334
404,1296,0.2473476231098175
404,1297,0.2754717965920766
404,1298,0.25257282704114914
404,1299,0.2654339795311292
404,1300,0.24466023594141006
404,1301,0.2541303411126137
404,1302,0.2720037599404653
404,1303,0.2724008436004321
404,1304,0.2760222976406415
404,1305,0.25462352236111957
404,1306,0.2495809867978096
404,1307,0.2589818363388379
404,1308,0.2395560344060262
404,1309,0.24878295014301935
404,1310,0.240010437866052
404,1311,0.25255245467027027
404,1312,0.2633591641982396
404,1313,0.25609181572993595
404,1314,0.2397105892499288
404,1315,0.25298622747262317
404,1316,0.25910183042287827
404,1317,0.25547195474306744
404,1318,0.2642102614045143
404,1319,0.25147279103597003
404,1320,0.2695482249061267
404,1321,0.2536933918793996
404,1322,0.24426041543483734
404,1323,0.2438626984755198
404,1324,0.24514261384805044
404,1325,0.23859391609827676
404,1326,0.2627040569980939
404,1327,0.23628412435452142
404,1328,0.2613249619801839
404,1329,0.2571072330077489
404,1330,0.24166314552227655
404,1331,0.25761042286952335
404,1332,0.25291335334380466
404,1333,0.24311662216981253
404,1334,0.2647760510444641
404,1335,0.24907930940389633
404,1336,0.240649384756883
404,1337,0.24815649539232254
404,1338,0.2393983155488968
404,1339,0.2586658348639806
404,1340,0.22944359481334686
404,1341,0.24321486800909042
404,1342,0.2578687792023023
404,1343,0.2254532923301061
404,1344,0.23121516158183417
404,1345,0.24143861730893454
404,1346,0.24858244011799494
404,1347,0.23821829011042914
404,1348,0.24407073358694711
404,1349,0.24928980072339377
404,1350,0.2553712377945582
404,1351,0.2469215119878451
404,1352,0.2569870551427205
404,1353,0.2338988184928894
404,1354,0.23444037387768427
404,1355,0.24582137415806452
404,1356,0.24509469171365103
404,1357,0.2584700956940651
404,1358,0.2526397208372752
404,1359,0.23245572795470557
404,1360,0.24824095020691553
404,1361,0.2387730305393537
404,1362,0.23053048799435297
404,1363,0.2326226308941841
404,1364,0.2471311315894127
404,1365,0.24798854688803354
404,1366,0.24092611422141394
404,1367,0.24339770525693893
404,1368,0.2548842082420985
404,1369,0.26914697140455246
404,1370,0.23917006949583688
404,1371,0.2310633286833763
404,1372,0.2492541496952375
404,1373,0.2468700408935547
404,1374,0.25938790539900464
404,1375,0.2482723742723465
404,1376,0.23905591169993082
404,1377,0.2515438422560692
404,1378,0.24250463644663492
404,1379,0.24284481753905615
404,1380,0.23607403288284937
404,1381,0.25612445672353107
404,1382,0.24044145395358404
404,1383,0.2570643946528435
404,1384,0.24370361616214117
404,1385,0.2638179436326027
404,1386,0.23452789833148321
404,1387,0.23398295044898987
404,1388,0.23566845804452896
404,1389,0.2563542500138283
404,1390,0.24893584847450256
404,1391,0.25671933591365814
404,1392,0.25609706342220306
404,1393,0.2456867272655169
404,1394,0.23778311411539713
404,1395,0.25980206827322644
404,1396,0.25601593405008316
404,1397,0.23625525832176208
404,1398,0.26459794739882153
404,1399,0.25592298805713654
404,1400,0.2443226898709933
404,1401,0.2542506555716197
404,1402,0.26429709295431775
404,1403,0.23738022396961847
404,1404,0.2436315913995107
404,1405,0.2674524113535881
404,1406,0.2591046566764514
404,1407,0.24551914632320404
404,1408,0.24558504670858383
404,1409,0.24322808533906937
404,1410,0.2607978011171023
404,1411,0.2527057205637296
404,1412,0.22553577770789465
404,1413,0.24244424204031625
404,1414,0.2571692069371541
404,1415,0.24952624241511026
404,1416,0.2309466078877449
404,1417,0.23064564913511276
404,1418,0.25191792597373325
404,1419,0.25769785543282825
404,1420,0.2576170439521472
404,1421,0.26030677060286206
404,1422,0.24604617804288864
404,1423,0.25243065506219864
404,1424,0.24915909518798193
404,1425,0.2505390966931979
404,1426,0.24456202735503516
404,1427,0.2283618301153183
404,1428,0.24433731039365134
404,1429,0.2336469516158104
404,1430,0.23467581222454706
404,1431,0.2446196029583613
404,1432,0.24607243637243906
404,1433,0.21655192722876868
404,1434,0.23163543393214545
404,1435,0.2499628340204557
404,1436,0.24677463124195734
404,1437,0.23719524095455805
404,1438,0.23212715238332748
404,1439,0.2343998278180758
404,1440,0.23712055136760077
404,1441,0.23221682260433832
404,1442,0.24740855395793915
404,1443,0.21919501076141992
404,1444,0.23776982227961221
404,1445,0.2344466671347618
404,1446,0.2360521083076795
404,1447,0.2516777614752452
404,1448,0.24102541555960974
404,1449,0.2619383707642555
404,1450,0.2480721895893415
404,1451,0.23321099330981573
404,1452,0.2584191585580508
404,1453,0.2324901595711708
404,1454,0.255963829656442
404,1455,0.25402263055245083
404,1456,0.24441362420717874
404,1457,0.24727976818879446
404,1458,0.23588960617780685
404,1459,0.2526371007164319
404,1460,0.25470078984896344
404,1461,0.2308561752239863
404,1462,0.2447096904118856
404,1463,0.2380454714099566
404,1464,0.24408705532550812
404,1465,0.22406648099422455
404,1466,0.22813365856806436
404,1467,0.2314788574973742
404,1468,0.2343571980794271
404,1469,0.2421089435617129
404,1470,0.26067330439885456
404,1471,0.2262563854455948
404,1472,0.23036536574363708
404,1473,0.24708716571331024
404,1474,0.231970876455307
404,1475,0.2384479120373726
404,1476,0.2562264899412791
404,1477,0.23378822207450867
404,1478,0.2539667586485545
404,1479,0.24236507713794708
404,1480,0.24608911822239557
404,1481,0.2668083533644676
404,1482,0.24422082553307214
404,1483,0.238624207675457
404,1484,0.24706164747476578
404,1485,0.2341014544169108
404,1486,0.25958550224701565
404,1487,0.24089263627926508
404,1488,0.25664304941892624
404,1489,0.2503214751680692
404,1490,0.24387520800034204
404,1491,0.24559477716684341
404,1492,0.2333291918039322
404,1493,0.2469627782702446
404,1494,0.2242302397886912
404,1495,0.2338623950878779
404,1496,0.24750304967164993
404,1497,0.22748446961243948
404,1498,0.2437311535080274
404,1499,0.23884595185518265
404,1500,0.23112724721431732
404,1501,0.24099843949079514
404,1502,0.23856746157010397
404,1503,0.25067870567242306
404,1504,0.23343224078416824
404,1505,0.2512578219175339
404,1506,0.23796746134757996
404,1507,0.26469549039999646
404,1508,0.23801624526580176
404,1509,0.22655708094437918
404,1510,0.2391700545946757
404,1511,0.25076717883348465
404,1512,0.24411959201097488
404,1513,0.2529285674293836
404,1514,0.2379553442200025
404,1515,0.24730151643355688
404,1516,0.23774323364098868
404,1517,0.23016390204429626
404,1518,0.2278277352452278
404,1519,0.2442838946978251
404,1520,0.24043002973000208
404,1521,0.23369693756103516
404,1522,0.23346024254957834
404,1523,0.24712886164585748
404,1524,0.2343896453579267
404,1525,0.22361508260170618
404,1526,0.2350513736406962
404,1527,0.21352547903855643
404,1528,0.23625375578800836
404,1529,0.23340237885713577
404,1530,0.25692656884590787
404,1531,0.2332277918855349
404,1532,0.24703391393025717
404,1533,0.24265130857626596
404,1534,0.23508422573407492
404,1535,0.2481835881868998
404,1536,0.25216510395208996
404,1537,0.2312928338845571
404,1538,0.2319733848174413
404,1539,0.2511167402068774
404,1540,0.23440726598103842
404,1541,0.24092325568199158
404,1542,0.2421587606271108
404,1543,0.22483019779125848
404,1544,0.2451298584540685
404,1545,0.24524371574322382
404,1546,0.24866905063390732
404,1547,0.24667860815922418
404,1548,0.22481481234232584
404,1549,0.2495084355274836
404,1550,0.2444173370798429
404,1551,0.24955212076505026
404,1552,0.22740688174962997
404,1553,0.24714296559492746
404,1554,0.23073981702327728
404,1555,0.24332930396000543
404,1556,0.2417677342891693
404,1557,0.22125734388828278
404,1558,0.2375147839387258
404,1559,0.23549996068080267
404,1560,0.2527405669291814
404,1561,0.23992057889699936
404,1562,0.2596704264481862
404,1563,0.23423642168442407
404,1564,0.24801451712846756
404,1565,0.25595125555992126
404,1566,0.23723429441452026
404,1567,0.23339668413003287
404,1568,0.2461985175808271
404,1569,0.23260765274365744
404,1570,0.23362105836470923
404,1571,0.24178263545036316
404,1572,0.23157053937514624
404,1573,0.2505362778902054
404,1574,0.22994342197974524
404,1575,0.22784661998351416
404,1576,0.23633897056182226
404,1577,0.2474058990677198
404,1578,0.26035452634096146
404,1579,0.2503328174352646
404,1580,0.2152933677037557
404,1581,0.23056588570276895
404,1582,0.23622331768274307
404,1583,0.25337275117635727
404,1584,0.22587835788726807
404,1585,0.25005491077899933
404,1586,0.2268009583155314
404,1587,0.2528894270459811
404,1588,0.2446086605389913
404,1589,0.23547284801801047
404,1590,0.24000956366459528
404,1591,0.2399443710843722
404,1592,0.23666276037693024
404,1593,0.2343804637591044
404,1594,0.22134952495495477
404,1595,0.23965277771155039
404,1596,0.24069424718618393
404,1597,0.2357576588789622
404,1598,0.23633474111557007
404,1599,0.2595524812738101
404,1600,0.23840914169947305
404,1601,0.2468342805902163
404,1602,0.2584621235728264
404,1603,0.24367515991131464
404,1604,0.23000614841779074
404,1605,0.21518795937299728
404,1606,0.24363270153601965
404,1607,0.24498754243055978
404,1608,0.25222426404555637
404,1609,0.24315747618675232
404,1610,0.23896985004345575
404,1611,0.2396759365995725
404,1612,0.23348065465688705
404,1613,0.24207287281751633
404,1614,0.2535766114791234
404,1615,0.23706965645154318
404,1616,0.24476965020100275
404,1617,0.23863437275091806
404,1618,0.24139720698197684
404,1619,0.24069389700889587
404,1620,0.23011399308840433
404,1621,0.2353159263730049
404,1622,0.22663636008898416
404,1623,0.22628907362620035
404,1624,0.25479528059562045
404,1625,0.2448706030845642
404,1626,0.24513829996188483
404,1627,0.24482748160759607
404,1628,0.230110801756382
404,1629,0.21900711208581924
404,1630,0.2380049079656601
404,1631,0.22866088896989822
404,1632,0.24241251995166144
404,1633,0.21554394563039145
404,1634,0.24293552587429681
404,1635,0.22442293663819632
404,1636,0.23911856611569723
404,1637,0.23052795231342316
404,1638,0.25119444727897644
404,1639,0.23878462612628937
404,1640,0.24176091204086939
404,1641,0.22648107508818308
404,1642,0.23511377473672232
404,1643,0.24086057394742966
404,1644,0.24976404259602228
404,1645,0.23437530050675073
404,1646,0.24277195086081824
404,1647,0.24609509110450745
404,1648,0.21611875047286352
404,1649,0.2233080342411995
404,1650,0.2222723737359047
404,1651,0.2349237228433291
404,1652,0.24783036609490713
404,1653,0.234538567562898
404,1654,0.22232642521460852
404,1655,0.23818706224362055
404,1656,0.23495585223038992
404,1657,0.23085878044366837
404,1658,0.24763993670543036
404,1659,0.24005928387244543
404,1660,0.2078861047824224
404,1661,0.22544939815998077
404,1662,0.24281422793865204
404,1663,0.22740725427865982
404,1664,0.22791441281636557
404,1665,0.2434241051475207
404,1666,0.24063976109027863
404,1667,0.2475449542204539
404,1668,0.23356125752131143
404,1669,0.22858023643493652
404,1670,0.23114951451619467
404,1671,0.2268193190296491
404,1672,0.24296448131402335
404,1673,0.2188959171374639
404,1674,0.22348594417174658
404,1675,0.22847501933574677
404,1676,0.21463247140248617
404,1677,0.22814747442801794
404,1678,0.23549993087848028
404,1679,0.23197666803995767
404,1680,0.2219259242216746
404,1681,0.23356701185305914
404,1682,0.2280844822525978
404,1683,0.21192345271507898
404,1684,0.24973541994889578
404,1685,0.23954161256551743
404,1686,0.223435511191686
404,1687,0.21646720419327417
404,1688,0.24512013544638953
404,1689,0.2548513362805049
404,1690,0.223392886420091
404,1691,0.23235811541477838
404,1692,0.2409594307343165
404,1693,0.2383611003557841
404,1694,0.25953375548124313
404,1695,0.24503024915854135
404,1696,0.23639343678951263
404,1697,0.23165976504484811
404,1698,0.2171521931886673
404,1699,0.24309377620617548
404,1700,0.20536526292562485
404,1701,0.23776342471440634
404,1702,0.23429172982772192
404,1703,0.24460684011379877
404,1704,0.22832192728916803
404,1705,0.247065340479215
404,1706,0.23292406151692072
404,1707,0.2378225028514862
404,1708,0.2418966442346573
404,1709,0.23257928838332495
404,1710,0.25086816648642224
404,1711,0.2209384540716807
404,1712,0.214689369002978
404,1713,0.23595379292964935
404,1714,0.21091864754756293
404,1715,0.2413907696803411
404,1716,0.22886482377847037
404,1717,0.23797896007696787
404,1718,0.23476251711448035
404,1719,0.23794732491175333
404,1720,0.24757321178913116
404,1721,0.2264898344874382
404,1722,0.23133161415656409
404,1723,0.2444492851694425
404,1724,0.2235028768579165
404,1725,0.22326061874628067
404,1726,0.22213931381702423
404,1727,0.21564103911320368
404,1728,0.22373819599548975
404,1729,0.2302222897609075
404,1730,0.23786183446645737
404,1731,0.2514524385333061
404,1732,0.24280915409326553
404,1733,0.22709811478853226
404,1734,0.21820714076360068
404,1735,0.23710331320762634
404,1736,0.22421468049287796
404,1737,0.23499612510204315
404,1738,0.23045309633016586
404,1739,0.210964468618234
404,1740,0.2143128514289856
404,1741,0.20916554828484854
404,1742,0.2338866963982582
404,1743,0.22712567200263342
404,1744,0.2233374739686648
404,1745,0.24603329598903656
404,1746,0.23889509588479996
404,1747,0.23131482054789862
404,1748,0.24267272154490152
404,1749,0.2521994287769
404,1750,0.22272422661383948
404,1751,0.22333999971548715
404,1752,0.23627805958191553
404,1753,0.22585762292146683
404,1754,0.24127591152985892
404,1755,0.22658658276001611
404,1756,0.22064224630594254
404,1757,0.23131542404492697
404,1758,0.23905150095621744
404,1759,0.23244940241177878
404,1760,0.23842380195856094
404,1761,0.22046009947856268
404,1762,0.2474413588643074
404,1763,0.23200312505165735
404,1764,0.24862591425577799
404,1765,0.24263017376263937
404,1766,0.23981521278619766
404,1767,0.22903788834810257
404,1768,0.24327320357163748
404,1769,0.23674127459526062
404,1770,0.22499393175045648
404,1771,0.227745587627093
404,1772,0.22321684161822
404,1773,0.23119598627090454
404,1774,0.21047898630301157
404,1775,0.2389860302209854
404,1776,0.22989453623692194
404,1777,0.2397226095199585
404,1778,0.2172225539882978
404,1779,0.2487663800517718
404,1780,0.2477833479642868
404,1781,0.22156540304422379
404,1782,0.24124562740325928
404,1783,0.22422837217648825
404,1784,0.22247340778509775
404,1785,0.2433406114578247
404,1786,0.23735816776752472
404,1787,0.22858809679746628
404,1788,0.2240967402855555
404,1789,0.22612646718819937
404,1790,0.23189212630192438
404,1791,0.23111836363871893
404,1792,0.2384827584028244
404,1793,0.24567481875419617
404,1794,0.23752031475305557
404,1795,0.2316703995068868
404,1796,0.23068875819444656
404,1797,0.23839820673068365
404,1798,0.23007959375778833
404,1799,0.21386982997258505
404,1800,0.23407837748527527
404,1801,0.22974425802628198
404,1802,0.22822424272696176
404,1803,0.22957197576761246
404,1804,0.23143750180800757
404,1805,0.22477109730243683
404,1806,0.2251760388414065
404,1807,0.234123465915521
404,1808,0.23261399070421854
404,1809,0.23887809365987778
404,1810,0.2338537077109019
404,1811,0.23957664519548416
404,1812,0.2306286320090294
404,1813,0.22292813658714294
404,1814,0.22327186415592828
404,1815,0.22384142130613327
404,1816,0.21621859321991602
404,1817,0.2356799120704333
404,1818,0.2210709030429522
404,1819,0.23014736423889795
404,1820,0.2460324689745903
404,1821,0.22511822481950125
404,1822,0.2229918713370959
404,1823,0.22948395957549414
404,1824,0.22973216325044632
404,1825,0.215445376932621
404,1826,0.22557264814774194
404,1827,0.22340191900730133
404,1828,0.2199173296491305
404,1829,0.224677341679732
404,1830,0.23099531481663385
404,1831,0.23133711268504462
404,1832,0.22295066465934119
404,1833,0.2095122536023458
404,1834,0.23090677708387375
404,1835,0.22229280571142832
404,1836,0.22237460066874823
404,1837,0.2276155725121498
404,1838,0.22023319453001022
404,1839,0.2435168276230494
404,1840,0.24229228496551514
404,1841,0.23162057747443518
404,1842,0.243010846277078
404,1843,0.23596582810084024
404,1844,0.23737887293100357
404,1845,0.22344444940487543
404,1846,0.2373656158645948
404,1847,0.2402239665389061
404,1848,0.21269090473651886
404,1849,0.21411952128012976
404,1850,0.2344227135181427
404,1851,0.2396457294623057
404,1852,0.23685479164123535
404,1853,0.20744574318329492
404,1854,0.22770573943853378
404,1855,0.22136815885702768
404,1856,0.24825492997964224
404,1857,0.23377405355374017
404,1858,0.22743954261144003
404,1859,0.22662634402513504
404,1860,0.22049433986345926
404,1861,0.22108951459328333
404,1862,0.22492829710245132
404,1863,0.23037258783976236
404,1864,0.21984202911456427
404,1865,0.23014160990715027
404,1866,0.22634528328975043
404,1867,0.23104399194320044
404,1868,0.22672072052955627
404,1869,0.21461695432662964
404,1870,0.22588585068782172
404,1871,0.22650899986426035
404,1872,0.22709101935227713
404,1873,0.21043768773476282
404,1874,0.2155777911345164
404,1875,0.2158104032278061
404,1876,0.23132790376742682
404,1877,0.21791459868351618
404,1878,0.21761063237984976
404,1879,0.2225881020228068
404,1880,0.22077715396881104
404,1881,0.21796751767396927
404,1882,0.239511047800382
404,1883,0.22017621248960495
404,1884,0.199136512974898
404,1885,0.22805107136567435
404,1886,0.21551074335972467
404,1887,0.22339610755443573
404,1888,0.24892030407985052
404,1889,0.22436669220527014
404,1890,0.2437362795074781
404,1891,0.23203267653783163
404,1892,0.2419715871413549
404,1893,0.21277347455422083
404,1894,0.20223919798930487
404,1895,0.2157942553361257
404,1896,0.23904297252496085
404,1897,0.22448502232631048
404,1898,0.2149997428059578
404,1899,0.20945089062054953
404,1900,0.22300861527522406
404,1901,0.2371837521592776
404,1902,0.21447246273358664
404,1903,0.2322458103299141
404,1904,0.214974914987882
404,1905,0.22071449210246405
404,1906,0.20461699863274893
404,1907,0.22108437617619833
404,1908,0.20240953067938486
404,1909,0.23807712644338608
404,1910,0.21291499584913254
404,1911,0.2252784570058187
404,1912,0.21614290277163187
404,1913,0.2202117865284284
404,1914,0.22491345554590225
404,1915,0.21959508955478668
404,1916,0.2195309946934382
404,1917,0.24494659652312598
404,1918,0.22793350865443548
404,1919,0.2314570570985476
404,1920,0.2274051234126091
404,1921,0.2352861687541008
404,1922,0.22621637831131616
404,1923,0.21591051171223322
404,1924,0.2343237896760305
404,1925,0.24956849217414856
404,1926,0.22861621032158533
404,1927,0.23188383132219315
404,1928,0.21664771934350333
404,1929,0.22213374823331833
404,1930,0.2195030798514684
404,1931,0.2245732694864273
404,1932,0.2219580536087354
404,1933,0.22741439690192541
404,1934,0.21967806170384088
404,1935,0.211142435669899
404,1936,0.22681562105814615
404,1937,0.23009304205576578
404,1938,0.21347094575564066
404,1939,0.2155634934703509
404,1940,0.21846289684375128
404,1941,0.23825192948182425
404,1942,0.2326659212509791
404,1943,0.23116451253493628
404,1944,0.23106738179922104
404,1945,0.221651000281175
404,1946,0.22287606447935104
404,1947,0.23116240898768106
404,1948,0.20993701120217642
404,1949,0.22555624196926752
404,1950,0.2220903659860293
404,1951,0.2311615819732348
404,1952,0.2354420373837153
404,1953,0.2167466456691424
404,1954,0.2279337445894877
404,1955,0.21717122693856558
404,1956,0.22249958664178848
404,1957,0.22735896706581116
404,1958,0.2168664758404096
404,1959,0.19844118257363638
404,1960,0.22476945320765176
404,1961,0.22050964087247849
404,1962,0.23447438577810922
404,1963,0.22837108125289282
404,1964,0.2127426266670227
404,1965,0.2313979615767797
404,1966,0.23002051562070847
404,1967,0.23008516430854797
404,1968,0.2577841853102048
404,1969,0.2391455297668775
404,1970,0.2276418556769689
404,1971,0.24846348663171133
404,1972,0.2296889548500379
404,1973,0.222099502881368
404,1974,0.20741311460733414
404,1975,0.2386136626203855
404,1976,0.21460753430922827
404,1977,0.2324475795030594
404,1978,0.21641727536916733
404,1979,0.21618294964234033
404,1980,0.23973744362592697
404,1981,0.21971692393223444
404,1982,0.21640854080518088
404,1983,0.23751249412695566
404,1984,0.22164621700843176
404,1985,0.22843640794356665
404,1986,0.2260949636499087
404,1987,0.22138034055630365
404,1988,0.223056693871816
404,1989,0.22210734834273657
404,1990,0.22072218358516693
404,1991,0.20824623107910156
404,1992,0.2336745336651802
404,1993,0.24122437586387
404,1994,0.206746776898702
404,1995,0.20538843671480814
404,1996,0.21414304276307425
404,1997,0.21892768889665604
404,1998,0.21991354723771414
404,1999,0.22544977317253748
404,2000,0.2319924756884575
404,2001,0.2254986713329951
404,2002,0.21999973058700562
404,2003,0.2251854787270228
404,2004,0.2344119275609652
404,2005,0.21525880446036658
404,2006,0.22700207928816477
404,2007,0.22563417007525763
404,2008,0.23008523881435394
404,2009,0.2259575476249059
404,2010,0.20898049821456274
404,2011,0.20517679303884506
404,2012,0.2278807833790779
404,2013,0.22582448025544485
404,2014,0.22109024971723557
404,2015,0.2311332772175471
404,2016,0.21921881039937338
404,2017,0.22327475994825363
404,2018,0.2294535090525945
404,2019,0.213931642472744
404,2020,0.19858489682277045
404,2021,0.24292413393656412
404,2022,0.20859825859467188
404,2023,0.22632520149151483
404,2024,0.22654628256956735
404,2025,0.21100441366434097
404,2026,0.23655216892560324
404,2027,0.2220349262158076
404,2028,0.22244550039370856
404,2029,0.22178098062674204
404,2030,0.22574800004561743
404,2031,0.23684384177128473
404,2032,0.2367551177740097
404,2033,0.23765782763560614
404,2034,0.2155319799979528
404,2035,0.22042255600293478
404,2036,0.21677344044049582
404,2037,0.22778795411189398
404,2038,0.23113478471835455
404,2039,0.21835952997207642
404,2040,0.2328623334566752
404,2041,0.20969683676958084
404,2042,0.22055365145206451
404,2043,0.21828564753135046
404,2044,0.21774756411711374
404,2045,0.21219588816165924
404,2046,0.2530573382973671
404,2047,0.22741067657868066
404,2048,0.23399813224871954
404,2049,0.21289455393950144
404,2050,0.2391770010193189
404,2051,0.22008736928304037
404,2052,0.23964026073614755
404,2053,0.21633085360129675
404,2054,0.23116887857516608
404,2055,0.2280225728948911
404,2056,0.22502868125836054
404,2057,0.2291171799103419
404,2058,0.2154411549369494
404,2059,0.22641937931378683
404,2060,0.22608277946710587
404,2061,0.23012124001979828
404,2062,0.20480788250764212
404,2063,0.21404074629147848
404,2064,0.200149305164814
404,2065,0.2086420382062594
404,2066,0.22052694608767828
404,2067,0.21372741709152857
404,2068,0.22692744433879852
404,2069,0.24221186091502508
404,2070,0.2320456604162852
404,2071,0.20457504441340765
404,2072,0.2103069225947062
404,2073,0.23306787510712942
404,2074,0.2134777456521988
404,2075,0.22968089828888574
404,2076,0.22494866450627646
404,2077,0.22075031201044717
404,2078,0.23929849763711294
404,2079,0.21511239806811014
404,2080,0.22873623172442117
404,2081,0.22141201297442117
404,2082,0.2132375861207644
404,2083,0.2187632073958715
404,2084,0.2104057396451632
404,2085,0.22388734420140585
404,2086,0.21217510849237442
404,2087,0.2213702773054441
404,2088,0.2014362836877505
404,2089,0.2146745299299558
404,2090,0.22505665322144827
404,2091,0.21500761061906815
404,2092,0.2250132461388906
404,2093,0.21469161411126456
404,2094,0.20874113589525223
404,2095,0.2183307781815529
404,2096,0.21884147077798843
404,2097,0.2144333223501841
404,2098,0.20912003020445505
404,2099,0.22888888667027155
404,2100,0.22063041478395462
