group,method,pc1,pc2
real legitimate,,1.1924673621244037,-0.036172123752291716
real legitimate,,1.1522865957495363,-0.0024692879869303713
real legitimate,,1.1162683312844965,0.33399652223999243
real legitimate,,1.0462358249512316,-0.6777545960295543
real legitimate,,1.139609546334913,-0.2992034446066769
real legitimate,,1.1495343468442063,-1.2364389021558013
real legitimate,,1.1394661172808296,0.33078118202241164
real legitimate,,1.1418480640798805,0.03599041460816803
real legitimate,,1.124781832807418,0.09138287528088988
real legitimate,,1.1406320376126775,-0.19236179815979698
real legitimate,,1.1043674679924238,-0.6492212455733726
real legitimate,,1.1508861732017033,0.622924788694404
real legitimate,,1.1422047784804412,-0.24710087470925085
real legitimate,,1.1325710828609985,0.1637926865106778
real legitimate,,1.1371924826899789,0.028858465876308456
real legitimate,,1.1442484760714597,-0.06361326803797478
real legitimate,,1.1613769064752484,0.20081007104739834
real legitimate,,1.1748321613999615,-0.040553113726299286
real legitimate,,1.1365293838040682,0.2383731923003305
real legitimate,,1.1203488741401977,0.3142408288821808
real legitimate,,1.1390204742158407,0.6213983025216638
real legitimate,,1.1392798216762154,0.03569476590118299
real legitimate,,1.1286790790963606,0.13681891668029544
real legitimate,,1.1647309316830852,0.15480102303406756
real legitimate,,1.1684225074913763,-0.1288074343101328
real legitimate,,1.1493628549352772,0.16666289923372113
real legitimate,,1.1285311865683718,-0.03372749938140805
real legitimate,,1.1437143170592639,0.7331298166037589
real legitimate,,0.5982722741929226,-21.316672893306098
real legitimate,,1.1234735877917081,-2.3108656702644397
real legitimate,,1.1521336436875975,-0.22162981104344576
real legitimate,,1.1563041699835086,0.1306383994046626
real legitimate,,1.1013521224361065,-0.2272254589439543
real legitimate,,1.1398021449976985,-0.21571695926714923
real legitimate,,1.1183222037810499,-0.400612769044834
real legitimate,,1.096090563483017,0.3906409332503747
real legitimate,,1.1093155538407342,-0.8129901589799178
real legitimate,,1.1872190685864772,0.28514375910213785
real legitimate,,1.1532596057318818,-0.16097154355001791
real legitimate,,1.1457442162404519,-0.01515952519952081
real legitimate,,1.1429350155136175,-0.21741024127739605
real legitimate,,1.1406087976608292,0.003627987563362453
real legitimate,,1.1522048053954332,0.03944309102961362
real legitimate,,1.1455475184692068,-0.01885400270712613
real legitimate,,1.1096537687499208,-0.022297014606143292
real legitimate,,1.1076355259580852,-0.3049437378904135
real legitimate,,1.1585969493208694,0.050199669181392556
real legitimate,,1.1496915100260416,0.7497882113733232
real legitimate,,1.1466001321023898,0.45467535878374077
real legitimate,,1.1201608177717184,0.15698028012323167
real legitimate,,1.1354013441441486,-0.014531696486377269
real legitimate,,1.1196144799779728,0.3099165466021431
real legitimate,,1.131945391808899,-0.10447879469331751
real legitimate,,1.052183857918775,-2.10951804721964
real legitimate,,1.1642259942508757,-0.7373936860544316
real legitimate,,1.163600749232772,-1.9764068692377652
real legitimate,,1.1201910341346801,0.5001976889215988
real legitimate,,1.12525439486422,0.0967602062440802
real legitimate,,1.1474806042625545,-0.047591157929790975
real legitimate,,1.1423761772841559,0.03860544749783189
real legitimate,,1.1337685023375499,-0.000982179243070605
real legitimate,,1.1798662914244868,0.42935181502572983
real legitimate,,1.1178592383197086,0.2527555484248954
real legitimate,,1.1090018422411292,0.085961659798077
real legitimate,,1.1310872925062214,-0.1279178749528227
real legitimate,,1.1339674556471908,-0.6868219712855226
real legitimate,,1.1459513678249829,-0.10030194436389013
real legitimate,,1.132311333556827,0.2855774144566703
real legitimate,,1.1310832106534239,-0.06209883293770642
real legitimate,,1.1390552736775326,-0.01672169857194744
real legitimate,,1.1361240479982246,-0.08297175177751588
real legitimate,,1.1623002255001296,0.02228453245063787
real legitimate,,1.1254673604313357,-0.04282396339865875
real legitimate,,1.1346158331352838,0.06989936001866924
real legitimate,,1.1307412730495652,-0.24367683964689568
real legitimate,,1.1903498931812404,-0.019348565769684536
real legitimate,,1.312019539756192,1.6438058622268508
real legitimate,,1.1656852632197967,-0.30524452547489067
real legitimate,,1.1423316758915798,0.12609919401536152
real legitimate,,1.1582302566537679,0.283378117905721
real legitimate,,1.1572328184294915,0.30413198369687466
real legitimate,,1.1466310503288688,-2.0927926862665154
real legitimate,,1.1123105621060547,0.13473676358335135
real legitimate,,0.5204058260919963,-20.441740527495615
real legitimate,,1.1770465406185835,-0.1180544511116454
real legitimate,,1.1357456112379756,-0.03271660714530801
real legitimate,,1.1145098284307076,0.18355603948544408
real legitimate,,1.1387516304093248,-0.19230754880552503
real legitimate,,1.1465278646741321,0.04037238561798144
real legitimate,,1.1454824198900067,0.13868738235338762
real legitimate,,1.140448580088334,-0.11415977444737087
real legitimate,,1.16305000216082,0.21854864860175532
real legitimate,,1.1375103120382672,-0.09133618450038807
real legitimate,,1.1279532667499743,-0.18817093920006905
real legitimate,,1.0916977281313947,-0.31385725813927956
real legitimate,,1.1294528721476014,0.5333780474052497
real legitimate,,1.0992977877031342,-0.1957987539931434
real legitimate,,1.164038407504989,0.24009729560747078
real legitimate,,1.156715480244472,0.2765716212950321
real legitimate,,1.1442201869910917,1.7621869381806379
real legitimate,,1.1712137676549972,0.3664833770402325
real legitimate,,1.1393584828233885,-0.2813575630248855
real legitimate,,1.1474776249054115,-0.07448050761346907
real legitimate,,1.1153388755882523,0.2786817107288103
real legitimate,,1.136878529400918,-0.2652650017965793
real legitimate,,1.1476511752771552,0.25470769032865953
real legitimate,,1.1175529520985672,0.5197988636216984
real legitimate,,1.1665301265708559,-0.2539043975769181
real legitimate,,1.1468772041536548,-0.13748100185979373
real legitimate,,1.116077798478055,0.12011549496804518
real legitimate,,1.101645928969361,0.04979581530625769
real legitimate,,1.0865310965825143,0.02839360853214755
real legitimate,,1.129154376527556,0.3888379936768153
real legitimate,,1.1569037335890346,-0.8703429298316439
real legitimate,,1.1321114301421131,-0.12434976010248418
real legitimate,,1.111396030742376,0.040378213896498635
real legitimate,,1.1184014861434626,-0.2698568164809793
real legitimate,,1.1509341040512342,0.4114770003574577
real legitimate,,1.1544100083647886,-0.16534315191120386
real legitimate,,1.1786533054881245,-1.552461715860897
real legitimate,,1.159665106680463,-0.12368067798049072
real legitimate,,1.1277968491796848,0.07117936888483127
real legitimate,,1.0294599873968144,-3.5829247907339443
real legitimate,,1.1400164628355527,0.11010689352496543
real legitimate,,1.158926700665398,-0.30088641326225657
real legitimate,,1.1399560859054434,-0.07311599551102642
real legitimate,,1.1309826974768051,-0.2653153468508074
real legitimate,,1.166277208488996,-0.10628254702565522
real legitimate,,1.1364198915778343,-0.041029134199015146
real legitimate,,1.1514442242131655,-0.12411644537079265
real legitimate,,1.1346308518565789,0.4938486621405911
real legitimate,,1.1223139572753715,-0.03169846336771122
real legitimate,,1.1613707010366061,-0.06166867994100683
real legitimate,,1.0579325790070655,-2.7539041172020173
real legitimate,,1.1066315768895842,-0.20486353704714844
real legitimate,,1.0663787672843825,-0.23352494052258255
real legitimate,,1.1073358139201546,0.3148708764050093
real legitimate,,1.0848573736721123,1.1205209884251255
real legitimate,,1.1208992253038519,-0.4600576333682385
real legitimate,,1.08671443236566,0.09822188388150897
real legitimate,,1.185125977490918,-0.202569556007341
real legitimate,,1.122201296859009,0.4027308067497886
real legitimate,,1.1318768897034537,-0.11258850693710074
real legitimate,,1.116898557050932,0.43061396780764294
real legitimate,,1.1265224705024766,0.12103714167722994
real legitimate,,1.1237799229021619,-0.028982304571685075
real legitimate,,1.2430365043606684,0.2763226786322908
real legitimate,,1.1308089902176588,-0.11303012454973686
real legitimate,,1.1522983854852034,0.27811929879185665
real legitimate,,1.1394069813453622,-0.014966442225439316
real legitimate,,1.1196131393251305,0.24745165714388145
real legitimate,,1.1346275805850392,0.1462188446081914
real legitimate,,1.1608592814414307,0.39022008080619053
real legitimate,,1.1002183958725031,0.2909596556552253
real legitimate,,1.0952592041618514,0.18591408311165997
real legitimate,,1.1288015629706352,-0.09053862232386363
real legitimate,,1.146434818171616,0.10421035804206395
real legitimate,,1.1237899390823876,0.27230775816857455
real legitimate,,1.1336696536303332,0.15028522692581858
real legitimate,,1.258705087111002,-1.2680344994604744
real legitimate,,1.123498042331179,0.09133343893866307
real legitimate,,1.1496760758103652,-0.062148352469934345
real legitimate,,1.1459177335520856,-0.007448274072785713
real legitimate,,1.1452184570261017,0.37790211976920474
real legitimate,,1.1144506777230556,-0.7799727602510204
real legitimate,,1.1258469975225989,0.2937136647989065
real legitimate,,1.1261448223001223,-0.07829728390676034
real legitimate,,1.1516034620340316,-0.021595745282760717
real legitimate,,1.1275724234120932,0.12714075696541294
real legitimate,,1.141461293533992,-0.1579938449830368
real legitimate,,1.1022536174004363,0.1986196746295691
real legitimate,,1.112638300415382,-0.3421941659845838
real legitimate,,1.1348536712016435,0.11248598109350637
real legitimate,,1.1291354960179316,-0.009275813268323621
real legitimate,,1.151588662483854,-0.0011675565356543821
real legitimate,,1.1321664446024038,0.4621192927509542
real legitimate,,1.1363147719747304,0.47682255644248106
real legitimate,,1.1309865067727494,0.25007259383932556
real legitimate,,1.129843701149579,0.004303178797453608
real legitimate,,1.1421837386186373,0.08547632180885938
real legitimate,,1.149616284578176,0.829405990315971
real legitimate,,1.1128604251617025,0.11683581903753447
real legitimate,,1.1115973281937126,-0.23843374031085524
real legitimate,,1.1336015150884862,-0.12591974338090833
real legitimate,,1.126445784848205,0.17767976311830902
real legitimate,,1.1702516807142729,0.15522251057604725
real legitimate,,1.1445107230569036,-0.09804363913383358
real legitimate,,1.1410007673653444,0.24660910916936757
real legitimate,,1.1581133957815966,0.4736484374455088
real legitimate,,1.1184058307910205,-0.06466258613883559
real legitimate,,1.1260913732577158,0.4238831933965972
real legitimate,,1.2421013964451988,-0.17359994664291922
real legitimate,,1.1410687581107712,0.4873733899299151
real legitimate,,1.0910429512632274,-0.2351316209061728
real legitimate,,1.1423542945719485,0.3625944498104463
real legitimate,,1.1300285322770844,-0.22301622109970887
real legitimate,,1.152194406567574,-0.255764403803405
real legitimate,,1.1289457966473142,-0.3508575457361969
real legitimate,,1.138540303103963,-0.18332965523243
real legitimate,,1.1533481079548675,-0.11443171858397928
real legitimate,,1.1264587493332805,-0.18966745041475963
real legitimate,,1.150466013477633,0.08175295264917497
real legitimate,,1.1677740942613135,0.3349543378389145
real legitimate,,1.1572128861199522,0.020439877839792384
real legitimate,,1.146974610473487,-0.32187168031902974
real legitimate,,1.141789408385662,0.20155022415165785
real legitimate,,1.1141527788980699,-0.5856201929114605
real legitimate,,1.1626799638615364,-1.8159940187318049
real legitimate,,1.119074721529634,0.12797710445538746
real legitimate,,1.1063982384981494,-0.07606355897890509
real legitimate,,1.1520002660348077,0.6853472189639036
real legitimate,,1.1099258377161918,-0.4338848069332851
real legitimate,,1.1495548532881452,-0.1355148355125526
real legitimate,,1.148887923941497,0.3811284586608472
real legitimate,,1.142987363213357,-0.002370938963647831
real legitimate,,1.1334481672128756,-0.005369759535293492
real legitimate,,1.1595235369623018,-0.09600235130449757
real legitimate,,1.1567602245273099,-0.2944720054911516
real legitimate,,1.1439584322832397,0.05228467713761685
real legitimate,,1.1478331453326218,-0.1469767435178454
real legitimate,,1.1620839575220026,-0.17455321349598446
real legitimate,,1.1525711474111513,-0.12077784748093996
real legitimate,,1.1070021948753013,-0.0650955290068135
real legitimate,,1.235300380521418,0.4728983285152595
real legitimate,,1.1513538790947064,1.1239534560004556
real legitimate,,1.123119421244331,-0.1874456520587363
real legitimate,,1.1313442419597446,-0.11043214781685785
real legitimate,,1.1504197116836261,0.09093065371663471
real legitimate,,1.134917541252973,-0.10739957708935467
real legitimate,,1.1527996546387713,0.08397725855360987
real legitimate,,1.1701512097698719,0.36927302257446837
real legitimate,,1.1497257745139446,-0.3218721256692377
real legitimate,,1.1593236075528481,0.12172426133738938
real legitimate,,1.1425020780735997,-0.06727777635063283
real legitimate,,1.1673058465678685,-0.5170006552462384
real legitimate,,1.0789610338031845,0.2584791309539003
real legitimate,,1.1819901020217045,-0.04973507022709667
real legitimate,,1.1052667003615193,0.39160437656928787
real legitimate,,1.1394307795531744,-0.23578827801026558
real legitimate,,1.1447346353535348,0.04245753985648708
real legitimate,,1.1252022332801042,-0.060599001322263965
real legitimate,,1.1717690813994515,0.10224429822583968
real legitimate,,1.1091726370726995,0.2684349308320485
real legitimate,,1.134874252496146,0.07819633954644854
real legitimate,,1.1487121118187067,0.7156853545043204
real legitimate,,1.174942706009251,0.4402056522785214
real legitimate,,1.1477074703051595,0.007435570128017821
real legitimate,,1.1439873963016407,-0.059981409105936204
real legitimate,,1.1199842056197375,-0.007481621400963104
real legitimate,,1.1033155471206582,0.2927432008039681
real legitimate,,1.1526481611969683,-0.06088595391007991
real legitimate,,1.1431729508940984,0.04122935172306806
real legitimate,,1.130259594419686,-0.13896818663165877
real legitimate,,1.1525556821731784,0.32190020094283023
real legitimate,,1.1380118590818913,-0.4769335502701654
real legitimate,,1.1708703516497554,-1.1464326043223756
real legitimate,,1.1550474116413851,-0.283851548801759
real legitimate,,1.147545317808099,-0.012623650838618397
real legitimate,,1.119373144545996,0.08384371332410794
real legitimate,,1.140003552629532,0.424084425148637
real legitimate,,1.1094730445024532,-0.2241473001417389
real legitimate,,1.123581941475513,0.1915596631427784
real legitimate,,1.1707804966463482,-0.3376223057373238
real legitimate,,1.1593069306517791,0.19601162341423545
real legitimate,,1.1747018477346043,0.700997219836746
real legitimate,,1.182011650508538,0.4112936879269441
real legitimate,,1.1668136013151702,-0.23081487309393584
real legitimate,,1.1460966108078812,0.05063502140073266
real legitimate,,1.1144460742242301,0.06281354569741075
real legitimate,,1.144765538893329,2.1389745647102854
real legitimate,,1.1143206879158711,0.24683364844657096
real legitimate,,1.1484363333802166,-0.08967493129778971
real legitimate,,1.146002830556469,-0.1874246629123849
real legitimate,,1.1328076103436024,-0.4092319371109069
real legitimate,,1.152069627366925,0.47882287121967027
real legitimate,,1.1216017521995059,0.07909721942634061
real legitimate,,1.1815042347158302,-0.6976346439448319
real legitimate,,1.1214942125832779,-0.14347652916788778
real legitimate,,1.1060008913682549,-0.9141414756215469
real legitimate,,1.114447219671894,-0.3748822940830405
real legitimate,,1.1546412637956371,-0.32058187223814727
real legitimate,,1.1479681681869902,0.11747970847810284
real legitimate,,1.1729434335855964,0.6675718008607714
real legitimate,,1.1570165561862058,-0.17807562781034436
real legitimate,,1.1602035532376447,0.5207586251128182
real legitimate,,1.124199664412155,0.1960376933797024
real legitimate,,1.144861199506151,0.16586287222523177
real legitimate,,1.0878677737296358,2.1953384134208727
real legitimate,,1.0945490103463866,-0.34364505379701593
real legitimate,,1.136249490384539,0.10964879995337039
real legitimate,,1.1372430192644325,-2.087245065780077
real legitimate,,1.1311394375788404,0.3054274229614161
real legitimate,,1.1672748640638166,-0.2119302931398001
real legitimate,,1.1687312397048135,-0.17352886793402816
real legitimate,,1.149790884421138,0.5449610605347079
real legitimate,,1.1425333876573711,-0.15736820496771176
real legitimate,,1.097254056088113,-2.4219388274315183
real legitimate,,1.1434786096623328,-0.25806786812513427
real legitimate,,1.141410403662474,0.26788562542314054
real legitimate,,1.1291200058850805,-0.07993523356371036
real legitimate,,1.1097592253695374,-0.7287372050315624
real legitimate,,1.1388055744434173,0.29498989915482154
real legitimate,,1.1475389783036667,0.2684945422224765
real legitimate,,1.140013281718438,-0.06781979715996651
real legitimate,,1.1137762749393367,-0.41385785562407507
real legitimate,,1.157791281905443,-0.011377545078301701
real legitimate,,1.0802870525148882,0.7069152392424543
real legitimate,,1.1626700759343822,-0.2525080239656163
real legitimate,,1.1331966415590895,0.08660553886534604
real legitimate,,1.1192931825323742,-0.27780846960903216
real legitimate,,1.1625623439139896,0.3985060830313941
real legitimate,,1.1404831935786972,-0.31007617627665174
real legitimate,,1.1540977685030684,0.433305188225252
real legitimate,,1.1388029174520016,-0.0993161980512265
real legitimate,,1.1871580393892491,0.8526972503251946
real legitimate,,1.117635564510673,-0.04959860301190959
real legitimate,,1.0999006793306243,0.11440548299717508
real legitimate,,1.1369099732526005,-0.054868213481860675
real legitimate,,1.141300059232464,-0.5846539851092126
real legitimate,,1.1387932830847056,-0.07979345489586405
real legitimate,,1.130456419795394,-0.3608931494298655
real legitimate,,1.1391856915585503,-0.02460045372962351
real legitimate,,1.1621204573611097,-0.17732100901497236
real legitimate,,1.119790088264861,0.03552695378193453
real legitimate,,1.1575398738062628,-0.20096441448416058
real legitimate,,1.0975544437878977,-0.31417626931098125
real legitimate,,1.1443285149143712,-0.006598290726549064
real legitimate,,1.0882222022718309,0.06487683143199945
real legitimate,,1.1611737705174605,0.11496485922913334
real legitimate,,1.126137356877708,0.0754459691159607
real legitimate,,1.172108282140267,-0.22965059376921232
real legitimate,,1.111854110815771,-0.11217066682338879
real legitimate,,1.0950297479751052,0.02197101725756033
real legitimate,,1.1599175840392926,0.3817445995348753
real legitimate,,1.163536445394093,0.29540877535051424
real legitimate,,1.1427640449352734,0.072778502869128
real legitimate,,1.154898845825276,-0.16656441055909482
real legitimate,,1.1475207147185353,-0.22084978516455733
real legitimate,,1.1468514798120517,0.04775420983080135
real legitimate,,1.1283652311926176,0.466563008973483
real legitimate,,1.155537443258405,0.1397523738347215
real legitimate,,1.1380943783012094,0.5312409303751453
real legitimate,,1.1621763274792791,0.08997871377309018
real legitimate,,1.121376029872562,-1.0019234106999826
real legitimate,,1.1305653733730685,0.01746435114348731
real legitimate,,1.1374700994599056,0.035006202220678614
real legitimate,,1.111324694264949,-1.2767740684761713
real legitimate,,1.15302582422241,-0.12447982259351821
real legitimate,,1.1919180609341211,0.19920228497330889
real legitimate,,1.135094882280595,0.0530849045915736
real legitimate,,1.105932867374369,-0.11135547077628213
real legitimate,,1.1246222814187399,-0.03155277320097742
real legitimate,,1.1435502677712797,0.18323987233774552
real legitimate,,1.1268515536304338,-0.15548176740548675
real legitimate,,1.1375946732204136,-0.1349130125436352
real legitimate,,1.120503937089478,0.4082900186864429
real legitimate,,1.134914579652217,-0.24947649601641747
real legitimate,,1.1506375968180462,0.6592219146460787
real legitimate,,1.1006851095630648,-0.2046180180124918
real legitimate,,1.0954206295806124,-0.0641583712458245
real legitimate,,1.1455903192986765,0.02849792963830773
real legitimate,,1.1485654882942002,0.049823751402726255
real legitimate,,1.1375479298457611,0.3709579945667749
real legitimate,,1.1632726027464027,-0.16129321625490273
real legitimate,,1.160758223765098,0.12464098756272855
real legitimate,,1.1455236027304834,-0.01838141624867075
real legitimate,,1.1348363596579087,0.044309786023521966
real legitimate,,1.1663779803502299,0.6591450201154964
real legitimate,,1.1485976351910656,0.04468561152964372
real legitimate,,1.132536974998124,-0.22102410116240634
real legitimate,,1.1226003960540913,-0.11489406256433453
real legitimate,,1.1560672783199988,-0.239175051382422
real legitimate,,1.1967552569242579,-0.7474509221457916
real legitimate,,1.1349227184546182,-0.22924196169213457
real legitimate,,1.1352616124162056,0.36675386489765804
real legitimate,,1.158748658774027,0.11368710434940364
real legitimate,,1.121299502857019,0.03989414393397571
real legitimate,,1.0736549574075527,0.10826458445436753
real legitimate,,1.1404146145102692,-0.08104138958996189
real legitimate,,1.1398619604204285,0.49919462847277374
real legitimate,,1.1126986704079562,-0.4472896981155916
real legitimate,,1.1361470015729769,-0.06463625532970986
real legitimate,,1.1690534738402556,-0.20521167846126068
real legitimate,,1.1335539039600104,-0.2126194456736794
real legitimate,,1.1528851765068684,0.03187887854716796
real legitimate,,1.1569976551522219,-0.2037134259144383
real legitimate,,1.1627226521144718,0.544347286935252
real legitimate,,1.159304561032025,-0.22600623721776547
real legitimate,,1.110917683423128,-0.10570269155867663
real legitimate,,1.1017631017826703,0.16247568136443508
real legitimate,,1.1314056047366092,0.16517629742994133
real legitimate,,1.1838809778410284,-0.09335041782160534
real legitimate,,1.1296501203020894,-0.2367526213569594
real legitimate,,1.156833732712336,-0.005185572005540776
real legitimate,,1.141511917138527,-0.038202810543420576
real legitimate,,1.17069935290427,0.24011853807091627
real legitimate,,1.2042701426728986,0.7008730884416401
real legitimate,,1.1308917752652254,-0.019672379649487773
real legitimate,,1.1163729624226117,0.34709409105951694
real legitimate,,1.1290060631820187,-0.006420900294023854
real legitimate,,1.3305573373831752,0.5157255549112036
real legitimate,,1.131085438924387,0.3616727900561096
real legitimate,,1.1399559058457553,0.16760393211157487
real legitimate,,1.1322551854652891,-0.21810801256485846
real legitimate,,1.1586419273168078,-0.1381663774788091
real legitimate,,1.1405810762670154,-0.1021702964300595
real legitimate,,1.14219647176999,-0.17714098215664786
real legitimate,,1.1118038498706815,0.02775343339162882
real legitimate,,1.1414450055942305,0.07105358765540463
real legitimate,,1.1690422002850862,0.263579363607566
real legitimate,,1.1480136518401325,-0.2177318969264041
real legitimate,,1.1358230238453373,1.1210157012001
real legitimate,,1.1596869802799856,0.03315989072123675
real legitimate,,1.1536991061614392,-0.03640981984671733
real legitimate,,1.121605942172872,-0.006703653465254325
real legitimate,,1.1346494763058872,-0.00042785081755304655
real legitimate,,1.1361048420647673,0.27532771569309045
real legitimate,,1.0875266434457043,0.06576097508875454
real legitimate,,1.1496269240171004,-0.10522818107121686
real legitimate,,1.1606323943529526,-0.13474225757140135
real legitimate,,1.0623341956592425,0.18174550976798065
real legitimate,,1.134401758767629,0.27441242930702503
real legitimate,,1.12424716976544,-0.5042245631465939
real legitimate,,1.1494693965861136,-0.2158519590209349
real legitimate,,1.1900248548164534,0.4421849481939325
real legitimate,,1.1359450845402057,-0.05566888334824689
real legitimate,,1.132943825955015,0.27819685930206617
real legitimate,,1.1534649218250592,-0.24216785202295216
real legitimate,,1.1146900844674743,-1.2479719700145453
real legitimate,,1.1084436962515483,0.18564612273658077
real legitimate,,1.1408468199451771,0.2166805035462891
real legitimate,,1.1313577191838893,0.1497610957311688
real legitimate,,1.124433157555002,0.10656982193070076
real legitimate,,1.140586582449231,0.6397233336171888
real legitimate,,1.1222982016493857,-0.0546447986665647
real legitimate,,1.1652771105448338,-0.242709408883221
real legitimate,,1.1212020044998001,0.21304337262629702
real legitimate,,1.1447803116781754,0.19508672894175422
real legitimate,,1.1303541657858815,0.45936309100319606
real legitimate,,1.138611120911649,-0.14597024493552735
real legitimate,,1.1319514073954933,0.029056050038621647
real legitimate,,1.1317066534438216,-0.2170935586619656
real legitimate,,1.1324886942700776,0.0053667296403259596
real legitimate,,1.1463706396446645,0.19871215547200516
real legitimate,,1.1415389003478038,0.13752972123553048
real legitimate,,1.1436484158002211,0.6957787551172735
real legitimate,,0.9953067309927276,-7.223803339248744
real legitimate,,1.1554711939197166,0.09264551286277158
real legitimate,,1.1441617895023717,0.13171785750651321
real legitimate,,1.257591732725798,-5.781748183389028
real legitimate,,1.1719904714877256,0.46459283501908
real legitimate,,1.148246911854857,-0.18358113247327845
real legitimate,,1.134465386492518,0.0017559157654062213
real legitimate,,1.1599977212288388,-0.004313330996796996
real legitimate,,1.1132540849380577,0.23278257627721022
real legitimate,,1.0766361898359613,-0.40387380785121807
real legitimate,,1.1674681153619872,0.35447553732325593
real legitimate,,1.1096961677428676,0.04920374133323789
real legitimate,,1.1412681867688803,-0.2304268835319604
real legitimate,,1.1609584602461611,0.5504548153347615
real legitimate,,1.0341925211411724,-0.49775055911545696
real legitimate,,1.1502892156472164,-0.13581838390522355
real legitimate,,1.0583199060004327,0.14554151255754433
real legitimate,,1.0810506481399078,0.28597051047408595
real legitimate,,1.1645153524817164,0.4813850294162698
real legitimate,,1.1415470065423,-0.13555565925575025
real legitimate,,1.16833586727327,0.3877840948878951
real legitimate,,1.1348267877080946,-0.14729571668536817
real legitimate,,1.0843550948700695,-2.3845786402010756
real legitimate,,1.1588749005466237,-0.0006454017509607696
real legitimate,,1.1239180774320359,-0.7498829740596393
real legitimate,,1.1279568335735428,0.566069349774778
real legitimate,,1.2505204967236285,0.7264561507314615
real legitimate,,1.2983396864276893,1.0243325060950188
real legitimate,,1.129775143339953,0.27511831011414056
real legitimate,,1.1330720802766632,-1.7840776340933975
real legitimate,,1.1215623820684804,0.6375815644860977
real legitimate,,1.126975530208726,-0.037755898092059884
real legitimate,,1.1582629292178415,-0.00232086103638994
real legitimate,,1.1613883882505849,0.18650579492528663
real legitimate,,1.150026994780334,-0.02245048946499524
real legitimate,,1.0291204250802668,-0.09681344198353016
real legitimate,,1.1384388513757489,0.021620769405714654
real legitimate,,1.108754333914648,0.18989607128101543
real legitimate,,1.060987719838503,-0.309056976643197
real legitimate,,1.0911383178393113,-0.3057672604449673
real legitimate,,1.1099587284932841,-1.07961653406103
real legitimate,,1.139946286101001,-0.01635992942998267
real legitimate,,1.1626172194823796,0.20349375142564347
real legitimate,,1.130992167172905,0.08048206126770151
real legitimate,,1.1363194704844861,0.12018030528292654
real legitimate,,1.1413642704206848,0.2996223568841363
real legitimate,,1.1327146565973305,-0.9787251641941073
real legitimate,,1.1794061982451634,-0.15973888705323075
real legitimate,,1.1565517011756934,0.4916455699292295
real legitimate,,1.1337981871796594,0.05559634602558945
real legitimate,,1.1599667180084094,-0.34564697724723226
real legitimate,,1.1177417551256303,-0.12433668973883578
real legitimate,,1.1409809577025576,0.44119025359748654
real legitimate,,1.0581250134572093,2.1673804643137746
real legitimate,,1.1476889349397121,0.3836156341867272
real legitimate,,1.1554767164424595,-0.1917543944369992
real legitimate,,1.1384461069797511,0.05968513396001328
real legitimate,,1.1394559036769947,0.05476305687798437
real legitimate,,1.1357674116840952,0.2731153586404449
real legitimate,,1.1367850660534882,0.022074109430796005
real legitimate,,1.1267681666604465,0.2199951989196297
real legitimate,,1.1852663836774024,0.35477019672772436
real legitimate,,1.1562061299983866,-0.024361710636570624
real legitimate,,1.1546848478458522,-0.5026638994149278
real legitimate,,1.1298568509587221,0.3004595738198958
real legitimate,,1.1487030088671784,-0.24436779373723128
real legitimate,,1.097691962323039,0.006143854346922148
real legitimate,,1.1449039093518054,-0.27154046165926116
real legitimate,,1.1561012812695168,0.1991273725885937
real legitimate,,1.1454786734162257,-0.2732114154947827
real legitimate,,1.132650840397107,0.13810325918518418
real legitimate,,1.1603752575523936,0.48644053002549836
real legitimate,,1.1354785231781894,0.058567017769040844
real legitimate,,1.1652647066119586,-0.23846678487172712
real legitimate,,1.1281891392342323,0.005175702919387723
real legitimate,,1.1850412735310436,0.07260237967795942
real legitimate,,1.1191466705075008,0.0025914298332039704
real legitimate,,1.1194016702928977,-0.6662036125070361
real legitimate,,1.1476016268209406,-0.19219609340120586
real legitimate,,1.1809171940485164,0.11992548474568741
real legitimate,,1.1666274012098694,-0.018797228933732493
real legitimate,,1.1257937969476222,0.10762479553095682
real legitimate,,1.1700796484123834,0.005418506783681817
real legitimate,,1.141109558389676,-0.2639209294935596
real legitimate,,1.125067475555201,-0.016673584173695313
real legitimate,,1.1293658191306046,-0.1430406542894142
real legitimate,,1.1516379228534683,-0.0129309256502141
real legitimate,,1.1330057968729592,0.3613969868292242
real legitimate,,1.0769415294283258,0.225636667842523
real legitimate,,1.1825499336871261,-0.5748936860195831
real legitimate,,1.1472629017804363,-0.03255652519405518
real legitimate,,1.1420895772547142,-0.33978342556287694
real legitimate,,1.0984413409808096,0.48077444222298893
real legitimate,,1.1450670608125826,0.5318406521593485
real legitimate,,1.1814574580323187,0.42752021405805474
real legitimate,,1.1402564240402442,0.06169801206879545
real legitimate,,1.0553603824042341,-1.0689803080707285
real legitimate,,1.1528307983734591,-0.3025572598945682
real legitimate,,1.1886694537493652,0.27079233293937943
real legitimate,,1.1475221281033956,0.4299032736023044
real legitimate,,1.1521927447767373,0.009472612477671824
real legitimate,,1.1459377199566458,-0.00025719600690980726
real legitimate,,1.155866000942342,-0.09779082310862981
real legitimate,,1.127282699955582,0.03143514377084032
real legitimate,,1.141850474521084,-0.17585639920874868
real legitimate,,1.1110241976324728,0.28449717083505566
real legitimate,,1.0595127847659105,-0.2924010927207248
real legitimate,,1.04208603045897,-4.060661261572107
real legitimate,,1.1729744223117666,0.1890841075174855
real legitimate,,1.1356199982035415,-0.18860461961609934
real legitimate,,1.0906832579245513,0.29504396976670905
real legitimate,,1.0986321634960206,-0.15040131829442793
real legitimate,,1.1504513960529463,0.017481808693814868
real legitimate,,1.1618376319631236,-0.23774425539906935
real legitimate,,1.1711776263925353,0.4653200545633459
real legitimate,,1.1428012460093548,0.14231529016430422
real legitimate,,1.1641196323182261,0.48742102104010665
real legitimate,,1.1260044223262944,0.2308519970344271
real legitimate,,1.1372584126259155,0.4496515942214354
real legitimate,,1.1266835739518244,0.015591778806490195
real legitimate,,1.1457977041463792,-0.3110226109314988
real legitimate,,1.1405498168064498,-0.03785785196524351
real legitimate,,1.1312257330870192,-0.03168671357387244
real legitimate,,1.1159277076547367,-0.29993059774205655
real legitimate,,1.14255649416837,-0.007971530172171656
real legitimate,,1.1690372935682953,-0.004191122603291256
real legitimate,,1.196201796885664,0.7872269879816011
real legitimate,,1.1299623666109553,0.2834254973811823
real legitimate,,1.0668153892107453,-0.01022017348748068
real legitimate,,1.1118579267875879,-0.20471619412566627
real legitimate,,1.1747635892145638,-0.23162134428289016
real legitimate,,1.109958423883536,0.3083812769225831
real legitimate,,1.1515307178336005,-0.3011323084795683
real legitimate,,1.1068928063251149,0.09037324156307534
real legitimate,,1.125565533387519,-0.4575479382283346
real legitimate,,1.1689027255747224,-0.21565848962248707
real legitimate,,1.1377206849241275,0.1911824750006927
real legitimate,,1.1610101692803925,-0.059051497796692734
real legitimate,,1.0968007416488224,0.29780377484871146
real legitimate,,1.110417951359012,-0.684961461276556
real legitimate,,1.1641827255867905,0.5658043121605385
real legitimate,,1.1474174556228247,-0.22505984215088293
real legitimate,,1.2095935004754623,-1.167533667053425
real legitimate,,1.147628669986569,-0.1814479636415003
real legitimate,,1.1248002583443502,-0.07704208930188546
real legitimate,,1.1468268149212222,0.07264425892144098
real legitimate,,1.1115925597749534,0.10319633906092364
real legitimate,,1.1656996791558876,-0.08903201668169576
real legitimate,,1.1509041306297547,-0.3619811276584507
real legitimate,,1.1427030780708787,-0.14617887069245722
real legitimate,,1.126901560231493,-0.07099709169913576
real legitimate,,1.129330220437988,-0.033445976614599235
real legitimate,,1.120881626492418,-0.09019995664072612
real legitimate,,1.080586685737737,1.068360033101772
real legitimate,,1.1253432081929886,-0.06679887850474589
real legitimate,,1.1256911357851767,-0.054464803254110725
real legitimate,,1.1580836222130289,0.19192916866871634
real legitimate,,1.061481400323506,-2.5287163127851997
real legitimate,,1.1220354875968663,0.03208403042526335
real legitimate,,1.1417114900589518,-0.1669548539896869
real legitimate,,1.126884393570461,-0.23262481985861388
real legitimate,,1.13521380351583,-0.10160914060208094
real legitimate,,1.1709792416414186,-0.20022706710115235
real legitimate,,1.1388443133033679,0.03993314669623964
real legitimate,,1.131666365354111,-0.06752742292345218
real legitimate,,1.149084506970273,0.11884372187673979
real legitimate,,1.1297270162535096,-0.06368676672952937
real legitimate,,1.1957815637611038,0.477183915611912
real legitimate,,1.130037312561635,0.0408216661314305
real legitimate,,1.1459333045548334,0.09267289751027984
real legitimate,,1.1436755155405274,0.07906535492389062
real legitimate,,1.1631628105253913,0.11918940848969188
real legitimate,,1.1304042312098703,0.1003252776944714
real legitimate,,1.1628536107200553,0.4650414753552208
real legitimate,,1.1853798734687586,0.3222100267320556
real legitimate,,1.1790279171164773,-0.2626448804707142
real legitimate,,1.1444172597901878,-0.002612591886259827
real legitimate,,1.0618968989987074,-0.7606634798446337
real legitimate,,1.1256881593928043,-0.3367972419218952
real legitimate,,1.1353426873103492,0.15402460396651796
real legitimate,,1.1384398587929847,0.013102161299799672
real legitimate,,1.1425249990922992,-0.044089417242613074
real legitimate,,1.0376803269096522,-3.3501007223253323
real legitimate,,1.1523793274449206,0.34170324087278603
real legitimate,,1.1406854043381809,-0.18619913889088874
real legitimate,,1.1453356841326845,-0.10796000662288203
real legitimate,,1.1502549811406653,0.2238299904012283
real legitimate,,1.1439374339899864,-0.6869708643585002
real legitimate,,1.135381107328215,-0.0959976373719549
real legitimate,,1.0716778077791407,0.01251407440956713
real legitimate,,1.136918664961406,0.06037890051043947
real legitimate,,1.1704729629778865,0.06300145288473026
real legitimate,,1.1220092121063994,-0.050849386545331346
real legitimate,,1.0942098052077365,-2.577854659923468
real legitimate,,1.0839728566474118,-0.34411198416636435
real legitimate,,1.0916711435230917,-5.1381246625698855
real legitimate,,1.1550903098413023,-0.03776516703045714
real legitimate,,1.1753726091562444,-0.02828913153059197
real legitimate,,1.150093263292716,0.0933137358696841
real legitimate,,1.1337485776056644,-0.24787563564238757
real legitimate,,1.1435488106878413,-0.11529564456329706
real legitimate,,1.117070982749128,0.15750221984277957
real legitimate,,1.1493508522999958,-0.12426685574157854
real legitimate,,1.135382411118712,0.01403243098364336
real legitimate,,1.1015090998696242,0.17558312462957304
real legitimate,,1.1258734676622018,-0.07368101419389551
real legitimate,,1.1444505510041232,0.21648569809274854
real legitimate,,1.1518158827972456,0.1455801436553364
real legitimate,,1.1472260566449406,0.456417158233668
real legitimate,,1.1582216957626184,-0.2299815129421413
real legitimate,,1.1265191767645215,0.4519408584141362
real legitimate,,1.137640111740179,0.06141827738889115
real legitimate,,1.1017837419571568,-1.0180278594397507
real legitimate,,1.1470543093262235,-0.04203013439104565
real legitimate,,1.1239071824242743,0.36450285356680956
real legitimate,,1.1756023767605792,0.2530476685090132
real legitimate,,1.1384066329229223,0.13836038091119907
real legitimate,,1.1342836038105955,-0.17364478112004322
real legitimate,,1.1638454491237782,-0.2021382929835383
real legitimate,,1.085696403084127,-0.02233559509982927
real legitimate,,1.130572794472258,0.36811018019086267
real legitimate,,1.1206767972044998,-0.09802001636422937
real legitimate,,1.1366699050535154,-0.1805250010712542
real legitimate,,1.1127980260328303,-0.045468737887833094
real legitimate,,1.153282460211549,-0.1672112993061955
real legitimate,,1.1596578750320827,-0.20206458873189784
real legitimate,,1.150551181342574,-0.04665330826289828
real legitimate,,1.1549226382291278,0.29334257527548446
real legitimate,,1.1093933113967975,-0.29005108579497246
real legitimate,,1.1403416100042791,-0.37914417440837156
real legitimate,,1.170071341301933,-1.068541255579373
real legitimate,,1.0900892667257291,-0.7102238570392755
real legitimate,,0.979354042324417,-0.5312017854038013
real legitimate,,1.121812419710736,-0.0215925943813446
real legitimate,,1.1672937125052623,-0.3679337986857196
real legitimate,,1.1113942823784972,0.40860728550129444
real legitimate,,1.0869640684782798,-1.5069617467171412
real legitimate,,1.148414902959833,-0.3214763582099667
real legitimate,,1.1723912778025842,-0.2395579705261292
real legitimate,,1.1439641843321309,0.4363785258234294
real legitimate,,1.194175146396193,0.36192447185510784
real legitimate,,1.1473753802842672,-0.1054692185788031
real legitimate,,1.1148846778924741,-0.4692847823069411
real legitimate,,1.157081676933158,-0.03391730667569294
real legitimate,,1.1132596469385883,-0.02214982773866815
real legitimate,,1.1514260450503162,-0.1059475661643189
real legitimate,,1.1839091680558806,0.4045886209730951
real legitimate,,1.1039591675292781,-0.21634796707163229
real legitimate,,1.1377033607613745,0.09197807990964053
real legitimate,,1.136300009004136,-0.2345322672551533
real legitimate,,1.11407713089639,-0.07711581805970304
real legitimate,,1.1981610315686475,-0.39366416828806644
real legitimate,,1.0723378853295147,-1.1868708949337465
real legitimate,,1.1256911341899043,-0.38947084778132096
real legitimate,,1.1221477853855484,-0.48832903900786506
real legitimate,,1.161860975049108,0.17497057621360657
real legitimate,,1.1426074842189138,0.046663235417230206
real legitimate,,1.1011868577025568,0.282844243627295
real legitimate,,1.1327586041162236,0.21633567158882494
real legitimate,,1.122810144007535,0.10900260378216235
real legitimate,,1.1238100030295102,0.009820045092231541
real legitimate,,1.1533500108848036,-0.14519364101939092
real legitimate,,1.1199776516714517,-0.5480190081965809
real legitimate,,1.158748825649276,0.44591838765317304
real legitimate,,1.125407512067108,0.2883298350372137
real legitimate,,1.1374142751734133,-0.07955943619546808
real legitimate,,1.1224882097985622,0.05592714289161137
real legitimate,,1.1424643169186237,0.03259029189581633
real legitimate,,1.1576974852950372,-0.06770407249512435
real legitimate,,1.2518810921564618,0.9327781564936872
real legitimate,,1.1368590859019925,-0.09346197927106466
real legitimate,,1.1316400293663804,0.006023944598614647
real legitimate,,1.1557987064175328,-0.2407212193333863
real legitimate,,1.126343522804714,0.23330884166850613
real legitimate,,1.1361544636539274,-0.11816573033816706
real legitimate,,1.1235163736243008,0.0806939020698229
real legitimate,,1.1440041888843497,-0.044937750160885206
real legitimate,,1.1583969615376386,-0.24147747614893145
real legitimate,,1.1615477038956374,0.2289304664498223
real legitimate,,1.1364369939317662,0.014873506913475873
real legitimate,,1.1425567267899734,0.6028830712673952
real legitimate,,1.1456338970247324,-0.26260928721716265
real legitimate,,1.1342063971890801,-0.07447894791269201
real legitimate,,1.148442092410098,0.17851873391232964
real legitimate,,1.2019318676158284,-0.6362823941204596
real legitimate,,1.132661577870067,0.03525597281202787
real legitimate,,1.1233471075946049,-0.4623826820574287
real legitimate,,1.105360134051687,0.25836351767645876
real legitimate,,1.1453067011751012,0.10612001845562434
real legitimate,,1.2039477388591093,0.07934640935423327
real legitimate,,1.1124973350201042,-0.7369673024533616
real legitimate,,1.1363296973949162,-0.033302871628140676
real legitimate,,1.1399616945875677,0.452240336785677
real legitimate,,1.182817514402558,0.36137786665388877
real legitimate,,1.1770105311793588,0.11376096925302052
real legitimate,,1.100275084766626,-0.21504292189983554
real legitimate,,1.5214686908646589,-0.9048956348809944
real legitimate,,1.1245150766224208,-1.9101561009508163
real legitimate,,1.1496521238058368,-0.11473429358114502
real legitimate,,1.220841881209799,-1.0943179923111963
real legitimate,,1.414572017511477,1.7575808309753538
real legitimate,,1.1227779749492548,0.008502661726260172
real legitimate,,1.1624014002759302,-0.3061443113145666
real legitimate,,1.1520371099400286,0.3200983334251596
real legitimate,,1.134320720861864,-0.0670486128012628
real legitimate,,1.1041413542087324,0.18451749186914745
real legitimate,,1.1345096524119689,0.41540729332076776
real legitimate,,1.1420089625215941,-0.02422374258853928
real legitimate,,1.146873556120966,0.2829754321199669
real legitimate,,1.1467171720792335,-0.006872157000499604
real legitimate,,1.171353257972681,0.28607727757450896
real legitimate,,1.13156000363661,0.21410807205475602
real legitimate,,1.124072552516959,-0.011962420011905742
real legitimate,,1.1444155839230366,-0.10409269408323031
real legitimate,,1.148918804480323,-0.14616373900912505
real legitimate,,1.1329880569455646,0.38133855754491613
real legitimate,,1.1216876067293517,0.4947903527902956
real legitimate,,1.1197076968850694,-0.11021536533034444
real legitimate,,1.1539969417456737,-0.21957759075990124
real legitimate,,1.1350944496530002,0.000927418552318357
real legitimate,,1.1442179176921745,-0.12637048861688877
real legitimate,,1.1470101288033256,-0.30097176460365116
real legitimate,,1.0980662255400808,-0.13540917275377573
real legitimate,,1.1402626377223601,-0.12887471747128695
real legitimate,,1.1274329191309116,-0.2527076051673636
real legitimate,,1.1527743156774615,-0.026626698170299293
real legitimate,,1.1354794006806563,-0.08968343328336022
real legitimate,,1.1452587184019043,0.001922897548881794
real legitimate,,1.151903581411978,0.23393231553789717
real legitimate,,1.125485530633061,0.4628191348298075
real legitimate,,1.1365971653532065,0.22072606502911135
real legitimate,,1.1439387669548107,-0.10983079299596184
real legitimate,,1.1229431777545267,-0.15399812074737784
real legitimate,,1.1203327696424439,0.2031594546230603
real legitimate,,1.1311156580668529,0.01935047049058071
real legitimate,,1.1314721672778463,-0.0016780092874136981
real legitimate,,1.1052653796600724,0.5179362534494742
real legitimate,,1.145816788817562,0.13953713739220291
real legitimate,,1.1023441621081767,0.283309393217405
real legitimate,,1.1665975708040177,0.5834782524946422
real legitimate,,1.146678746505347,-0.40411598702035667
real legitimate,,1.1690391424486566,-0.16993052496286115
real legitimate,,1.1379130242426363,-0.0722442298678096
real legitimate,,1.1526487201795759,-0.16914612240756244
real legitimate,,1.1177881753694305,0.0860498585384742
real legitimate,,1.1469731961823477,-0.25145853602469803
real legitimate,,1.1427402241117943,-0.2582154129517212
real legitimate,,1.142208845090017,-0.1319636302873019
real legitimate,,1.164728065874673,-0.060383574365796874
real legitimate,,1.1699086986140024,0.4562721073840751
real legitimate,,1.139661311839455,-0.03960941899807942
real legitimate,,1.1095969505663255,0.12707710626619895
real legitimate,,1.1542638138121535,0.3834485138273379
real legitimate,,1.1752254735111394,-0.20691553702716958
real legitimate,,1.163204937996669,1.3173163290090348
real legitimate,,1.1483343733256939,0.20855649982209734
real legitimate,,1.1394380719179555,0.10560828156511824
real legitimate,,1.1595428244473567,-0.01989418548820769
real legitimate,,1.1595721519805233,0.03003749002119871
real legitimate,,1.1088497123953922,-0.18366530661929947
real legitimate,,1.1461507449961643,0.6479151872816504
real legitimate,,1.139553538496477,-0.002783544225089127
real legitimate,,1.1342241481372461,-0.25186615256995915
real legitimate,,1.1189637804639727,-0.035946102642044744
real legitimate,,1.1741150058054708,1.1333454396922713
real legitimate,,1.1601828960360954,0.45026069982743755
real legitimate,,1.1753889073672128,0.32218755761814555
real legitimate,,1.165025172177291,0.16518815692887567
real legitimate,,1.1039373009767348,-0.192913310084878
real legitimate,,1.1580833114815237,0.5451630928433882
real legitimate,,1.1217561103730802,0.30091867435930675
real legitimate,,1.1762141125543986,0.7134670670781849
real legitimate,,1.1370577162378908,0.12355499508396138
real legitimate,,1.1152772828107183,-0.21892845339338834
real legitimate,,1.093039271691705,0.39588699001011346
real legitimate,,1.1329158300713535,-0.24388154526574485
real legitimate,,1.0923543852668858,-1.028836121670491
real legitimate,,1.144231721694186,-0.2114222899622376
real legitimate,,1.1469679232994197,0.4070432886549601
real legitimate,,1.1409771251289769,-0.31238729837178714
real legitimate,,1.1378815112304186,0.08601413249985256
real legitimate,,1.1432470485481645,-0.24384059521302104
real legitimate,,1.1409535377977786,0.8013102519150996
real legitimate,,1.1344699755504692,-0.20219653689405576
real legitimate,,1.0781953506193276,-0.3840433611482736
real legitimate,,1.1037894467369278,-0.32074097952957314
real legitimate,,1.1616031120049062,0.20272028495320982
real legitimate,,1.1670704397697862,0.40710152089877594
real legitimate,,1.1946800281240775,-0.1813170292677668
real legitimate,,1.1519261675607528,0.32801149286758663
real legitimate,,1.1450967855963743,-0.027372620640164866
real legitimate,,1.1415576955997322,-0.2173731743443592
real legitimate,,1.1334118027212603,0.12766989738873502
real legitimate,,1.0950314199787754,-2.6547348800347073
real legitimate,,1.19480347406276,-1.0620640128515635
real legitimate,,1.1105525084735464,-0.713416128778069
real legitimate,,1.1246253033686755,0.08755661704497543
real legitimate,,1.2716106921023227,1.77153960061696
real legitimate,,1.1107887709411095,-0.09050522118576738
real legitimate,,1.0993654664381938,-0.22366840337400568
real legitimate,,1.0180512235805665,0.20465507544735984
real legitimate,,1.1634874340448171,-0.6817229959438824
real legitimate,,1.1666792789423934,0.23573960077030137
real legitimate,,1.1228065296098109,0.2873652115261463
real legitimate,,1.112962000334495,-0.07083086840954812
real legitimate,,1.1717972325301478,0.43493794079637493
real legitimate,,1.1483343435490132,0.11685105640571074
real legitimate,,1.1113654841428966,0.144789272702541
real legitimate,,1.1207748936064967,-0.2679690440077999
real legitimate,,1.1326187761875044,0.2299976387216538
real legitimate,,1.1359175664773233,-0.13773644998099227
real legitimate,,1.110624352380338,0.08594415213637176
real legitimate,,1.1424732389492829,-0.9404780039612818
real legitimate,,1.1304706966084175,0.12792641801796012
real legitimate,,1.120321560724241,-0.025200038619433526
real legitimate,,1.1344633779458089,-2.536483191926044
real legitimate,,1.1314050872168382,-0.06810269746998246
real legitimate,,1.1378804654293992,0.6468966516574214
real legitimate,,1.152975775614582,-0.12050311324064049
real legitimate,,1.1529749988757678,-0.22358803224525525
real legitimate,,1.136697941059243,-0.004611278333239835
real legitimate,,1.1258378134320541,0.17508990088953424
real legitimate,,1.1479856326737614,-0.28974735440371174
real legitimate,,1.154828837782864,0.024209137082003437
real legitimate,,1.1299181813760484,0.0270278590514562
real legitimate,,1.1409911037961527,0.08613447000567566
real legitimate,,1.1211580676138453,-0.2699679121328204
real legitimate,,1.126014559488827,-1.8587270142143615
real legitimate,,1.1967512016359583,-0.10872896866855461
real legitimate,,1.169395818296716,-0.33784669438674686
real legitimate,,1.1399365979896567,0.46560419199012615
real legitimate,,0.9787437367114691,-3.2584913053243567
real legitimate,,1.0346778560866574,-2.410443254004555
real legitimate,,1.0422366301999946,-2.943722960473883
real legitimate,,1.1451516771762198,0.01833967552642883
real legitimate,,1.1609664844871292,-0.3784097964117881
real legitimate,,1.1352425740688052,-0.008562334763328044
real legitimate,,1.1372670899384842,0.31028630006804875
real legitimate,,1.181593468832148,-0.027195435511786756
real legitimate,,1.154266282283708,-0.03513528933865641
real legitimate,,1.1500584060242092,1.6900981290141903
real legitimate,,1.127813188261971,0.1466340760179597
real legitimate,,1.11111517371656,0.2736255991358352
real legitimate,,1.1341530662324648,-0.18231602490596766
real legitimate,,1.111600012575836,0.11220000301802065
real legitimate,,1.1456644836737278,-0.27952493776996185
real legitimate,,1.1711450788669244,-0.04788502947678365
real legitimate,,1.12338094682408,0.11529594500532912
real legitimate,,1.1465272695058732,-0.2816743032786961
real legitimate,,1.145555938620257,0.5364775143041676
real legitimate,,1.136256654478739,0.2193533614702401
real legitimate,,1.1249441100673538,0.11575401383534083
real legitimate,,1.0937895085665548,-1.5156528011494625
real legitimate,,1.1521815057722309,-0.19076903823361357
real legitimate,,1.16545115861994,-0.16461635795991647
real legitimate,,1.1658640441714712,0.9122832092932818
real legitimate,,1.1367549648450987,0.3851395345599094
real legitimate,,1.1219172648193685,0.12302352268520104
real legitimate,,1.1299050870055294,-0.2002886482112232
real legitimate,,1.1261565516899223,-0.09240500936929998
real legitimate,,1.142779841769892,0.3984421816949875
real legitimate,,1.1337107295693265,-0.12118744829667098
real legitimate,,1.1461056618598462,-0.3159502592139924
real legitimate,,1.1427734905218476,-0.14681740176831082
real legitimate,,1.1988149516941256,1.5739857905589931
real legitimate,,1.161931489512963,0.0037656158623068092
real legitimate,,1.188334110468549,-0.7465097644437835
real legitimate,,1.1403500525224664,0.36539219139761325
real legitimate,,1.0855567941766688,-0.17403072140042897
real legitimate,,1.1237222426896971,-0.006697226891569222
real legitimate,,1.1688677646732966,0.4230735470874145
real legitimate,,1.1258511386867243,0.01912573948100539
real legitimate,,1.1386457857993817,0.0037130986140368333
real legitimate,,1.15241497356353,-0.21155447218911863
real legitimate,,1.1360245627765746,0.22754663573497147
real legitimate,,1.1500957011416955,-0.2641599174545294
real legitimate,,1.125179298535453,0.14406843682727394
real legitimate,,1.1314826613515176,-0.0044538186840274024
real legitimate,,1.2829901295184074,1.5492348778413936
real legitimate,,1.1660792605954566,-0.13862776819796097
real legitimate,,1.1446028523142866,-0.31849187367109316
real legitimate,,1.1616925777175795,0.03151093472947315
real legitimate,,1.0929967347443375,0.1966747039447302
real legitimate,,1.1582431825662731,0.23369885701112986
real legitimate,,1.1119616103386398,0.028875484480811717
real legitimate,,1.117784223583526,0.15317999358766937
real legitimate,,1.1402588641249043,0.019004497790185412
real legitimate,,1.1329368499669183,0.01323859734923992
real legitimate,,1.2149804671097844,-0.4110082149985613
real legitimate,,1.1697260988521685,0.3079415066593063
real legitimate,,0.9857196597203242,-6.2218047163215155
real legitimate,,1.1441587358320509,-0.059997889513047506
real legitimate,,1.1330906178563984,0.25676007752923813
real legitimate,,1.1814145807676404,0.14030194550573
real legitimate,,1.1387694583092203,-0.05622333157551564
real legitimate,,1.1015346697442425,-2.0324765226513954
real legitimate,,1.1827502189750803,0.461110175894617
real legitimate,,1.133684129151402,0.3338885036497062
real legitimate,,1.2976650118282764,-0.1651321658990897
real legitimate,,1.1576517880924002,0.4405676166441239
real legitimate,,1.1326134780684272,-0.291415428941425
real legitimate,,1.1538291239513165,-0.22722756693616597
real legitimate,,1.1351752882230737,0.033160908725258884
real legitimate,,1.1421413983965902,0.1484480851968002
real legitimate,,1.093480244207859,-0.1834836693021547
real legitimate,,1.1558751051499612,-0.11477569423327492
real legitimate,,1.2040193541372746,-1.6236072131954804
real legitimate,,1.1297297680815703,0.06295012528683015
real legitimate,,1.1354229549907315,0.12535071042754187
real legitimate,,1.1236462727182763,0.2358376754776796
real legitimate,,1.090888546466673,-0.2163614709690619
real legitimate,,1.1554714945905755,-0.24850864023110536
real legitimate,,1.106588920313581,-0.27134765562338575
real legitimate,,1.1695716031477368,0.1768466376480381
real legitimate,,1.131501566437008,-0.0770198288917013
real legitimate,,1.1530799700299117,-0.07951603309219298
real legitimate,,1.1078355089775433,0.5250806940324415
real legitimate,,1.1208009111142756,0.23827090606144563
real legitimate,,1.1521664358939443,-0.07581820703805088
real legitimate,,1.1657156755419251,0.14089088901178726
real legitimate,,1.1742052843487873,0.020763657992513992
real legitimate,,1.1746182655973079,-0.35154943337949796
real legitimate,,1.1668114282412032,0.24833405985916968
real legitimate,,1.113829812459372,0.308325855771932
real legitimate,,1.168819400936042,0.49743423577867574
real legitimate,,1.1686783549974085,0.3900573519196022
real legitimate,,1.0223735030779202,-0.044777411607637166
real legitimate,,1.1424522377237096,0.53688591424498
real legitimate,,1.1261131744452488,-0.11676260545432239
real legitimate,,1.1126439216629032,0.22413729775284263
real legitimate,,1.1548416694195034,0.4954789674808102
real legitimate,,1.1430951668057598,0.143558991941641
real legitimate,,1.1274395241613866,-0.05411954927582481
real legitimate,,1.1481471602130655,-0.05004166994780558
real legitimate,,1.1458326182481673,-0.5527079114096676
real legitimate,,1.16860560449931,-0.04702078938768901
real legitimate,,1.1331495826783882,-0.1617092649048184
real legitimate,,1.1549694759724776,-0.2118042933072417
real legitimate,,1.1420394318263252,0.22650035384485157
real legitimate,,1.1495571843751862,0.3426988597325406
real legitimate,,1.1088203901978277,0.14445367446483537
real legitimate,,1.1636941197831234,0.29684946193319756
real legitimate,,1.1412542710373508,0.10885783641345446
real legitimate,,1.1330481473519942,-0.027744681101811733
real legitimate,,1.1485202524938802,-0.1811466351275643
real legitimate,,1.16224555639884,-0.27183633551238384
real legitimate,,1.1216649312421678,-0.17024670852301738
real legitimate,,1.109579771691914,-0.42035379978921283
real legitimate,,1.1369466520073577,-0.2978296813924146
real legitimate,,1.1676094208830303,-0.26764589801295147
real legitimate,,1.1135176771659594,-0.0013051386399847292
real legitimate,,1.1097351818415258,0.2628555709383301
real legitimate,,1.1351291876131069,-0.02970655860350814
real legitimate,,1.1089761443849524,-0.06604048319798218
real legitimate,,1.1286758254403524,0.025457837263970037
real legitimate,,1.1173959458229707,0.16764706147350145
real legitimate,,1.1051002194566326,-0.4707260332971382
real legitimate,,1.1168669836374088,0.024613099404273295
real legitimate,,1.1691590673153656,0.1728509495998211
real legitimate,,1.1363143693636184,0.009409680530739414
real legitimate,,1.1146386970689635,0.08183723264208963
real legitimate,,1.1006809755874247,-0.47250986739183537
real legitimate,,1.1484719008958248,0.287506018702382
real legitimate,,1.1626482579504034,0.4676919400232942
real legitimate,,1.1429614340403362,-0.12413551967215554
real legitimate,,1.109624060789309,0.02218853347450736
real legitimate,,1.1278383635016827,0.04948273637154353
real legitimate,,1.124738070686849,-0.009158171497912662
real legitimate,,1.1697261195231168,0.073042959124664
real legitimate,,1.1389032571414794,-0.1036436304890075
real legitimate,,1.1069670926609145,-0.42987862705222946
real legitimate,,1.1539070180118425,0.3298136482792696
real legitimate,,1.1352362108902245,-0.07427857778326914
real legitimate,,1.1474826625553243,-0.268976062560589
real legitimate,,1.1328178950128662,0.09725080061213275
real legitimate,,1.1598689676524487,-0.18021376780767545
real legitimate,,0.9864703024674174,-6.5865825280370585
real legitimate,,1.1366049513726493,0.6685191003803231
real legitimate,,1.105476294638143,-0.13482317270062888
real legitimate,,1.145440585261123,-0.13056885001366741
real legitimate,,1.1584370058346636,0.5727736565431917
real legitimate,,1.0734475387847575,0.08872645389794838
real legitimate,,1.1659488040119559,-0.2430161131097635
real legitimate,,1.1520369806526731,-0.06871374977526705
real legitimate,,1.1617333778316028,0.15654224129147326
real legitimate,,1.13015793476915,0.0996956062410143
real legitimate,,1.1228964909524224,-0.6857563597789695
real legitimate,,1.1544958013700692,-0.241423416365098
real legitimate,,1.1252096622995984,0.5113769418263223
real legitimate,,1.142609840366074,-0.00951516651764818
real legitimate,,1.122803319883879,0.4267365285896497
real legitimate,,1.149773596706024,0.19378916702350923
real legitimate,,1.14181146772953,-0.3654368460882057
real legitimate,,1.1563766350538185,-0.17509378720436186
real legitimate,,1.1499483405966575,0.15587068125968584
real legitimate,,1.1473984473470829,-0.10097874344967277
real legitimate,,1.1686552905685619,0.5068687548959442
real legitimate,,1.1297088318039301,0.07820508570919936
real legitimate,,1.1271470624665985,0.020978368104393394
real legitimate,,1.144758285687276,0.45481579491098323
real legitimate,,1.1445475304600734,-0.9722956485880296
real legitimate,,1.1454621499836526,0.29744805746157554
real legitimate,,1.1258421447433389,-0.7132626792485651
real legitimate,,1.180361854337579,0.15091085816319028
real legitimate,,1.1157128896378243,-0.04184089291676009
real legitimate,,1.1919131935862743,0.633866843217846
real legitimate,,1.1212207847026159,0.31016716773187525
real legitimate,,1.1354406656967386,-0.2814644305287508
real legitimate,,1.127020053549081,-0.12705938177594506
real legitimate,,1.1281326287335258,-0.286836123787087
real legitimate,,1.017741428079319,0.23742118371997045
real legitimate,,1.1472498019046078,0.10307331831281173
real legitimate,,1.1370200627645017,0.23799684793154402
real legitimate,,1.1390363173237505,0.15605208106224738
real legitimate,,1.1358495505571171,-0.24922339266353782
real legitimate,,1.1151011356045255,0.2113165280063331
real legitimate,,1.155847492753705,-0.11131349025202107
real legitimate,,1.1577562001519999,-0.22724554558160004
real legitimate,,1.132883938594675,-0.04230467653422175
real legitimate,,1.162104254608742,0.1332808259508278
real legitimate,,1.145910005057611,0.4628112370428512
real legitimate,,1.1402546950847126,-0.12601226127957232
real legitimate,,1.1372140508067201,0.058977247750509595
real legitimate,,1.1683182715806755,0.6121545559932373
real legitimate,,1.292900190843544,-2.3488594746290112
real legitimate,,1.165358861037283,0.3300440389159476
real legitimate,,1.133725498649007,-0.14330339661612673
real legitimate,,1.1393393571231667,0.4047351105276955
real legitimate,,1.1173651815119903,-0.3797213679718001
real legitimate,,1.163098874171829,-0.204514284850412
real legitimate,,1.113400166645298,0.05560953610392659
real legitimate,,1.1408243976608012,0.018563412516768282
real legitimate,,1.1468674432268218,-0.12580601537583785
real legitimate,,1.1470367587291839,-0.2349914414052281
real legitimate,,1.1221411164327277,0.4105871645136179
real legitimate,,1.1479410386371018,-0.10503493443915353
real legitimate,,1.2087924685637308,-0.9304861761759038
real legitimate,,1.1077773016139791,-0.24752321854309378
real legitimate,,1.1166987522956755,0.07042288750492774
real legitimate,,1.1465642062837267,-0.08161995343786867
real legitimate,,1.134980669503316,0.12430157407356966
real legitimate,,1.2077231563260198,-0.7852454159844299
real legitimate,,1.118154067748349,-0.023844886070899643
real legitimate,,1.1291428647379411,-0.10397964586793716
real legitimate,,1.0805985995674523,-0.6401629916301224
real legitimate,,1.1251986766979034,0.027086927170409655
real legitimate,,1.1461832404587724,0.0713826915941984
real legitimate,,1.1234482492846412,0.05087787944252896
real legitimate,,1.1304444149639998,0.21478962641333754
real legitimate,,1.1092947547153087,0.09042007710445175
real legitimate,,1.152765169357718,-0.08916081351852141
real legitimate,,1.1164090751114213,-1.4918227523797856
real legitimate,,1.1622174304908723,0.2030793602973499
real legitimate,,1.1451164577487392,0.926443101434375
real legitimate,,1.1497047751798588,-0.11589757722650948
real legitimate,,1.1630307684210588,-0.24084658513772278
real legitimate,,1.103917714284548,0.28318987224016223
real legitimate,,1.1352658041975778,0.3454971575427377
real legitimate,,1.1333711989771615,-0.2613246726686428
real legitimate,,1.1633686784315906,-0.382994153921899
real legitimate,,1.1559813740765459,-0.1535463995261766
real legitimate,,1.1608905678780526,0.4691347917168751
real legitimate,,1.1000843913015805,0.28996510637430983
real legitimate,,1.1450510383381132,-0.28369357821592134
real legitimate,,1.154729601447317,-1.0872336469407555
real legitimate,,1.1238648986863353,0.009184794431226759
real legitimate,,1.1347900124856913,-0.176146444516406
real legitimate,,1.1920078338080975,0.65109773112936
real legitimate,,1.2204415561427158,-3.0561195656001314
real legitimate,,1.1594103238539861,-0.4875251156737733
real legitimate,,1.1420007524036413,-0.1219723512365687
real legitimate,,1.151702591244907,-0.004831008887259972
real legitimate,,1.1479482640014407,0.04693198539023162
real legitimate,,1.150808414205584,0.06323187053270783
real legitimate,,1.1913312227126083,-0.2104803669978107
real legitimate,,1.1413977425088802,-0.4031135604692233
real legitimate,,1.1732330547685317,1.1504568830074768
real legitimate,,1.131959442148499,0.4616212205028659
real legitimate,,1.14618920723313,-0.29645133264992285
real legitimate,,1.1331448236263555,0.09132450857898076
real legitimate,,1.1102395438755588,0.14608501473858526
real legitimate,,1.1169702311908132,0.38303519765288313
real legitimate,,1.1032692912507385,0.5693823891935338
real legitimate,,1.1733271366570288,-0.2694709287302639
real legitimate,,1.102144465934387,0.2026194717457525
real legitimate,,1.1910637893238678,-0.48165131328480915
real legitimate,,1.1640714158995775,0.188483220136206
real legitimate,,1.0541830787892654,-0.44452819133531873
real legitimate,,1.1326913525017293,0.4164806379229904
real legitimate,,1.1698120982350724,-0.2330533061431535
real legitimate,,1.1350137925230392,-0.002101598579346678
real legitimate,,1.139774504020029,0.35389366073550943
real legitimate,,1.1475191909949025,-0.2772521510503877
real legitimate,,1.1609021651009002,0.09582021634248257
real legitimate,,1.1348974278253943,-0.04198050933637311
real legitimate,,1.1289239811183287,-0.21433212149380737
real legitimate,,1.1751110511711051,0.6851833188624943
real legitimate,,0.9821451054961903,-5.210873862055259
real legitimate,,1.1504769483606099,-0.01654575170073337
real legitimate,,1.1519183259243833,0.005723680203312584
real legitimate,,1.1278705100034392,-0.08948167713237394
real legitimate,,1.114406062933776,-0.07836125357518602
real legitimate,,1.1123575566232722,0.011454340006254712
real legitimate,,1.1507367070844179,-0.43941477512253874
real legitimate,,1.1358727854477164,-0.025579018420328378
real legitimate,,1.1352076572200918,0.2964757352404353
real legitimate,,1.1725547300538257,1.133772424502651
real legitimate,,1.1289736295503576,-0.410313599650599
real legitimate,,1.1976385075819835,0.11456550461820696
real legitimate,,1.1189272211610226,-0.2691032527695719
real legitimate,,1.1156953471353597,-0.22737730697238057
real legitimate,,1.135398469386265,-0.14795484157966216
real legitimate,,1.1306068479192053,-0.20557687228941507
real legitimate,,1.1712138767093,0.841009505446559
real legitimate,,1.1442768838815984,0.10122308926011257
real legitimate,,1.1566925007669306,0.012976684312799858
real legitimate,,1.0914035515250515,-0.2670029564247083
real legitimate,,1.1240837128791663,-0.20062256161452463
real legitimate,,1.1678707224464522,0.32022913563489164
real legitimate,,1.1089156187378193,-0.15422273344164406
real legitimate,,1.1907886114510837,0.4733045081392103
real legitimate,,1.1221933184942523,-0.03779963975669999
real legitimate,,1.1251345341666597,0.07503862149209094
real legitimate,,1.125337155628992,0.060214094840616
real legitimate,,1.1619356472297482,-0.19439949259017336
real legitimate,,1.1383977806934709,0.0808917986530615
real legitimate,,1.1306832769149757,-0.222807861815901
real legitimate,,1.202726690273406,0.7480733435105438
real legitimate,,1.1345883542602584,-0.015983705027413933
real legitimate,,1.1182145220012858,-0.00592814153708375
real legitimate,,1.157063800046043,-0.011587856655675646
real legitimate,,1.126846123152711,-0.22379757587905047
real legitimate,,1.134014792563234,0.023348238106214836
real legitimate,,1.133068977317106,0.08282559616912326
real legitimate,,1.1254993614365014,-0.11006372584697398
real legitimate,,1.0947168410900028,-0.5523763173355549
real legitimate,,1.151792589780297,-0.2502988574268419
real legitimate,,1.118642093723605,-1.622932051413789
real legitimate,,1.1039180824658001,0.15092289736388942
real legitimate,,1.1258003572176718,-0.16534213646926582
real legitimate,,1.1590647767496929,0.1364898398236425
real legitimate,,1.1305422584854108,-0.11158602649696014
real legitimate,,1.1778663274296566,0.07658055931991
real legitimate,,1.5944163224888057,3.042856933519884
real legitimate,,1.1634289145271106,-0.20206281984021077
real legitimate,,1.1301607298176832,0.4452480189600314
real legitimate,,1.1811304443332977,0.15640515260095667
real legitimate,,1.1325748954121928,0.026662414431125256
real legitimate,,1.14439046428408,0.050379684281674816
real legitimate,,1.1427475129270164,-0.9780829172694192
real legitimate,,1.069478707436424,-1.0575688525182334
real legitimate,,1.1467724644927162,-0.002392645150655917
real legitimate,,1.1269712442360844,0.008067051996342153
real legitimate,,1.1558953249197783,0.2911922773261541
real legitimate,,1.1019599751591693,-0.048054568193660316
real legitimate,,1.1536302186456806,-0.13588561720576064
real legitimate,,1.1298057518762343,0.40116515922246676
real legitimate,,1.1471196483386967,0.03307032616255583
real legitimate,,1.1616955820965686,-0.12435528195112662
real legitimate,,1.1936084655432269,0.28436190094447383
real legitimate,,1.1522017645669809,0.316256570233187
real legitimate,,1.143930609547096,0.31939049352660126
real legitimate,,1.1533179590842284,-0.7902845850900571
real legitimate,,1.1454879572807557,0.36433607720062783
real legitimate,,1.133851797666399,-0.1594655790955486
real legitimate,,1.137459431842343,0.3929609780218456
real legitimate,,1.1752586720448568,-0.6703133679694913
real legitimate,,1.1324062334895106,0.034916673967080744
real legitimate,,1.1204977200462056,3.1812311483748372
real legitimate,,1.1440090778407137,-0.3200226508257846
real legitimate,,1.1510996492397756,-0.16842240865615732
real legitimate,,1.1289742034650456,0.07732435221296417
real legitimate,,1.132519269293372,0.10534071644263308
real legitimate,,1.1588002637962247,0.09870052990035676
real legitimate,,1.1690746676589725,-0.6721245387093961
real legitimate,,1.143980633373714,0.08068736896891955
real legitimate,,1.1464685648931465,0.27758695362276986
real legitimate,,1.1290532705365037,0.020360122434492325
real legitimate,,1.1460688744283136,0.04186736334683587
real legitimate,,1.1673242822569674,-0.18810746879767193
real legitimate,,1.149728493642241,0.12588807830332516
real legitimate,,1.10336946009322,0.34382861992471025
real legitimate,,1.142886064912712,0.3350967225195678
real legitimate,,1.129330137927117,-0.16531800555845216
real legitimate,,1.158119894982327,-0.20089322862500014
real legitimate,,1.1318674815379508,0.4203058152190897
real legitimate,,1.1342773055096242,-0.017291309581865824
real legitimate,,1.1180909258968128,-0.06429912917220272
real legitimate,,1.1563199523974403,-0.1893304997108124
real legitimate,,1.1635847660465097,-0.033866791142061495
real legitimate,,1.1561004776173436,3.6148641153388192
real legitimate,,1.136601057791669,0.2348706012188635
real legitimate,,1.1427317745339707,-0.2638278359073596
real legitimate,,1.1082176452053167,0.2774338717813959
real legitimate,,1.1826786564265503,-0.188771850390207
real legitimate,,1.154673220735014,-0.12684603753030538
real legitimate,,1.1543103785894904,-0.1576961641809959
real legitimate,,1.1274520066531861,0.015229346645888972
real legitimate,,1.09638565877092,0.1178635852191932
real legitimate,,1.1466740426851567,-0.04168992524781236
real legitimate,,1.0806483943813698,-0.38002927929300445
real legitimate,,1.1650670765588218,0.325324829711385
real legitimate,,1.1227969452437836,0.2704214898035622
real legitimate,,1.1358447866297343,-0.24850563537928372
real legitimate,,1.111868160672603,-0.10093835510560624
real legitimate,,1.0853504253764932,-0.41547383331666343
real legitimate,,1.0485592793724026,-1.3714271688570698
real legitimate,,1.1377179510166466,-0.1469947158488234
real legitimate,,1.1709186730823735,0.3145478444134233
real legitimate,,1.1242778198432393,0.06228637145624848
real legitimate,,1.1245372676384302,0.017290903419659567
real legitimate,,1.127045238072931,0.04396702610174684
real legitimate,,1.1510199003550456,0.3490359287490935
real legitimate,,1.1485688964048224,-0.252025661503815
real legitimate,,1.1297912954002833,0.4673970607145097
real legitimate,,1.1555600937890167,-0.23540827076380594
real legitimate,,1.189406159090887,0.5206417169830698
real legitimate,,1.1246647122941047,0.05689154976124643
real legitimate,,1.1669852241927952,0.5806293228552831
real legitimate,,1.132453236900972,0.08007612692233361
real legitimate,,1.1462042654887266,-0.1338261123737638
real legitimate,,1.0909809367016359,-0.21722308355358538
real legitimate,,1.1863857879827424,0.3071133374335919
real legitimate,,1.1335123925101582,1.4788654005132855
real legitimate,,1.1546542537193645,0.1585395550828918
real legitimate,,1.1514945004902526,0.6485628613058705
real legitimate,,1.138157559062386,-0.07121771299759667
real legitimate,,1.1106088815964288,0.028348060007325912
real legitimate,,1.0368337598464241,-0.1130155753674731
real legitimate,,1.1661205552702087,0.1670603164725878
real legitimate,,1.139574243100921,0.07142530494566122
real legitimate,,1.1079465355516296,-0.3124279274691095
real legitimate,,1.174389944589552,-0.15114756783386218
real legitimate,,1.1693351222185895,0.17436938185492645
real legitimate,,1.1333849906874796,-0.02473103063443595
real legitimate,,1.1153774741710143,-0.4344675153698825
real legitimate,,1.1459727076126573,0.04901453328727688
real legitimate,,1.1112416569825343,0.12426704778052904
real legitimate,,1.1309948333269286,0.046713213707219245
real legitimate,,1.1203747195766032,0.4479775030429908
real legitimate,,1.1577669879463426,-0.37684620496054344
real legitimate,,1.1136016854095634,-0.10089956977202662
real legitimate,,1.2012472315875102,-0.15795153254226219
real legitimate,,1.1625110981184383,-0.20160258387885233
real legitimate,,1.1613949901052227,-0.12054227516657003
real legitimate,,1.2367381408249711,1.2408301877482268
real legitimate,,1.3515960103209634,1.1065525089019843
real legitimate,,1.1538088247077471,0.025138582362804945
real legitimate,,1.107935594651303,-0.08976965491792833
real legitimate,,1.1541928896199827,0.18961698126158694
real legitimate,,1.1222714788405916,0.6877878174320299
real legitimate,,1.1696477841622777,0.010700398588989732
real legitimate,,1.1014157707971783,0.24121537613233174
real legitimate,,1.1545919366517765,-0.2621367350156493
real legitimate,,1.068470199087756,-2.0353065715151635
real legitimate,,1.1261884134486286,0.3354839945324304
real legitimate,,1.1430586168780685,-1.414253844553477
real legitimate,,1.1319195077694033,0.372650157993261
real legitimate,,1.122929246284352,0.5937211807657878
real legitimate,,1.129744577255348,-0.8006272701595369
real legitimate,,1.11499445017399,-0.3319366240338319
real legitimate,,1.1509381537207706,0.24620500676048185
real legitimate,,1.156086787740859,0.21855541004548268
real legitimate,,1.1367959595820674,-0.20022702653287167
real legitimate,,1.1087307004723432,0.5582597996336671
real legitimate,,1.1440843943993069,-0.3097242137877702
real legitimate,,1.1654151739894474,-0.27572285209826525
real legitimate,,1.1834402033831755,-0.6609210997452337
real legitimate,,1.1695833866358136,0.2898594053945532
real legitimate,,1.1553447954439342,0.21167919800088858
real legitimate,,1.1616810666979172,-0.798488607245898
real legitimate,,1.1210972253841032,0.8889982883755807
real legitimate,,1.1110711721269917,0.27108890824072507
real legitimate,,1.1132514139729168,-0.16001195338148783
real legitimate,,1.096004049022098,0.24485789613112774
real legitimate,,1.1452496538962331,0.4272454456659326
real legitimate,,1.1352288908765054,-0.12936110767570752
real legitimate,,1.1103984724237288,0.11466669262456151
real legitimate,,1.1608589573270982,0.928877656529117
real legitimate,,1.088735824968345,0.12986070584831805
real legitimate,,1.154449488119497,-0.25162814898642666
real legitimate,,1.1196145000806874,-0.2672820332892788
real legitimate,,1.0575868130377302,-0.3839565788466931
real legitimate,,1.1511207780010673,-0.06606706664737937
real legitimate,,1.2275027033084602,0.3611109104979504
real legitimate,,1.1361038588859491,-0.0020683062351575937
real legitimate,,1.156089849709845,0.08143050557746283
real legitimate,,1.1398093582171798,0.06564196779107843
real legitimate,,1.1442448253388349,-0.1675966936719669
real legitimate,,1.0858231653540633,0.08433394565602682
real legitimate,,1.1413706921329123,0.531083748086802
real legitimate,,1.119731748294289,0.03105678050395376
real legitimate,,1.146190433983064,-0.1762146009037102
real legitimate,,1.1282689753280413,0.1733250499850152
real legitimate,,1.1337967997975418,0.1755834881756103
real legitimate,,1.1567583214142392,-0.07231732678446513
real legitimate,,1.0183551912950493,-5.024290306204424
real legitimate,,1.1049700672795697,-0.35841397029114785
real legitimate,,1.1428964526509018,-0.09339477845320578
real legitimate,,1.1486268793471175,-0.8170479657977554
real legitimate,,1.1103656290725499,-0.3923745912101742
real legitimate,,1.1146750468551336,0.09761620645745749
real legitimate,,1.0710523814688293,0.2198311590468942
real legitimate,,1.1549959587461642,-0.1768812563087629
real legitimate,,1.0842665033823766,-0.19118549707313442
real legitimate,,1.1602831797978337,0.1449378065350761
real legitimate,,1.156578929809071,0.14494206753327799
real legitimate,,1.1578101794695512,-0.25755861592290474
real legitimate,,1.1670688964568794,-0.0638340457393325
real legitimate,,1.1176493309082884,-0.7114339651629342
real legitimate,,1.1335187512638836,1.0562476547641837
real legitimate,,1.0386180479462919,-0.2551028489543935
real legitimate,,1.1565070642668962,-0.3098893489749475
real legitimate,,1.1485964972034524,0.1429458147562931
real legitimate,,1.1174494493183722,-0.09768570509731574
real legitimate,,1.1392177890024329,0.21264996189350394
real legitimate,,1.1279559512412596,-0.040893109938864206
real legitimate,,1.1730780546009278,0.1737514932157978
real legitimate,,1.1374246356461601,-0.05077928888298018
real legitimate,,1.1368241711897271,-0.0024651396550662147
real legitimate,,1.1493851480824655,-0.2442244669406043
real legitimate,,1.135433469205809,-0.08027145497011944
real legitimate,,1.1123571363360094,0.08879373344860662
real legitimate,,1.157050834104107,0.1338925530824403
real legitimate,,1.2352384222891477,-0.1723813674300272
real legitimate,,1.2161044820334055,0.83963997413298
real legitimate,,1.1198288741357743,0.21211184855086673
real legitimate,,1.1316222701682361,-0.3001489212369423
real legitimate,,1.1994076962722942,-0.46373081139140193
real legitimate,,1.1304809818581438,-0.015435177951782578
real legitimate,,1.1425158617185944,-0.0027196988005878248
real legitimate,,1.137957070664731,-0.1544235893096082
real legitimate,,1.1276966956709507,0.013885689845897414
real legitimate,,1.1850475140026326,-0.04137438285939861
real legitimate,,1.1695625898251618,-0.19044750495473123
real legitimate,,1.1642425713119398,-0.3571848749572532
real legitimate,,1.120845429203105,0.043995050111550124
real legitimate,,0.9742193594694141,-2.7517913787258146
real legitimate,,1.0638531638650013,0.2041226035895214
real legitimate,,1.146561836772648,-0.061961007843260155
real legitimate,,1.1271051141522843,0.12759814913136625
real legitimate,,1.142911531858103,-0.00017858074817167502
real legitimate,,1.124287785854184,0.04361380727551288
real legitimate,,1.188276622321223,0.8691933574491111
real legitimate,,1.1659024915823009,-0.0503800755310206
real legitimate,,1.1140026054751062,0.14131369661597382
real legitimate,,1.1601882074916474,0.38582421123773586
real legitimate,,1.1875284340377024,0.4172338467676008
real legitimate,,1.13340493927252,0.07109713021421211
real legitimate,,1.1488555005098995,0.2340023592126726
real legitimate,,1.1368329464776499,0.01675891032534381
real legitimate,,1.13968300972677,-0.21936405684590038
real legitimate,,1.1763294877011683,-0.15819572845588914
real legitimate,,1.0926789110852029,-2.297934391440534
real legitimate,,1.1392770708855688,0.41497305028964315
real legitimate,,1.1400490315848857,-0.19652336374067308
real legitimate,,1.1481293957296062,-0.16284136334392274
real legitimate,,1.168283046259926,0.5447494262955799
real legitimate,,1.1063998333786866,-0.35430711906817625
real legitimate,,1.1182642074447122,-0.21705372416686075
real legitimate,,1.1344312564442336,0.10359764524543201
real legitimate,,1.0991382004357368,0.07122884413499118
real legitimate,,1.1333418297923328,0.21288215521104858
real legitimate,,1.1033629563059641,-0.16708980415865693
real legitimate,,1.0882197275412147,0.3016827833535022
real legitimate,,1.1619549603949721,-0.2865461172746297
real legitimate,,1.1710080452311813,-0.23160238024971802
real legitimate,,1.149353074457005,-0.18059529042046985
real legitimate,,1.1463289317348957,-0.0926550077993863
real legitimate,,1.131037624404187,0.1874386367302977
real legitimate,,1.1121741030249965,-0.04781018910591285
real legitimate,,1.1263870836714485,-0.06628866826763542
real legitimate,,1.1487577382210408,-0.27658302158005177
real legitimate,,1.17207781905001,-0.3332482735845789
real legitimate,,1.1409020679710626,0.03222560069878662
real legitimate,,1.0867651271526042,-0.24823893784822515
real legitimate,,1.1254837550874337,0.05260526253049817
real legitimate,,1.1418081251909944,0.2836998441585731
real legitimate,,1.2071341906174549,0.6494658175552851
real legitimate,,1.114211122160568,-0.23842553653640386
real legitimate,,1.1437453181860513,0.6216594045179951
real legitimate,,1.17458478096578,0.24775159195582674
real legitimate,,1.1631185954475285,0.16145517628187728
real legitimate,,1.1029625902769264,0.3993777836688157
real legitimate,,1.133904220364993,0.33382674628693104
real legitimate,,1.1810547817164483,-0.21397130650705287
real legitimate,,1.123995485833505,-0.19261431586648992
real legitimate,,1.1556167240200241,-0.14368208385028225
real legitimate,,1.1618094351910362,-0.38643471618186087
real legitimate,,1.1430164856190212,0.4095568510554395
real legitimate,,1.1249964674167166,0.032049411772020656
real legitimate,,1.1656570454101474,-0.21871896690652082
real legitimate,,1.1468601590573946,-0.35067150276192377
real legitimate,,1.1348482024141846,-0.013069073833422581
real legitimate,,1.1620638817498226,0.3564736614871445
real legitimate,,1.15312437019602,-0.2648836961165916
real legitimate,,1.163345588605927,0.6376164359524708
real legitimate,,1.1384172722563106,0.45580254083511373
real legitimate,,1.1623216167995576,-0.3026753811027574
real legitimate,,1.1602932267717545,-0.19272345254439982
real legitimate,,1.1659554128875558,-0.25674866267319923
real legitimate,,1.061403931859841,0.1347864023087213
real legitimate,,1.1071636074528624,-0.10882167537124186
real legitimate,,1.148763778691078,-0.18040200523024574
real legitimate,,1.1718690515671204,-0.1628318555373403
real legitimate,,1.1133884320929206,-0.24996648020446705
real legitimate,,1.1058163458825976,-2.503367974466884
real legitimate,,1.1824908599464585,-2.1758663931306224
real legitimate,,1.184840029276357,-0.1468213969562882
real legitimate,,1.1645301646929103,-0.19442763432706012
real legitimate,,1.1312863474753865,-0.0618444219552934
real legitimate,,0.9285975357428451,-3.9613481466246
real legitimate,,1.0865281102617435,-3.0956652111392513
real legitimate,,1.097209810788419,0.19993718875126476
real legitimate,,1.1052922947366204,0.0991245694956469
real legitimate,,1.151895251750805,-0.04457801525304973
real legitimate,,1.1216503158006272,0.4591876846497064
real legitimate,,1.0939185889573309,0.1234464647570923
real legitimate,,1.1427577553161552,-0.3339467795127012
real legitimate,,1.1182316083525297,-0.22710821184331859
real legitimate,,1.1248668208062216,-0.4627415691192953
real legitimate,,1.1492492568498252,-0.2955825046702235
real legitimate,,1.1397347199207122,0.24375824613757358
real legitimate,,1.1777907148663116,0.35996541201174753
real legitimate,,1.096479962367381,0.13336691197864192
real legitimate,,1.150163012610662,-0.21339020342662157
real legitimate,,1.1173597265309683,0.25743739937990495
real legitimate,,1.1536228076566692,-0.12967427787896346
real legitimate,,1.1046258131906919,1.3031838847706667
real legitimate,,1.1620831048754412,0.27772200600533814
real legitimate,,1.1588546228173588,-0.22244362878270935
real legitimate,,1.1148569441849543,0.018283953655861288
real legitimate,,1.1778827659816733,0.4458575177182609
real legitimate,,1.087165912018478,0.023115222840664765
real legitimate,,1.1360918950917038,0.2235643373769698
real legitimate,,1.072694040816914,0.07093399445500985
real legitimate,,1.0466336800508933,-2.2558790494958387
real legitimate,,1.1563188673265268,-0.24389541400675419
real legitimate,,1.169140591161229,-1.3426096081681724
real legitimate,,1.158344955408916,0.11182368976801442
real legitimate,,1.1275080791195895,0.11854358497496496
real legitimate,,1.066992477234789,-2.3729675898913873
real legitimate,,1.1383158351977534,0.25169363861102545
real legitimate,,1.1642165160439095,0.923345588983945
real legitimate,,1.1374291767613403,0.06089663338613292
real legitimate,,1.2017055319810155,-0.2159532497291266
real legitimate,,1.1059385677908706,-0.29489589492333373
real legitimate,,1.113121002121402,0.5120338023510678
real legitimate,,1.0935925991409947,-0.2590001995890472
real legitimate,,1.1569699548051022,-0.01627279401494293
real legitimate,,1.1390044460383641,-0.21912141960946863
real legitimate,,1.1194234963563545,-0.2491789051909895
real legitimate,,1.1175094250917503,-0.1422921349632016
real legitimate,,1.1339544796623884,-0.04997849221292984
real legitimate,,1.1278832956508302,-0.1375402302241709
real legitimate,,1.114974999158204,-0.19218980820571568
real legitimate,,1.1187713832993151,0.1751308395771084
real legitimate,,1.0701861403882098,-0.0008112793195299145
real legitimate,,1.1416606074804645,-0.05818054008638897
real legitimate,,1.146207295109641,0.04370423432671809
real legitimate,,1.1328858912324649,0.03705137117090361
real legitimate,,1.131003768075198,-0.1057653522787123
real legitimate,,1.157146114246313,-0.15349929786500643
real legitimate,,1.142437976611395,-0.031516813049800266
real legitimate,,1.1406321518788005,0.047671944764852134
real legitimate,,1.1266591915543738,-3.8672828248983535
real legitimate,,1.1358015289582757,0.4487496023593047
real legitimate,,1.1171469494499644,0.02732151788931951
real legitimate,,1.141980764555635,0.668830864547178
real legitimate,,1.1391856562389513,-0.18588461557588187
real legitimate,,1.148404987972478,0.05470887395178729
real legitimate,,1.1458800750997618,0.4980410334166898
real legitimate,,1.1119503066017415,-0.10991489775853104
real legitimate,,1.1220270942633228,0.4362676427813238
real legitimate,,1.1559701098497248,-0.3210826091081177
real legitimate,,1.138140661079419,-0.25622325953993863
real legitimate,,1.1578492893365624,0.6964812273645946
real legitimate,,1.140908862352438,0.6270946431343082
real legitimate,,1.1273198984583244,0.0558392982632354
real legitimate,,1.1288488708502007,0.10427285047059785
real legitimate,,1.1502910536143813,-0.20060161952595146
real legitimate,,1.146313733644795,0.08373733320041536
real legitimate,,1.1636503126313522,-0.07194400396737606
real legitimate,,1.1436586381053113,-0.033312838356807775
real legitimate,,1.1284399826164273,-0.21179742898663106
real legitimate,,1.1321398871760178,-0.0073173609853318805
real legitimate,,0.9337610989765597,-1.3238629134496047
real legitimate,,1.1576979385876442,0.13251527492513165
real legitimate,,1.16403493314449,0.14008253961824585
real legitimate,,0.9847411819100104,-5.376733770539343
real legitimate,,1.1470816116524414,0.19866364045357077
real legitimate,,1.134061151318697,-0.0424781784972031
real legitimate,,1.0964413152784431,0.07217110663257774
real legitimate,,1.1456136351143995,0.05797946935467867
real legitimate,,1.1365553811995428,-0.0009103623407121647
real legitimate,,1.1238169322579006,0.038982249111549086
real legitimate,,1.1223630746019158,0.011065828425612087
real legitimate,,1.1751169627999938,0.5683829163008685
real legitimate,,1.0900529089189117,0.12707622610116215
real legitimate,,1.1754639762324222,-1.1964894571098093
real legitimate,,1.1334474594993746,0.03335753370549653
real legitimate,,1.1212816858404462,-0.38483780176592897
real legitimate,,1.1340856452276629,0.23519314846879613
real legitimate,,1.1254998961160119,-0.03746497691078782
real legitimate,,1.1630384620929335,0.18923897006426427
real legitimate,,1.1362766619042757,0.09580856246001367
real legitimate,,1.1125458526913765,0.07503992675528857
real legitimate,,1.1338456512974338,-0.17083325109567982
real legitimate,,1.1458739144240198,0.38092360985749757
real legitimate,,1.1576600181435426,-0.29014751593527766
real legitimate,,1.1483165003906894,1.136146564971305
real legitimate,,1.1590726069703365,0.2755695019854342
real legitimate,,1.2789392957607157,-1.151917106450977
real legitimate,,1.1392137221852974,0.3395103949607769
real legitimate,,1.1448839538469833,-0.32062241350121407
real legitimate,,1.1219319848830067,0.11360985627861607
real legitimate,,1.1272031648295224,0.030336133975412988
real legitimate,,1.372801708036686,1.919366967842247
real legitimate,,1.102464190867375,0.19706249317078328
real legitimate,,1.159783168680003,-0.02697147306420007
real legitimate,,1.1646716779355182,0.15602475421806672
real legitimate,,1.1320294904073387,-0.13742897934821274
real legitimate,,1.134847634837081,-0.021019737005335173
real legitimate,,1.1398783761229585,-0.044915803872556725
real legitimate,,1.0832009504143973,0.19385788516312907
real legitimate,,1.113581551644886,0.20286090851953192
real legitimate,,1.0956369671030506,-0.0968517791584413
real legitimate,,1.1218233855727444,-0.30337296990231105
real legitimate,,1.1570044423977703,-0.018496718590980857
real legitimate,,1.074972021639105,-0.20235148548394638
real legitimate,,1.097740189459342,-0.18276293316128522
real legitimate,,1.1231473261045601,0.16502593539518667
real legitimate,,1.1085462187763326,-0.13011087901912144
real legitimate,,1.1689775478544202,0.20856089419428447
real legitimate,,1.1338112800261977,0.11514844067894774
real legitimate,,1.1204613676798554,0.1825594029066414
real legitimate,,1.1413854183021148,-0.06872158108990047
real legitimate,,1.083237666794986,0.023597284754365802
real legitimate,,1.15049769887678,0.053569376154863665
real legitimate,,1.077276129158835,-0.7509768054618993
real legitimate,,1.1432020486349372,0.04365348183077654
real legitimate,,1.123496453106931,0.032530207057712215
real legitimate,,1.1331101564914783,0.21517348553450033
real legitimate,,1.1357941754812728,0.059962988276560755
real legitimate,,1.135531206176386,-0.0365521886745999
real legitimate,,1.119618368989896,-0.2034280455627972
real legitimate,,1.1869485166077243,0.4399934568374173
real legitimate,,1.2114104989502894,0.6249076066259148
real legitimate,,1.149798892714296,0.48557355952839143
real legitimate,,1.1399402316332237,-0.005394718353654751
real legitimate,,1.1264646743508246,-0.846407901583478
real legitimate,,1.1320207747685893,0.30579154040983036
real legitimate,,1.1427070123695415,0.4015875602298745
real legitimate,,1.150259078708804,-0.07816407452383835
real legitimate,,1.155733629731302,-0.09932885087625785
real legitimate,,1.0976864944333427,0.06570566765777312
real legitimate,,1.1412784456570773,0.07499988267474071
real legitimate,,1.1374690246657273,-0.07077801350358355
real legitimate,,1.1536227472927392,-0.17798554338486694
real legitimate,,1.129432303409156,-0.04784497792130067
real legitimate,,1.1521056682445416,0.13071041840648984
real legitimate,,1.127054411763683,-0.03873051762575587
real legitimate,,1.177768468501114,-0.1733020223472051
real legitimate,,1.1292762950670725,0.22540920266548925
real legitimate,,1.1407814841823718,0.2225645604721116
real legitimate,,1.147959227120229,0.15501147542451593
real legitimate,,1.152042288385043,0.047960234702146484
real legitimate,,1.0527502842446501,-1.8993997375534613
real legitimate,,1.1425754603615392,-0.016204054676652882
real legitimate,,1.1095579051335387,-0.30868333345440185
real legitimate,,1.1122840137895424,0.054088981571833825
real legitimate,,1.224567701328672,-0.6756367472054762
real legitimate,,1.1601878854371983,-0.132914528852014
real legitimate,,1.153778619001466,-0.11861279924206815
real legitimate,,1.1336040825875693,-0.15090208368075364
real legitimate,,1.137411175646255,0.019259044249917964
real legitimate,,1.1009471134749405,-2.188465486837721
real legitimate,,1.1259486540834858,0.16614981936803475
real legitimate,,1.1286666271554127,-0.10091266745066228
real legitimate,,1.0788206316633735,-1.511172983744006
real legitimate,,1.1081483142485828,0.3008935797114065
real legitimate,,1.1363926285330743,0.036429340452882805
real legitimate,,1.159223083513548,0.40260578579678125
real legitimate,,1.082786224569402,0.36449726737864985
real legitimate,,1.1156170296332568,0.4618542373558807
real legitimate,,1.1482589535940266,-0.30472282346939433
real legitimate,,1.166783490678344,-0.36075842695635557
real legitimate,,1.1381602330205343,0.25591899949103447
real legitimate,,1.1619977205275052,0.2070089112361555
real legitimate,,1.1426716825814278,-0.08382269439448146
real legitimate,,1.1552100070904017,0.7552714539535106
real legitimate,,1.1338612478412697,-0.11201102125317543
real legitimate,,1.1159015033270765,-0.6203962545216263
real legitimate,,1.1303365525254763,0.025233559504253752
real legitimate,,1.1485741352806975,-0.08560905272989812
real legitimate,,1.1514715909737205,-0.2248219524720823
real legitimate,,1.1379758177041173,-0.04033722886758033
real legitimate,,1.1018164523793892,0.03930137174957597
real legitimate,,1.135346217301828,-0.21266486125891643
real legitimate,,1.1467797540084148,0.14075567261742516
real legitimate,,1.147441415782666,0.2407631000208731
real legitimate,,1.1623401977864287,0.21881122412715992
real legitimate,,1.1241106566075698,0.5486012517119059
real legitimate,,1.1452061304739924,0.03998493851976535
real legitimate,,1.1759950907747034,1.319001647238046
real legitimate,,1.130060905194242,-0.1678671127961034
real legitimate,,1.111361143433029,-0.3439131407739415
real legitimate,,1.136758135468014,0.0943229185601011
real legitimate,,1.1512403513212173,-0.26275226679188224
real legitimate,,1.1804843663417497,0.3686197872117915
real legitimate,,1.1175981073930161,-0.007837064880723166
real legitimate,,1.138239365163025,0.07543837408383257
real legitimate,,1.1500005278163632,-0.13037896193566395
real legitimate,,1.1558121763321185,0.3638443127390423
real legitimate,,1.1387248361629425,-0.0071915216509928215
real legitimate,,1.1114091067575067,-0.8624824656818466
real legitimate,,1.0393322870542197,-1.4445679127179076
real legitimate,,1.2046814498685325,0.5312680546395802
real legitimate,,1.1682631065976472,-1.175309763615408
real legitimate,,1.1491273578026857,0.5038919790975477
real legitimate,,1.174683161144459,0.5172447464922311
real legitimate,,1.1324943375467686,-0.011551913174771292
real legitimate,,1.2419868149322189,1.0438339887503232
real legitimate,,1.137950791113966,-0.34140624560316934
real legitimate,,1.0725584437868276,-0.0955158001777481
real legitimate,,1.1234882288621968,-0.02590294608942957
real legitimate,,1.1283381797897296,0.1064876599366451
real legitimate,,1.1763303048039337,-1.4525798722646326
real legitimate,,1.1467539582203679,-0.5382554439040129
real legitimate,,1.1120438895150992,-0.6539462849831867
real legitimate,,1.085260896949304,-0.2039859249187807
real legitimate,,1.1477177173024167,0.06266925025789656
real legitimate,,1.1688729349786082,0.15745356934565297
real legitimate,,1.2275960947521478,-0.3611861853085936
real legitimate,,1.0924404403324193,0.613040231202459
real legitimate,,1.1479792122596593,0.25817992817126434
real legitimate,,1.1550612917980212,0.2569108448505911
real legitimate,,1.118891620732404,0.20138417750947507
real legitimate,,1.1483140370532174,0.1028135511729975
real legitimate,,1.1363607050061861,0.2052503588149569
real legitimate,,1.1911613178419895,0.09258374774208782
real legitimate,,1.139593149368566,-0.10917915890330167
real legitimate,,1.0872476140042258,-0.7744462051346519
real legitimate,,1.1480526628315821,-0.19014260173113923
real legitimate,,1.1599305875979178,-0.03567670798031654
real legitimate,,1.1565077009719973,0.03760060918171447
real legitimate,,1.1479629173375927,-0.06787151235383428
real legitimate,,1.1540946801822731,0.37961530990335446
real legitimate,,1.160532046495912,-0.16220980062552032
real legitimate,,1.1209818415391046,-0.013722135200596439
real legitimate,,1.1524202362543976,-0.2608198471272827
real legitimate,,1.1373295349529746,-0.6752468827470337
real legitimate,,1.1374629506905434,0.5598335584890364
real legitimate,,1.1307687113300788,0.13667416303816182
real legitimate,,1.1450227748833475,0.10199710453053966
real legitimate,,1.1449785723807608,-0.11300617747216864
real legitimate,,1.1433474625087707,0.3445916773928307
real legitimate,,1.171790376811417,0.20985946693797897
real legitimate,,1.1378547049075693,-0.042764754191768964
real legitimate,,1.168645335939467,-0.043676286853873494
real legitimate,,1.1324366621074924,0.1085031291151393
real legitimate,,1.1489728357583089,0.012878522921601063
real legitimate,,1.1420229462343061,0.05609351125137417
real legitimate,,1.1298255998121298,0.030186353600699503
real legitimate,,1.1367582378206444,0.01580079968128896
real legitimate,,1.173650283475545,-1.5988271661269797
real legitimate,,1.163736387470484,-0.1534190293673554
real legitimate,,1.1050550324157489,-0.24803558937176529
real legitimate,,1.1250018402370154,0.05224877120870923
real legitimate,,1.162776548483697,0.8721033255861874
real legitimate,,1.1634187561258493,0.7010454027660267
real legitimate,,1.153888551537779,-0.40391675335443167
real legitimate,,1.1295628779489015,0.24648258642028548
real legitimate,,1.1242519275327214,0.0809391422874176
real legitimate,,1.132375977028917,0.014113734520682222
real legitimate,,1.1421022524250408,-0.05349625337964671
real legitimate,,1.1054943227780638,-0.46537777902194855
real legitimate,,1.1628814236954712,0.39281035258622965
real legitimate,,1.1393519809714157,0.11563267872052295
real legitimate,,1.0939621634301837,0.10959906118418776
real legitimate,,1.149222538073234,0.2830915775040722
real legitimate,,1.1364704091626194,-0.09683375702376565
real legitimate,,1.17425373713188,0.2527560242909904
real legitimate,,1.0938901350423045,0.19338783089744854
real legitimate,,1.1368700517205264,-0.3749427429578239
real legitimate,,1.1645180262297894,0.1397928944810125
real legitimate,,1.1493189012837182,-0.2068556711908619
real legitimate,,1.1440945731852659,-0.04592381445941486
real legitimate,,1.0897734105412797,0.22061272950600003
real legitimate,,1.1135619878205951,0.1923531285879917
real legitimate,,1.1648703743451398,0.2323920369528154
real legitimate,,1.1478305753778135,0.026098593524882377
real legitimate,,1.1384059938116602,-0.038452741995922426
real legitimate,,1.1263961300019065,-0.019991493311082395
real legitimate,,1.0362557419013483,-2.2406509285271117
real legitimate,,1.1482703742687925,0.46357908557106997
real legitimate,,1.1372861119626907,0.2167086832092684
real legitimate,,1.123918259226461,-0.15223232163683498
real legitimate,,1.1480916114567563,0.6161733172404488
real legitimate,,1.1490842565770287,0.1841279346799516
real legitimate,,1.1247121338451371,-0.02005831326156539
real legitimate,,1.1446666859820445,0.24142734668540927
real legitimate,,1.0888063351903434,-0.9671060038994029
real legitimate,,1.1625820826970672,-0.3777640649990932
real legitimate,,1.1147896968294873,0.20518870252194826
real legitimate,,1.1411048341649217,-0.03870780995970931
real legitimate,,1.139805429378732,-0.21121946618283416
real legitimate,,1.1180556707052465,-0.20903865867633392
real legitimate,,1.1595835247333066,0.2611661993498732
real legitimate,,1.1376933896721337,-0.269251719395328
real legitimate,,1.1367599060085138,0.2592296999653987
real legitimate,,1.1228260099136396,-0.13050351517624303
real legitimate,,1.146610391750168,-0.15677515295948857
real legitimate,,1.144966270534027,0.20043796116424606
real legitimate,,1.106375497287608,-2.3391419927223045
real legitimate,,1.1749677602273598,0.17442691275189282
real legitimate,,1.0851894778648237,-0.6591537239470214
real legitimate,,1.1363087432383323,-0.08045400787943545
real legitimate,,1.1981802056877477,-0.04511872421500902
real legitimate,,1.176468903852688,0.3267814807480583
real legitimate,,1.1906874618602028,0.2595733932597366
real legitimate,,1.1287601788166586,0.1662048796497141
real legitimate,,1.163800536671078,-0.22410115209505221
real legitimate,,1.1580657458770203,0.3837089349366369
real legitimate,,1.1533233087079693,-0.20161951631369346
real legitimate,,1.1433561547574282,-0.8929477719705441
real legitimate,,1.1482336561997881,-0.8559255892805518
real legitimate,,1.1377161086941445,0.01574304405810116
real legitimate,,1.144376732772941,-0.07501825518947149
real legitimate,,1.1835518455772218,0.5309599966077303
real legitimate,,1.1755858975885738,-0.054366765556535426
real legitimate,,1.1589834082587462,-0.26516776769755984
real legitimate,,1.1360286726310813,0.0067529616532649855
real legitimate,,1.1260651346729855,0.3447474353995117
real legitimate,,1.084845354744213,-0.0317673285399684
real legitimate,,1.1096795348698916,0.3367451822904938
real legitimate,,1.2004715549523812,-0.4844338578018168
real legitimate,,1.154126140520602,0.2158935340993045
real legitimate,,1.134644049161145,0.07129740747327039
real legitimate,,1.1375994051216143,0.5277593087483826
real legitimate,,1.1294523099247527,0.029743044868349583
real legitimate,,1.1306605166753252,-0.15712717593002917
real legitimate,,1.1345859420933018,-0.8291051448049267
real legitimate,,1.1528046342773224,-0.2802684392344652
real legitimate,,1.1452179488698406,-0.00697853728930424
real legitimate,,1.119065156665076,-0.22795458715358152
real legitimate,,1.0845146670719412,-0.41076759361494436
real legitimate,,1.1269968935209924,-0.2823349981143344
real legitimate,,1.14066392309103,-0.23714311427892787
real legitimate,,1.1258306367263902,-0.0433344585025985
real legitimate,,1.155488073494765,0.029900987450316094
real legitimate,,1.1585184434289892,0.03712778845466368
real legitimate,,1.091766385245787,0.08450643008926038
real legitimate,,1.137796095615736,-0.10209365571909006
real legitimate,,1.1035262644405488,0.11702649913454978
real legitimate,,1.170807215008383,0.553853247492892
real legitimate,,1.1628835113216853,0.6398251000740575
real legitimate,,1.1531723368173028,0.7465544906314118
real legitimate,,1.1482425403945185,0.30660499702122074
real legitimate,,1.1421807080248698,0.00466301155387687
real legitimate,,1.1736991079329764,0.34169084370565395
real legitimate,,1.0975365420018985,-0.27106748306502515
real legitimate,,1.2568095703310516,0.6087872424966326
real legitimate,,1.1449489363179173,0.1448233931300471
real legitimate,,1.1131119972891053,0.014643624554858556
real legitimate,,1.000189275944832,-0.28395065653896956
real legitimate,,1.161836161195057,0.13410967727460527
real legitimate,,1.1559002074520885,-0.1482455881262566
real legitimate,,1.1262571501497673,-0.011939300793339144
real legitimate,,1.1130810264175084,0.22478418919487192
real legitimate,,1.129337034122208,0.409445494763451
real legitimate,,1.0855706052471241,0.4775643719892988
real legitimate,,1.1405042125166278,-0.15146661302064102
real legitimate,,1.1409393981638716,-0.08281265418323215
real legitimate,,1.1436434627950323,0.4946099542394359
real legitimate,,1.139388407831715,-0.09187434422731094
real legitimate,,1.1622441479776149,0.10455612902151869
real legitimate,,1.1733372021156039,-0.24550408555502712
real legitimate,,1.1750347462696622,0.009435407067428944
real legitimate,,1.191258562843756,-0.12643805597119695
real legitimate,,1.1305250961103386,-0.3081676409239722
real legitimate,,1.0729300738270027,0.1925230595685331
real legitimate,,1.1530519106346908,-0.20664625231970057
real legitimate,,1.157448888137731,0.2801544150429597
real legitimate,,1.1404402107456566,-1.0995957222296802
real legitimate,,1.1270463976820544,-0.03744573056866553
real legitimate,,1.1212583188074912,-0.1500539532197106
real legitimate,,1.1465203967910684,-0.27674535808885886
real legitimate,,1.1346819705075666,0.0644498992549171
real legitimate,,1.1552661321859472,-0.12494144361744632
real legitimate,,1.1314730837507798,0.016757304070811205
real legitimate,,1.1240934653277006,0.05752912619690996
real legitimate,,1.1383699523636215,0.12093993096168403
real legitimate,,1.1406793363952201,-0.06571358927616734
real legitimate,,1.1386726291957434,-5.7960094900192525
real legitimate,,1.1471076995596774,-0.36197431947981834
real legitimate,,1.1555728444789855,0.37964776970173175
real legitimate,,1.1312267967583458,-0.21933471129090087
real legitimate,,1.0336434438365711,-3.985762767005591
real legitimate,,1.072088508086304,-2.11472863680601
real legitimate,,1.1693159408692857,-0.306422977587213
real legitimate,,1.1677901361430336,0.5557354890403776
real legitimate,,1.1664719666672614,0.7071567600590933
real legitimate,,1.1087725879096493,0.31503551179886047
real legitimate,,1.140651394354781,0.04841665995566073
real legitimate,,1.0822590590865102,0.18553682511259173
real legitimate,,1.1240278098971688,-0.09170046035787076
real legitimate,,1.1509474154911135,0.1736454079475102
real legitimate,,1.1403158914823308,-0.12421333348702741
real legitimate,,1.1415779880432124,0.0427221316748949
real legitimate,,1.144810168315689,0.05634887521956643
real legitimate,,1.1179851280892887,-0.2844837460261791
real legitimate,,1.142607081640984,0.1427332402030126
real legitimate,,1.1208132095788759,-0.2250637040564502
real legitimate,,1.1600886535147352,0.6609760903430225
real legitimate,,1.171875247166573,-0.3496256927820154
real legitimate,,1.1414199939570577,0.49159491667137967
real legitimate,,1.1436505210757661,-1.4374948484329164
real legitimate,,1.14508900302424,-0.2555425828751586
real legitimate,,1.123552626061709,-0.015779458161953377
real legitimate,,1.1305885589561075,0.013419309894196402
real legitimate,,1.1413049137547189,-0.33173420791619906
real legitimate,,1.1226274433420427,-0.2616798164377793
real legitimate,,1.1076501575338717,0.6888729359602794
real legitimate,,1.1458289915735203,-0.2555928363954485
real legitimate,,1.1452268139511623,2.44200569012355
real legitimate,,1.1391035994207401,0.11330706007988355
real legitimate,,1.137566422410072,-0.25569952541844393
real legitimate,,1.1587921123849059,0.5246857320189893
real legitimate,,1.146979588279834,-0.21597510414286708
real legitimate,,1.157745290661596,-0.24582363934241191
real legitimate,,1.1222886775223984,-0.14992082184533873
real legitimate,,1.1265711312160347,-0.025886124465959615
real legitimate,,1.1448472483831482,0.04709148557230523
real legitimate,,1.15541198885866,-0.2458922419783252
real legitimate,,1.1755622382286437,0.2103971703037784
real legitimate,,1.139701756791423,-0.323585304375769
real legitimate,,1.118111034098861,-0.15047109213302146
real legitimate,,1.1310610329246438,0.11511661649086273
real legitimate,,1.1390334965558608,-0.1563292823574748
real legitimate,,1.0987565942606667,0.1945346085716711
real legitimate,,1.1563046994982655,-0.0907987030560548
real legitimate,,1.1154380975822253,-0.1531689020456845
real legitimate,,1.1208986200485094,0.3387870094559929
real legitimate,,1.1127672288062773,0.5611870811733174
real legitimate,,1.1342701561969162,-0.2078968278355433
real legitimate,,1.128845907017818,-0.011400633858070872
real legitimate,,1.1753970489572063,0.07947488207871152
real legitimate,,1.141800042427911,-0.16544940208176379
real legitimate,,1.1575886101729198,-0.04284543079031307
real legitimate,,1.084570370090293,-0.36709399638861523
real legitimate,,1.127815199850887,-0.1490050118553174
real legitimate,,1.1509124573932155,-0.25857583737870554
real legitimate,,1.1271959082841918,-0.08221914830537559
real legitimate,,1.1563122153517065,0.14483454392946604
real legitimate,,1.136778703070314,0.2143675671200983
real legitimate,,1.1474400910659377,0.580969563876
real legitimate,,1.1596241451157963,0.11612059157725645
real legitimate,,1.1016006582281461,-0.23047564567885126
real legitimate,,1.149489335546027,0.3671103603624531
real legitimate,,1.1617892240040202,0.38361291690951804
real legitimate,,1.1215417119745874,-0.020794128033614148
real legitimate,,1.1274007676714648,-0.3517697737282376
real legitimate,,1.1490147792592864,-0.5189537714738882
real legitimate,,1.1636791264887074,-0.2487662500573527
real legitimate,,1.2837008002727122,0.537585954040548
real legitimate,,1.1027559368161388,-0.1345715331329153
real legitimate,,1.132633541345353,0.0475724285865317
real legitimate,,1.158651442443545,-0.2768693581632132
real legitimate,,1.1249999457777395,-0.06151947697336323
real legitimate,,1.1266606064573907,0.11059811716850586
real legitimate,,1.1814419234652482,0.7412534408244231
real legitimate,,1.1357433919363962,-0.1882985273172621
real legitimate,,1.2140798303667717,-0.7803694047640207
real legitimate,,1.1228582632267479,0.633929482738713
real legitimate,,1.142258040222146,-0.06930366738055606
real legitimate,,1.250230198055922,-1.2717022569676766
real legitimate,,1.1558780939375188,-0.28334261540644623
real legitimate,,1.1349439959466143,0.07946161988467686
real legitimate,,1.1037575778998896,0.18749823238252772
real legitimate,,1.1409554961412607,0.37383653947079426
real legitimate,,1.1445215967787647,0.031553818205788384
real legitimate,,1.0985738355105883,-0.010116726343491825
real legitimate,,1.1654519107215897,0.14709336918616528
real legitimate,,1.056345147302865,-0.020249365565444336
real legitimate,,1.170238229530475,-0.29064286713262555
real legitimate,,1.1154928341000245,0.05560867157113268
real legitimate,,1.1486014578640542,0.3259749192285378
real legitimate,,1.0943260766454825,0.1984522807900425
real legitimate,,1.1416096208099074,0.05622044689847437
real legitimate,,1.1683110593898807,-0.19761224834591207
real legitimate,,1.1231252876107591,0.4185948670244978
real legitimate,,1.1436273008710578,-0.08589117935983788
real legitimate,,1.1465927474552968,-0.28021658842305736
real legitimate,,1.1117081481017366,0.24452089648293002
real legitimate,,1.1377045974537838,0.010159873020510676
real legitimate,,1.1657050791590582,0.6164682532804695
real legitimate,,1.104251518644506,0.27526984238842256
real legitimate,,1.1340151452536467,-0.029733569679794306
real legitimate,,1.1439674562151052,0.13940728931443042
real legitimate,,1.1240336982391255,-0.2514215307215486
real legitimate,,1.160064166381676,-0.08356681057726857
real legitimate,,1.144489059574326,-0.281527388948444
real legitimate,,1.2061150880876659,1.097363535244889
real legitimate,,1.1163624557813736,0.15637795003213334
real legitimate,,1.1501368271958572,-0.2517765459983165
real legitimate,,1.1361491073435137,-0.2659168382779744
real legitimate,,1.1370767232751462,-0.019411240696530066
real legitimate,,0.9620235082144755,-5.05200605155156
real legitimate,,1.166271512464584,0.355149301201901
real legitimate,,1.132846627905134,0.6301558670652564
real legitimate,,1.092651282186919,0.20823975041080345
real legitimate,,1.1517071770766147,-0.7061940539814694
real legitimate,,1.1084819652562954,0.2664305306730511
real legitimate,,1.1212963639739166,-0.38488413115591497
real legitimate,,1.0847908544605946,0.0017961808903749071
real legitimate,,1.0930092573029622,-0.04402095559216562
real legitimate,,1.132611239057524,-0.20179678368686937
real legitimate,,1.1175495548493368,-0.46586324051944095
real legitimate,,1.1407132306008367,-0.19005024430911094
real legitimate,,1.1348049845660708,0.24164884523733182
real legitimate,,1.1793388654958452,0.15014937898870012
real legitimate,,1.1710538802317703,-0.34112885008489324
real legitimate,,1.1362023479433097,0.299324804060519
real legitimate,,1.1763943880351353,-0.08964362334924152
real legitimate,,1.1647822028663142,0.26130991891524424
real legitimate,,1.2362273271564825,-0.09903822482638798
real legitimate,,1.2669932352068607,-4.684541715752296
real legitimate,,1.1729774188596416,0.8249483731821149
real legitimate,,1.1148616807641683,0.2682117759676419
real legitimate,,1.1166862925200354,0.03708127751655303
real legitimate,,1.1206133959622113,-0.9722389541340902
real legitimate,,1.1162493499519286,-0.6107180691671504
real legitimate,,1.1512260080126124,0.08984185207585314
real legitimate,,1.1397029527836318,-0.1066182975675308
real legitimate,,1.0922681193081425,-0.2177619327654003
real legitimate,,1.4009578888126033,-1.8903900460045104
real legitimate,,1.1104244903647207,0.023381362771528483
real legitimate,,1.1283391421725983,0.1548895002541833
real legitimate,,1.1154839929894433,-0.4121348011000622
real legitimate,,1.157621345552158,0.5316567748327279
real legitimate,,1.1414705205391669,0.02997932558044135
real legitimate,,1.1476933171125354,-0.17032111278984707
real legitimate,,1.1208610806160075,-0.26844575583635355
real legitimate,,1.159052549412988,-0.18349808790045008
real legitimate,,1.123970796110257,0.1760059475101695
real legitimate,,1.1512618521895088,0.07093593485197418
real legitimate,,1.1702303935911473,-0.40638339931223577
real legitimate,,1.1397513526787497,0.5583357579413428
real legitimate,,1.1229657000022848,0.3498739289073082
real legitimate,,1.155989314180422,-0.14182519447280525
real legitimate,,1.2014240460417824,-0.17183653038213242
real legitimate,,1.1608372663508923,0.06472644750773064
real legitimate,,1.1432677337484598,0.04518556708802422
real legitimate,,1.1466723425834215,-0.3149347945712021
real legitimate,,1.1638936058375493,0.008139375791259479
real legitimate,,1.1559135676619734,0.3639146795849738
real legitimate,,1.1526320545267563,0.47242694284563036
real legitimate,,1.1503093263353072,-0.17570584385866472
real legitimate,,1.084420406026635,-0.15337034633141705
real legitimate,,1.1334838282965107,0.03014574369902269
real legitimate,,1.163495431278191,0.6501756526490324
real legitimate,,1.114827668281689,-0.06228055984729865
real legitimate,,1.119191289310517,-0.023790789253492664
real legitimate,,1.1683920351826171,-0.23048227635642332
real legitimate,,1.1293213443376677,0.19357563209572431
real legitimate,,1.1268899938851316,0.37645394239532587
real legitimate,,1.1166199249244797,0.23837994211941138
real legitimate,,1.1547734725433696,0.03728061282535074
real legitimate,,1.1474042096797206,-0.2857364930768968
real legitimate,,1.1476304646547968,0.1411358750278126
real legitimate,,1.1521689390181051,0.05731122201097531
real legitimate,,1.1584062649789006,0.0653412399921655
real legitimate,,1.1388051317295727,-0.16169561614492378
real legitimate,,1.1547523445761043,0.5091102016104931
real legitimate,,1.22408890853166,-0.10609069330002287
real legitimate,,1.1086989845884878,0.22650231504672103
real legitimate,,1.1558758634840605,0.20956880636441516
real legitimate,,1.1436821168177886,0.29285438278312725
real legitimate,,1.2579378549911042,1.3481773343188785
real legitimate,,1.1395039341823403,0.24814863937188725
real legitimate,,1.150685932445997,-2.393431482676634
real legitimate,,1.1189264062120206,-0.18470013610457153
real legitimate,,1.060263588975163,-2.8606814016199875
real legitimate,,1.1857194719311388,0.7199283890951427
real legitimate,,1.0868547964935091,0.21802223096680412
real legitimate,,1.164940129490567,-0.7708312310881773
real legitimate,,1.1506093137355564,0.13699894207212554
real legitimate,,1.1398386518314014,0.12126171415985708
real legitimate,,1.1601593053235204,0.45090621175144086
real legitimate,,1.1513645517560303,0.1653384230056288
real legitimate,,1.1262626818296892,0.30884674671513224
real legitimate,,1.171481723875678,0.22635504639202841
real legitimate,,1.1592164528938615,-0.33022767076065734
real legitimate,,1.111063147403737,-0.5004100829304448
real legitimate,,1.1439048823458748,0.04592963423898623
real legitimate,,1.1539771618379866,-0.307260976890552
real legitimate,,1.1775108489731219,-0.2960818020942673
real legitimate,,1.1531194929311934,0.630117359854473
real legitimate,,1.160458743498646,-0.19891617450252086
real legitimate,,1.13356437192342,-0.0012808400128168224
real legitimate,,1.1590186742208777,-0.04364492854647063
real legitimate,,1.115077247026948,-0.03456979248169886
real legitimate,,1.1465458323322024,0.4304185734073912
real legitimate,,1.09431869308111,-0.18488741937175446
real legitimate,,1.1380525200405862,0.7212303281630469
real legitimate,,1.1027030815784977,-1.2076873427937156
real legitimate,,1.1518405624689532,0.13615012510530922
real legitimate,,1.119761564824688,0.6133239684140993
real legitimate,,1.2197353770721096,0.7878890799244315
real legitimate,,1.13260611173224,0.2597467391159473
real legitimate,,1.1396076526546541,-0.06423910012146157
real legitimate,,1.1426360759257934,-0.25874184751035006
real legitimate,,1.1682407559059984,0.25868578389185676
real legitimate,,1.145148185052948,-0.22121172238784692
real legitimate,,1.0969388375727536,-0.9244922288041209
real legitimate,,1.1258818815542198,0.06823838043453549
real legitimate,,1.240981297053744,-0.6784199612063818
real legitimate,,1.1310224079578557,-0.019548087628580416
real legitimate,,1.137618689114901,0.06390443300755098
real legitimate,,1.0474350609166607,-0.8571116085030608
real legitimate,,1.0792428103401328,0.34264442650120197
real legitimate,,1.1957052787134077,0.27446061886890205
real legitimate,,1.083642841271906,-0.05086341653826866
real legitimate,,1.136445025866417,-0.15977022898144622
real legitimate,,1.1415109142930944,-0.3023004731461514
real legitimate,,1.1431400709161954,-0.11186854451434498
real legitimate,,1.143342506041415,-0.32534523854893
real legitimate,,1.1874437396409607,0.4514531060410998
real legitimate,,1.1864184578472423,0.4354942564983372
real legitimate,,1.150443206651421,0.27347990147690654
real legitimate,,1.163898711642063,0.3750498117413733
real legitimate,,1.1391098953344911,-0.08615798265163029
real legitimate,,1.1468989667908596,0.542426819172486
real legitimate,,1.0732333905664335,1.9321204301493244
real legitimate,,1.140560933338624,-0.40032193995531073
real legitimate,,1.156067624698045,-0.0062218313370680095
real legitimate,,1.111738817793037,-0.3290844840673425
real legitimate,,1.1577678715251978,-0.17559982730847912
real legitimate,,1.1337277886105595,0.45723920174602184
real legitimate,,1.0786901128707154,0.2486123974491114
real legitimate,,1.1287725009813847,-0.12102711716871341
real legitimate,,1.0477513386958393,0.033700874871941
real legitimate,,1.1549491493993191,-0.011642754272897612
real legitimate,,1.131716335373767,0.09209036432565205
real legitimate,,1.1477433582550083,0.1489973064161108
real legitimate,,1.1166509101858222,-0.02037705822416412
real legitimate,,1.0895940527839505,-0.21839844939839548
real legitimate,,1.1462706420586342,0.16392601413548835
real legitimate,,1.1783894085314464,0.43554459990079963
real legitimate,,1.1461926679791257,0.18787760491383432
real legitimate,,1.129218712285902,0.047891941584821116
real legitimate,,1.1303913017821465,-0.0015469591352105377
real legitimate,,1.1495008168111318,-0.18600894229349008
real legitimate,,1.1674446457053058,0.22168269388685807
real legitimate,,1.1575526026359972,0.40185958141915923
real legitimate,,1.117034592414074,0.07985584876461653
real legitimate,,1.1321619868082877,-0.09433659866409634
real legitimate,,1.1382395338342266,0.08438983300445173
real legitimate,,1.1219071869860386,0.37085598944488274
real legitimate,,1.1509030611623101,0.23864393005668577
real legitimate,,1.1197397178916022,0.1994772396990956
real legitimate,,1.147664326760259,-0.21568135272928163
real legitimate,,1.1411388930285589,0.362221524095715
real legitimate,,1.1413912752814497,-0.04456819499491274
real legitimate,,1.160636078708685,-0.19048416458295692
real legitimate,,1.1417226172332082,0.542330849529356
real legitimate,,1.1456634501028071,0.4589600444332371
real legitimate,,1.1607095373948464,-0.24305364284207298
real legitimate,,1.1616867158836506,0.575891862717995
real legitimate,,1.1849449422834308,-0.14882830798287294
real legitimate,,1.1334218051279694,0.015148590371428947
real legitimate,,1.1821189252815856,0.2641341595158199
real legitimate,,1.0985335371545655,-0.09368112835942612
real legitimate,,1.136639542325106,-0.006354273058709073
real legitimate,,1.1298921098776304,-0.33773638690410673
real legitimate,,1.1355116234881621,0.12619496437798094
real legitimate,,1.1322156305318036,-0.25015723096515446
real legitimate,,1.135395802103578,0.019264689503502783
real legitimate,,1.1299023335237153,0.10153335187139871
real legitimate,,1.1296539498659466,-0.023907906582782315
real legitimate,,1.1458346590923247,0.38010648300250927
real legitimate,,1.1113662820699457,-0.27943100707898844
real legitimate,,1.153579232313375,0.48226320036576487
real legitimate,,1.0521585240589242,-2.6772462565888198
real legitimate,,1.1185310044411292,-0.00524452896851281
real legitimate,,1.0988723645236012,-0.06154320289616336
real legitimate,,1.1538187931874773,0.22036250888689324
real legitimate,,1.1072858071521372,0.062374184353702664
real legitimate,,1.1621594241427258,0.1084518120937074
real legitimate,,1.0979641772583721,-0.6121257301887975
real legitimate,,1.0854654008286113,0.07139971713629777
real legitimate,,1.1446713819647023,-0.13568121653942056
real legitimate,,1.139748972479369,0.22192221403654777
real legitimate,,1.1427361259345727,-0.2907919469831793
real legitimate,,1.1133524732571058,0.03343915671350177
real legitimate,,1.1636058158667586,0.23770066743910284
real legitimate,,1.2317985936563267,-1.1103703060417591
real legitimate,,1.1630902525554094,-0.30014507723670525
real legitimate,,1.1229940417339033,-0.18480835683590086
real legitimate,,1.1502315590716445,-0.008980725170425682
real legitimate,,1.1080055444621155,0.14682166518586376
real legitimate,,1.1440628191756714,0.2673356401906164
real legitimate,,1.1434696507325817,-0.1763223885219245
real legitimate,,1.1897657035524125,0.28471942473741174
real legitimate,,1.1389736704938285,-0.1419189618545449
real legitimate,,1.1143335275540411,0.007406884254782017
real legitimate,,1.137887506954613,-0.18725120450134342
real legitimate,,1.1590490355058272,0.14866369035174437
real legitimate,,1.1083440573282766,-0.0457453410474888
real legitimate,,1.166490834214915,-0.37337424655743456
real legitimate,,1.173060075757784,0.17280904265147912
real legitimate,,1.160357553448153,-0.32337317270598426
real legitimate,,1.0859386733628995,0.47024677056156716
real legitimate,,1.084383482210963,0.03297893530859673
real legitimate,,1.2445638310940628,-1.5709143323614188
real legitimate,,1.172007567345968,-1.4370211448998331
real legitimate,,1.1755112798757033,0.020098367495202565
real legitimate,,1.110986636762336,0.19491231827827804
real legitimate,,1.1504420420599397,-0.17362393701937623
real legitimate,,1.1715225395477202,-0.2449474710815001
real legitimate,,1.1383275717366776,0.23525524014178428
real legitimate,,1.1440770520861074,0.07169805812295567
real legitimate,,1.236044618355929,0.7088738435866088
real legitimate,,1.1360068136811323,-0.15866588733221176
real legitimate,,1.1113538457073546,0.023660485912793475
real legitimate,,1.147611548658011,-0.027687430851388653
real legitimate,,1.1252196804566188,-0.1445647578622628
real legitimate,,1.385131725747814,-8.010100997348856
real legitimate,,1.1429243704518868,0.11154163546069919
real legitimate,,1.1746439344145942,-0.04889248603721498
real legitimate,,1.1167471917801275,-0.3545112989426642
real legitimate,,1.1710813451288038,0.467855808358413
real legitimate,,1.1308923194849085,0.33002569690721617
real legitimate,,1.1218787191350175,-0.2381107008720434
real legitimate,,1.1561367674192151,-0.06211687341864748
real legitimate,,1.1333370040037374,0.21582532485478922
real legitimate,,1.1535034202217207,-0.15890338285907868
real legitimate,,1.142309335368846,0.2722330292316049
real legitimate,,1.0637487950496627,1.0830322204281924
real legitimate,,1.138172001213834,-0.003876267649252349
real legitimate,,1.1369736743013956,-0.5160446141985863
real legitimate,,1.1345553611272914,0.13909677830199968
real legitimate,,1.182458007063649,0.7640394743420795
real legitimate,,1.1931712961523788,0.7009512351050153
real legitimate,,1.097859755319637,-0.1437096533775417
real legitimate,,1.1043805720253081,-0.41004518685905067
real legitimate,,1.1431959762897286,-0.13692543692415532
real legitimate,,1.143348403616133,-0.583094607071337
real legitimate,,1.1304753741536044,0.6865617553409085
real legitimate,,1.149434256473278,-0.0694119132727762
real legitimate,,1.185064376020972,-0.48658885721076406
real legitimate,,1.1324758399428934,-0.05461646731666138
real legitimate,,1.1313697111199414,-0.10192446523473424
real legitimate,,1.1401486864686428,0.07276718516077162
real legitimate,,1.1206522947784963,-0.34067317743842673
real legitimate,,1.1165285336697741,0.13950561836833997
real legitimate,,1.183219281723843,0.6815302948910177
real legitimate,,1.1464519994786906,0.44904037898133753
real legitimate,,1.1183842033187734,-0.1007063298496604
real legitimate,,1.1653452128566908,-0.23973279094706684
real legitimate,,1.1041808732931657,-0.32647161800371605
real legitimate,,1.118320934420412,0.055804081381594525
real legitimate,,1.1404498695934326,-0.213287599380801
real legitimate,,1.1325715939900458,0.03754002609394773
real legitimate,,1.1619639857420943,-0.35478856070698683
real legitimate,,1.1469957871421699,-0.5643551620322449
real legitimate,,1.122644061046281,0.0391075460140438
real legitimate,,1.0613798344355965,0.7556544499795628
real legitimate,,1.135860499792152,0.05334157717618647
real legitimate,,1.1729965032109806,-0.1993521709787831
real legitimate,,1.1512411384643404,-0.34831126750892083
real legitimate,,1.1474403359542475,0.5080163578007534
real legitimate,,1.1539541613589321,-0.2636873113132646
real legitimate,,1.063420397776094,-0.011496993459009244
real legitimate,,1.1296297905832713,-0.03588985325894885
real legitimate,,1.1297393815623695,0.30076677186533785
real legitimate,,1.1325977915599612,0.010606517089828973
real legitimate,,1.1566407095969002,0.1693009765334207
real legitimate,,1.1302848131104852,-0.1648367860303545
real legitimate,,1.1493745350461504,0.03704839328913005
real legitimate,,1.1345111769645484,0.2346915025120931
real legitimate,,1.1386602089877151,0.008601348464695832
real legitimate,,1.1203959394108405,0.024187119326466652
real legitimate,,1.2152194426133651,-1.7215334861163853
real legitimate,,1.1383507100818262,0.009786647355042907
real legitimate,,1.1205030050761071,-0.019484243320325986
real legitimate,,1.144124529743556,-0.24049004234669485
real legitimate,,1.1681298448686523,0.13653418297870834
real legitimate,,1.1566040133445545,0.19505006335242514
real legitimate,,1.143255615605059,-0.15853378401663415
real legitimate,,1.1755091832387805,0.17071644526685115
real legitimate,,1.107807965301953,0.6575539580130787
real legitimate,,1.0956968969477323,-0.7366118623235942
real legitimate,,1.1548933634835663,0.15876043072438784
real legitimate,,1.128554103625578,-1.5718057446816989
real legitimate,,1.1435509623521325,-0.22803950792782912
real legitimate,,1.0998400511185014,0.3143067470235527
real legitimate,,1.1321280900960107,0.045986411900178034
real legitimate,,1.1406843795604695,0.19585232033051814
real legitimate,,1.1574288949151266,-0.06493092747961966
real legitimate,,1.1343676532999774,-0.40219428103121246
real legitimate,,1.1077551536678578,0.3784405559250847
real legitimate,,1.1466273356052747,-0.3172346050025466
real legitimate,,1.1177149362712362,0.3133299342489085
real legitimate,,1.1486385777525703,0.043806731238212035
real legitimate,,1.1530347733065431,-0.3654271285838169
real legitimate,,1.1015057564133097,-0.33880873298601405
real legitimate,,1.1425519093964978,0.9374383739414185
real legitimate,,1.15363840101644,-0.27850522272825806
real legitimate,,1.115665938359574,0.15466827473603362
real legitimate,,1.1210008645598903,0.23409477944753831
real legitimate,,1.1458943648431674,-0.29610376851454645
real legitimate,,1.1375288520919205,-0.3262686168693981
real legitimate,,1.1493596590913089,-0.3077796633376507
real legitimate,,1.1362365477177683,-0.14067623732189422
real legitimate,,1.1241381437517286,0.0633431402040041
real legitimate,,1.1409436265640633,0.009972516969809317
real legitimate,,1.152616949296137,-0.02957322165659078
real legitimate,,1.0963434958950655,0.34986388238610866
real legitimate,,1.113141644460307,0.186644344614723
real legitimate,,1.1557856650365708,0.20795324268918047
real legitimate,,1.1533873395925407,0.4894874735644673
real legitimate,,1.154310147504459,0.2086255891930422
real legitimate,,1.1445106699495786,-0.053904742686623805
real legitimate,,1.164565110188922,0.3886540124530149
real legitimate,,1.123181443815469,0.06195971898000187
real legitimate,,1.1479604277371975,0.17783549818468491
real legitimate,,1.1714576886898864,0.1370185653664397
real legitimate,,1.1068774822228697,-0.1544839802553335
real legitimate,,1.1274530890715253,-0.019408690189911412
real legitimate,,1.139653274773741,0.5444430304934526
real legitimate,,1.1507570240268303,-0.1781466884391023
real legitimate,,1.150141745350194,0.3973490577623304
real legitimate,,1.1488348478621808,-2.358207316291818
real legitimate,,1.1319493636046656,-0.40548265470523565
real legitimate,,1.1542647726440962,0.5335391969576777
real legitimate,,1.1169110149789911,0.5902513706614251
real legitimate,,1.1428563667440033,0.17266865617944405
real legitimate,,1.1579989074855512,0.14122043248820004
real legitimate,,1.1441248401193826,0.06989151550069127
real legitimate,,1.1711939510087865,-0.22849643179709617
real legitimate,,1.0995035715322907,0.7905346896938652
real legitimate,,1.173201077103193,0.6003231706182994
real legitimate,,1.1102830089257598,0.17421474182545438
real legitimate,,1.138270280388309,0.05749191000783947
real legitimate,,1.104507196562407,0.355264845497415
real legitimate,,1.157735599341566,3.7216906792758415
real legitimate,,1.169205070828457,-0.21218770644149648
real legitimate,,1.2165284638073457,0.7483540861130519
real legitimate,,1.148382559218704,0.048945726909839435
real legitimate,,1.154799529468241,0.33891009211685674
real legitimate,,1.165954289434005,-1.2040970138466938
real legitimate,,1.1429207817018567,-0.17105942063571988
real legitimate,,1.1486185787832643,-0.05075021359889066
real legitimate,,1.1304384261145448,0.07905001282002448
real legitimate,,1.132736324175847,0.030673920645375538
real legitimate,,1.1205561550666974,0.08982835927424714
real legitimate,,1.1303088615683914,-0.051145500899956384
real legitimate,,1.1573320593405216,0.3102280515133688
real legitimate,,1.0984115131498453,0.03804024994471088
real legitimate,,1.1482218034707117,-0.2516807553480382
real legitimate,,1.1423022446828643,0.2846674374740408
real legitimate,,1.1458127746008753,0.023274212932003144
real legitimate,,1.1544765173755702,-0.11205156169456759
real legitimate,,1.1333543062737723,0.026740895890115954
real legitimate,,1.1227926252428093,0.3180465907088812
real legitimate,,1.1686119640596733,0.25337562415666515
real legitimate,,1.1571753794916144,0.37220640098338875
real legitimate,,1.151809991228138,-0.016544814125173515
real legitimate,,1.202819699392009,-0.24589091364343935
real legitimate,,1.1310641702115936,-0.27041998708272
real legitimate,,1.1584532934429599,-0.27571491634256223
real legitimate,,1.1385163047862168,-0.5861659587996951
real legitimate,,1.1272417763016247,0.17175182319652377
real legitimate,,1.1181921083396031,0.030594532580335607
real legitimate,,1.1120130661793288,0.21286378901352515
real legitimate,,1.1503369279917717,-0.11517677966456775
real legitimate,,1.1526066268367425,-0.6852772702497879
real legitimate,,1.1711870455857702,0.04385876854502667
real legitimate,,1.1302982707536877,0.08584254524973105
real legitimate,,1.160583075806445,0.20823071050433617
real legitimate,,1.1690149274913804,0.02240048952849326
real legitimate,,1.121182114407141,0.007242325602989527
real legitimate,,1.1303937462014768,0.6126266466965488
real legitimate,,1.1471823317615506,0.10221450348613019
real legitimate,,1.169062275939777,0.6132183531044193
real legitimate,,1.1206384234008995,0.09417246497718872
real legitimate,,1.1538988331214524,0.08835987618176737
real legitimate,,1.1306931924836205,0.268196098233181
real legitimate,,1.1276344111066525,-0.012467435192332135
real legitimate,,1.1572130877056936,-0.15133990826152244
real legitimate,,1.1083030480292133,-0.03312572105012952
real legitimate,,1.0619903975833274,-1.7162712264980935
real legitimate,,1.1718319734157674,0.5679800923864797
real legitimate,,1.14033185283026,-0.018937298016816942
real legitimate,,1.1524605558283145,0.25441770830619165
real legitimate,,1.1730814998836638,0.22053877724309434
real legitimate,,1.1398831523650819,-0.2234299403376495
real legitimate,,1.1272329434383983,0.23479260411810154
real legitimate,,1.1511356202326934,-0.10911653507506676
real legitimate,,1.1471882587158415,0.11418085850240063
real legitimate,,1.1315406282560918,-0.11710558003551581
real legitimate,,1.1303598654267792,-0.09724870321036526
real legitimate,,1.0904579978817186,-0.26913303286860585
real legitimate,,1.1511138431877783,0.15570056445316205
real legitimate,,1.0993485953928117,-0.19109346109562847
real legitimate,,1.1474978195650198,-0.34257216525760875
real legitimate,,1.135741122361104,0.4397935831744191
real legitimate,,1.1231748443865919,-0.02074637768055336
real legitimate,,1.135582448184707,-0.004703198236323161
real legitimate,,1.1669095604814597,-0.05775929775337711
real legitimate,,1.13085074290288,-0.09785093819774972
real legitimate,,1.1468369444088151,-0.2459353484046491
real legitimate,,1.1429545708626656,0.24684011802495576
real legitimate,,1.130355322921126,-0.22811400483831717
real legitimate,,1.0988763541631255,-0.548039587093999
real legitimate,,1.1518711397912833,0.19068764184644582
real legitimate,,1.1440645997700711,0.27110421461553547
real legitimate,,1.132984817342736,-0.038524962935316834
real legitimate,,1.1398678578155443,4.458699193136562
real legitimate,,1.1208628043449846,-0.4586346072967382
real legitimate,,1.1034278218324958,0.25796197816054434
real legitimate,,1.1113886899788765,-0.05875173013190331
real legitimate,,1.1211003815920615,0.1097603784511229
real legitimate,,1.1696517373584765,0.22863251974887222
real legitimate,,1.1343543456418554,-0.14595276004942548
real legitimate,,1.1585290814049813,-0.1305584934245917
real legitimate,,1.158408659877555,0.6405484132691538
real legitimate,,1.1291872567774215,-0.3606197120743973
real legitimate,,1.1097924769583938,0.3488044309721625
real legitimate,,1.2008369858355539,0.27986513092075704
real legitimate,,1.1392901197614909,-0.12471955516903573
real legitimate,,1.1756813914141582,0.17756834980192004
real legitimate,,1.185277616930587,0.46058764405861163
real legitimate,,1.1444722229355873,-0.7232469886087384
real legitimate,,1.1223358942289714,0.13713979282425437
real legitimate,,1.1364772288685268,0.04544031059062968
real legitimate,,1.1625202866509938,0.3392096166133013
real legitimate,,1.2050427863121547,-0.04234711800097153
real legitimate,,1.161925978823207,-0.28062005794891054
real legitimate,,1.1271569763657707,0.43726345135988753
real legitimate,,1.13531393502273,-0.24994474116328397
real legitimate,,1.1656829455052158,0.16508931310526065
real legitimate,,1.1603360862381709,0.47113768947972134
real legitimate,,1.1565689737557674,0.5749906602423939
real legitimate,,1.1471200890940092,0.05800606611219368
real legitimate,,1.1490192050008063,-0.041011288552121675
real legitimate,,1.147321626053372,-0.10665533747765017
real legitimate,,1.1442154510169635,0.22564140957032286
real legitimate,,1.1157934063304868,0.10533725512576873
real legitimate,,1.1226425908559914,-0.0024960623400418908
real legitimate,,1.1362987390510892,-0.01824176220465186
real legitimate,,1.1458040751486744,0.15838544480727884
real legitimate,,1.1416147296372754,-1.5199521540171692
real legitimate,,1.082267881517631,-1.1543184584167792
real legitimate,,1.1028511453482772,0.33137591149935197
real legitimate,,1.1301248150874477,-0.03087493878029196
real legitimate,,1.1354245334468038,-0.1385060549379596
real legitimate,,1.1092193254291995,-0.1760901582123905
real legitimate,,1.1307400828585839,-0.523986040849893
real legitimate,,1.1247565029469992,0.0354316803396426
real legitimate,,1.2354159008589074,0.3034133541466972
real legitimate,,1.212927855388423,0.3947351046368782
real legitimate,,1.1367849076147316,-0.12212896831043617
real legitimate,,1.163779337266083,0.09345092490257932
real legitimate,,1.1347638699927882,0.01459965662022486
real legitimate,,1.134594549044507,0.04711774626156938
real legitimate,,1.1347409465856253,-0.18798197596085037
real legitimate,,1.120916337901718,0.45098846019983796
real legitimate,,1.141261606164914,0.08291240484179051
real legitimate,,1.152359691668909,-0.18229389634762933
real legitimate,,1.1310423663337459,0.7098304829880234
real legitimate,,1.1319730406701274,0.015561979567501424
real legitimate,,1.1327145561141974,-0.08379099787160256
real legitimate,,1.1343459237328868,0.33566341335941774
real legitimate,,1.1327314879089547,-0.48466774517325306
real legitimate,,1.1168375477434989,0.039909494786235664
real legitimate,,1.1508960996492497,-0.2249046189807285
real legitimate,,1.1069162317025052,-0.10141101354332317
real legitimate,,1.1359011095810099,-0.004096603027552895
real legitimate,,1.1779035790012298,0.5199796605568645
real legitimate,,1.117558722937361,0.2994299037016213
real legitimate,,1.0744647844297524,-1.1276288295688954
real legitimate,,1.122594705700249,0.08272757333251078
real legitimate,,1.0962123937969468,0.36563925836032996
real legitimate,,1.1341976386398425,0.14273285065856567
real legitimate,,1.1407608991043832,0.6502483538651042
real legitimate,,1.0652271982475567,-2.6216282373192135
real legitimate,,1.232334533012808,0.8365248367703628
real legitimate,,1.1571374506390892,0.4137470119080955
real legitimate,,1.1382512389250445,-0.22576174519278253
real legitimate,,1.127597684822157,0.14110371509145359
real legitimate,,1.1219628492638205,-0.3859841215299131
real legitimate,,1.1341927718850107,0.021599131906730004
real legitimate,,1.1178412259461215,0.15298991518946797
real legitimate,,1.139293291266946,-0.12847244456822654
real legitimate,,1.1254278757442877,0.22944073109082808
real legitimate,,1.1454024057400158,0.031606115179737534
real legitimate,,1.1551001022619896,-0.0907089051981367
real legitimate,,1.1279883791219836,-0.1956415757255181
real legitimate,,1.0987848239700257,-0.61911235619803
real legitimate,,1.143112151196006,-0.03020422044235123
real legitimate,,1.1553518147743747,-0.16626046859581262
real legitimate,,1.098254557356059,0.24738835836837958
real legitimate,,1.1521355384617336,-0.22915271889074423
real legitimate,,1.132683615861371,-0.07082077514015565
real legitimate,,1.1356447579533913,0.4344267802932844
real legitimate,,1.1329879635801345,0.22538752372990034
real legitimate,,1.1298456064344293,0.20595503738795068
real legitimate,,1.1566642661138027,-0.8529700883912729
real legitimate,,1.1080294842763538,-0.23267856127949083
real legitimate,,1.1543831964979603,-0.17745301377612582
real legitimate,,1.1319295273570529,1.0570379018732508
real legitimate,,1.155508851740403,-0.2559194089278305
real legitimate,,1.1687077460012456,-0.3485152124294564
real legitimate,,1.0542484117033166,-0.274167582017143
real legitimate,,1.16634213711095,-0.18739561437314411
real legitimate,,1.1874572028937342,-0.014599900724008949
real legitimate,,1.1223863510669243,0.09121821597440015
real legitimate,,1.1433162788260969,0.4091772110565018
real legitimate,,1.1006263188897547,0.07191777381317534
real legitimate,,1.1353128625730222,-8.00565674087148
real legitimate,,1.0467391968598618,0.09897730436384243
real legitimate,,1.0961853269613278,0.36203596736285315
real legitimate,,1.1521902703285862,-0.2934349377388109
real legitimate,,1.1549109905094088,-0.4080391530084885
real legitimate,,1.1955214092601172,-0.00978764108541856
real legitimate,,1.1774994838995132,0.3101341540245022
real legitimate,,1.162051925037448,0.0701066120381411
real legitimate,,1.0646941375919636,-1.7246399381652069
real legitimate,,1.225926780985661,-0.5253837376214225
real legitimate,,1.1455485862278971,-0.0016808042648570748
real legitimate,,1.1034065691685795,0.03938454857637287
real legitimate,,1.1476218613493772,-0.3357435950695383
real legitimate,,1.1497864480666231,0.16345663095452284
real legitimate,,1.1235429107424748,0.1703543242049353
real legitimate,,1.1021922287681702,-0.0397809226375951
real legitimate,,1.1256960218056107,0.22480074956757023
real legitimate,,1.1327793561751665,-0.0942080523144669
real legitimate,,1.1298406810682722,-0.415965634799665
real legitimate,,1.1410364366963899,-0.22328386606585332
real legitimate,,1.3861075892202939,-1.0107065415353127
real legitimate,,1.1833451964940744,0.6924718703418432
real legitimate,,1.1063156014933768,0.1868865774951151
real legitimate,,1.1665628485681416,-0.11738330417953126
real legitimate,,1.183166426618925,-0.6376726156491633
real legitimate,,1.134567705728359,0.19283842276838986
real legitimate,,1.099494437983399,-0.3687437670514084
real legitimate,,1.1446770442822631,-0.16661974796088208
real legitimate,,1.153404869715058,0.3834994738550232
real legitimate,,1.1086402004733744,0.3033113247602364
real legitimate,,1.1494730650089247,-0.2577523587596196
real legitimate,,1.1303579854116328,-0.20269551707313654
real legitimate,,1.174105142828297,-0.7639677984077009
real legitimate,,1.1452856754397633,-0.5189111932472308
real legitimate,,1.1436616265023207,0.17144642172744562
real legitimate,,1.1467518879002951,0.0903229587571923
real legitimate,,1.131653687720928,0.12573794605771316
real legitimate,,1.140825566542684,0.06680083512812716
real legitimate,,1.1152531471138762,-0.1778916658046344
real legitimate,,1.1664433914233205,0.6127222569691458
real legitimate,,1.1301005941698081,0.036121899137585164
real legitimate,,1.1247815202602691,-0.08201436505206931
real legitimate,,1.1748970646478987,0.38778054099647635
real legitimate,,1.154340821976396,-0.21303091120892143
real legitimate,,1.1339303202143607,0.008782017501822156
real legitimate,,1.1505593403220886,-0.18520459006085743
real legitimate,,1.1386110036628707,0.058646707405946505
real legitimate,,1.1554844338808183,-0.28876937661155366
real legitimate,,1.1209246614031403,0.07951937917564313
real legitimate,,1.158232284767393,-0.15198749038078607
real legitimate,,1.150387608178902,0.3425313275255746
real legitimate,,1.1279406418637083,0.10784512672359868
real legitimate,,1.1571401309757776,0.04986872251370182
real legitimate,,1.1448861833570487,-0.10077677716152607
real legitimate,,1.1170412849719336,0.2277683712198172
real legitimate,,1.1509801898170484,0.13632231582138243
real legitimate,,1.1574490067275915,0.010503023128926994
real legitimate,,1.1271746923015464,0.029182200201209804
real legitimate,,1.1372660496953493,0.5148252578753358
real legitimate,,1.494601598795517,0.6216501152015228
real legitimate,,1.1422780195489235,-1.4804455401788008
real legitimate,,1.1238465899440966,-0.48458768434016763
real legitimate,,1.1604979974478755,-0.04612644670546186
real legitimate,,1.1496726847812475,0.04196016814261748
real legitimate,,1.1826640960723933,0.3310111872472652
real legitimate,,1.1437456427954056,-0.02537772656020111
real legitimate,,1.098547622516997,0.17345308215304306
real legitimate,,1.1201040838898353,0.18707702217070876
real legitimate,,1.1219881052465632,-0.4109327466693605
real legitimate,,1.123825993997382,0.043764931991523634
real legitimate,,1.1324157923504377,0.340406998096961
real legitimate,,1.1370162921701086,-0.06407058131039779
real legitimate,,1.1460044841189787,-0.21966344352149436
real legitimate,,1.1327740346297916,0.13250439050353596
real legitimate,,1.0946224416488068,-0.2540416608782386
real legitimate,,1.1551333935739845,1.0686835053936958
real legitimate,,1.1434535632728529,0.006396364465965129
real legitimate,,1.2045296822103149,0.4980771666071111
real legitimate,,1.129774371653719,-0.12628419283697911
real legitimate,,1.137244230329827,-0.018107973015470527
real legitimate,,1.1559049483905874,-0.1530324626557687
real legitimate,,1.1625572889280726,-0.326228151290346
real legitimate,,1.1511710837299103,-0.21927032089200438
real legitimate,,1.1370053893727634,0.006198607235686035
real legitimate,,1.1421922605937795,-0.4882692049407962
real legitimate,,1.137119374352211,-0.0380672354963683
real legitimate,,1.130438906024608,-0.191553128397691
real legitimate,,1.1445322836787688,-0.14346596348781582
real legitimate,,1.1214848093667913,-0.1527271693394086
real legitimate,,1.1470955370281941,-0.03940857003678534
real legitimate,,1.0766932710276707,-0.36930346494156896
real legitimate,,1.145902580380288,-0.0003290206108633037
real legitimate,,1.135701336143424,0.016243049826991637
real legitimate,,1.1391970347942326,-2.8216200873863704
real legitimate,,1.1278557395776407,-0.12336039465356025
real legitimate,,1.1277899005892518,-0.04962444479477532
real legitimate,,1.140855058807002,0.029257964414019275
real legitimate,,1.1394230825923954,0.4539632427452016
real legitimate,,1.1322343426187318,-0.06470252948369606
real legitimate,,1.094633689160574,0.06105878416475345
real legitimate,,1.1275359464992505,0.34556059289759844
real legitimate,,1.1464696800501604,0.0952068081508438
real legitimate,,1.1299215223030683,0.05175397473071651
real legitimate,,1.1339023882717725,-0.28014194397704534
real legitimate,,1.1322976286925974,0.03638855405145568
real legitimate,,1.1292945377759633,0.10323569074553217
real legitimate,,1.1319961265633798,0.024727001458037787
real legitimate,,1.1433088401716098,-0.21637240556662285
real legitimate,,1.0973434868038145,-0.8514723225897898
real legitimate,,1.1192963395150266,0.07654962315079293
real legitimate,,1.1275377862158766,-0.21346496059447484
real legitimate,,1.1366548841686033,-0.2671722506377217
real legitimate,,1.1238466014375297,0.0021722165711593883
real legitimate,,1.1361349598270607,0.026073267522963225
real legitimate,,1.137568704482396,0.2552701994687007
real legitimate,,1.1543339731613427,-0.19315739259830567
real legitimate,,1.1330492873905276,0.044754150849454985
real legitimate,,1.124703196008665,0.08953559522542519
real legitimate,,1.1562254939670442,0.13670723403571206
real legitimate,,1.1249191368724456,0.026668472078095737
real legitimate,,1.1445492764573317,-0.08608351606313905
real legitimate,,1.1110925085239798,0.07662234157372395
real legitimate,,1.1742462867679235,0.483865757214327
real legitimate,,1.1310988501385717,-0.03360124303666723
real legitimate,,1.137784309588083,0.13997749967288364
real legitimate,,1.1417715538422424,-0.3034024437072448
real legitimate,,1.1551890603190307,-0.0911978973353887
real legitimate,,1.1677724137793373,-1.6670704617344696
real legitimate,,1.1069444592481288,0.0360972606877744
real legitimate,,1.14430017211861,0.0960066613560717
real legitimate,,1.1442048671774314,0.05982460474361627
real legitimate,,1.1277816669475131,0.06269103273108718
real legitimate,,1.156570219860867,-0.2621400659986637
real legitimate,,1.1933527178351866,0.40814851909973765
real legitimate,,1.137256431855422,-0.1804368472193324
real legitimate,,1.1342568270053326,0.03272502798517546
real legitimate,,1.1170156487537697,-0.3901903436904166
real legitimate,,1.1725562943146037,0.509138959700376
real legitimate,,1.1394581952487055,0.06463316460601505
real legitimate,,1.1331242964814456,0.36505470596356204
real legitimate,,1.0485525423681872,-0.2519049292586881
real legitimate,,1.125290113933329,-0.05263152397049316
real legitimate,,1.1621222047770936,0.39522908040015303
real legitimate,,1.128064300389578,-0.25288791507824426
real legitimate,,1.1422619954369058,0.46571270556845357
real legitimate,,1.113571747818771,0.3087359936165731
real legitimate,,1.1461257487946157,0.10082840640507813
real legitimate,,1.1544084409178932,-0.40008858118159313
real legitimate,,1.1534224930470325,-0.16946249511945427
real legitimate,,1.1159648898048224,-0.07403508133949856
real legitimate,,1.1250790339911252,-0.5848346552847896
real legitimate,,1.1224532498400146,-0.1036584321035063
real legitimate,,1.1274166451388195,0.018725323452131334
real legitimate,,1.1474677043789443,0.27736045048205094
real legitimate,,1.042533024938402,-0.32060581300193336
real legitimate,,1.359360257913201,-4.8575956725578004
real legitimate,,1.1247587427455512,-0.009848575148504526
real legitimate,,1.1691337754878426,-0.1533880545922338
real legitimate,,1.1209656504543537,0.34730072907527737
real legitimate,,1.1312915388581954,-0.06688836286011847
real legitimate,,1.1384719335354958,-0.2169939287464026
real legitimate,,1.153000460585595,-0.3036915268221818
real legitimate,,1.1440078381545924,0.6618148193249436
real legitimate,,1.1115064935665537,-0.46189675107555694
real legitimate,,1.1667056805511242,-0.12942336595993048
real legitimate,,1.1560048806766925,-0.047531721428152277
real legitimate,,1.1886093789116028,0.4835744493002512
real legitimate,,1.112563147361894,-0.017019440465043126
real legitimate,,1.139278990631266,-0.15293552274034874
real legitimate,,1.1853722258971002,0.416819916346415
real legitimate,,1.1775235357080687,0.38704594032559
real legitimate,,1.1219364659444881,-0.09225324946063325
real legitimate,,1.1495584021420024,0.34149442138817454
real legitimate,,1.1354338960801478,-0.003085497541704077
real legitimate,,1.0974147135141623,-0.4312260151129449
real legitimate,,1.1795258648249631,-0.6003664498764077
real legitimate,,1.1467576425244823,-0.1816536262618006
real legitimate,,1.1137858509076815,0.16871180337305536
real legitimate,,1.1352599296802297,-0.15306126993357522
real legitimate,,1.142320672651242,-0.19147275874289416
real legitimate,,1.1237838128471416,0.2947411045075727
real legitimate,,1.1325884599961966,0.0708823348779427
real legitimate,,1.1661656770230175,0.4770540565315958
real legitimate,,1.1531133176647126,-0.32282301766383503
real legitimate,,1.1690888085778979,0.11074445859925826
real legitimate,,1.1324964855910737,-0.019258489568201573
real legitimate,,1.1440346370176457,0.13763729023059246
real legitimate,,1.1131952238111285,-0.12940922895658358
real legitimate,,1.2355193306301067,0.26491139826675536
real legitimate,,1.1515040482650212,0.09769863375563885
real legitimate,,1.138392989119364,0.01772012913463704
real legitimate,,0.9911556812234876,-0.10811922289912253
real legitimate,,1.2368337740456572,-3.038114410085158
real legitimate,,1.1411691919807634,0.02186786205384819
real legitimate,,1.0997146910106324,0.05343779801284228
real legitimate,,1.1403121769451827,-0.26546260251834
real legitimate,,1.148140858088583,-0.2706328836699949
real legitimate,,1.175123099418537,0.11341001532019866
real legitimate,,1.1293309053541964,-0.22282660203497123
real legitimate,,1.1534815563061502,-0.09894944917891661
real legitimate,,1.1531138617148122,-0.2398280242463392
real legitimate,,1.1510775602768382,-0.019491264258926708
real legitimate,,1.1343128575984363,0.049522912967404784
real legitimate,,1.1650456846398087,-0.2529243690102576
real legitimate,,1.1640324441613399,-0.26289220395540985
real legitimate,,1.1248917789154742,0.013747906389692463
real legitimate,,1.1579236177990477,0.4010909170866861
real legitimate,,1.132028339444803,0.3721952556078175
real legitimate,,1.1084903972422258,0.22194881485280848
real legitimate,,1.1209712118396122,0.22356095557232497
real legitimate,,1.1375889550760678,-0.2621334093305789
real legitimate,,1.114783916225642,-0.29054689185956517
real legitimate,,1.1415391081594584,-0.015683489053822455
real legitimate,,1.185625838647467,0.31935948813595005
real legitimate,,1.153455932118822,0.17642119094744246
real legitimate,,1.1432050068178374,-0.21489834065677654
real legitimate,,1.1726558870934924,0.7299724614056516
real legitimate,,1.1292940134655256,0.2553395013295376
real legitimate,,1.1610805611309263,0.3866692352238159
real legitimate,,1.161886043718662,0.08052028755913752
real legitimate,,1.1230671296484582,-0.04444619593732701
real legitimate,,1.1283777586148962,0.6216157343457207
real legitimate,,1.1078835314593365,-0.08482523075233973
real legitimate,,1.1723863319274592,0.30011357935768845
real legitimate,,1.1435869513766366,0.14128389298884758
real legitimate,,1.1827374336169507,0.23936501083361134
real legitimate,,1.1148794467111685,-0.4692801021811612
real legitimate,,1.1380518083610909,0.03667838429880042
real legitimate,,1.1320603438236612,-0.29105318745712544
real legitimate,,1.154528288788094,-0.276716134415349
real legitimate,,1.1859909354720775,-0.15298380433082803
real legitimate,,1.141351120305686,-0.012837755306803547
real legitimate,,1.15872033866085,-0.2415289722806086
real legitimate,,1.105334618823672,-0.3427807936575852
real legitimate,,1.1154684257809777,0.13520242359120743
real legitimate,,1.1405068161893674,-0.3683593007064728
real legitimate,,1.1102193526895647,-0.3537896789467492
real legitimate,,1.1477910666599302,-0.21929473770230712
real legitimate,,1.1290110670728413,-0.13825113728156485
real legitimate,,1.145697842649374,0.1642958717542411
real legitimate,,1.1005800670645107,0.05732525261254144
real legitimate,,1.1371254437040528,-0.16796940768513885
real legitimate,,1.1244455044139323,0.09228250033787881
real legitimate,,1.1176115575680048,-0.05962523867975182
real legitimate,,1.1532735275960873,0.10158657006862064
real legitimate,,1.122122286927426,-0.14089815941068506
real legitimate,,1.1356065027420221,-0.17030943231170126
real legitimate,,1.1561462259630255,-0.37371251822742413
real legitimate,,1.1432523719434344,-0.29268899752975097
real legitimate,,1.1680307027995926,-0.19235841677787335
real legitimate,,1.1837718950005236,0.5049165164767587
real legitimate,,1.1114303588449665,-0.2415287681140395
real legitimate,,1.1034420202144435,0.03186589737054461
real legitimate,,1.142813518165332,-0.33542927369111325
real legitimate,,1.181055813311162,-0.05722587230940336
real legitimate,,1.1180095794134421,0.24977545679409707
real legitimate,,1.1040063344620847,0.17826054955048243
real legitimate,,1.1386600985169948,-7.508552941169755e-05
real legitimate,,1.1472627743137316,0.02314600092162998
real legitimate,,1.1370415847991007,-0.269362937560823
real legitimate,,1.153148348372656,-0.12660587381775174
real legitimate,,1.1267554430509663,0.10744114817258242
real legitimate,,1.1556155057443953,-0.25114986971163783
real legitimate,,1.2160645453538044,-1.1242463618610554
real legitimate,,1.107831093383091,-0.15902259995659512
real legitimate,,1.1502217301638193,-0.14968026934422368
real legitimate,,1.157029538224154,-0.1624959301781349
real legitimate,,1.170819572451388,0.09699008965632404
real legitimate,,1.1441568860083629,-0.6452206950627585
real legitimate,,1.103870179111198,-0.12479718678727293
real legitimate,,1.1565305921742208,-1.0798893177884274
real legitimate,,1.123278115132175,-0.17630181206426299
real legitimate,,1.1669196666720474,-0.22694101168948305
real legitimate,,1.153647541459196,-0.1456721568806359
real legitimate,,1.1332587932129832,0.5247633126009362
real legitimate,,1.1013574803997925,-1.1036945462196186
real legitimate,,1.1523505972017627,-0.16758686717441762
real legitimate,,1.133084725430852,-0.09086682260736938
real legitimate,,1.134253707053413,-0.17663675044287575
real legitimate,,1.1614120265025751,-0.23530167100653215
real legitimate,,1.1387632079179,-0.08036742914352625
real legitimate,,1.1280042480603671,0.043442726531581086
real legitimate,,1.1405057250932757,-0.1494805867977907
real legitimate,,1.1218268321153864,-0.11796343294287047
real legitimate,,1.1267387456573932,-0.1407568347689113
real legitimate,,1.1251060584414496,-0.7501719745467399
real legitimate,,1.1636367937890237,-0.41942321524930953
real legitimate,,1.143553234996859,-0.026728583917820778
real legitimate,,1.1242517897762723,-0.31615843873019134
real legitimate,,1.166742385693058,0.1767942827236198
real legitimate,,1.1251983454408738,-0.19363458764282765
real legitimate,,1.0975449202981638,-0.1664581117815696
real legitimate,,1.038247032773452,-0.46761203193090384
real legitimate,,1.1326451155612496,-0.0032344771869374372
real legitimate,,1.1585211915839249,-0.8709268619818358
real legitimate,,1.1342921413624174,-0.05438088488813832
real legitimate,,1.1292778240200159,0.01664781304340783
real legitimate,,1.175300633280406,-0.5112507596251931
real legitimate,,1.121908996525402,-0.3066491763909039
real legitimate,,1.152690124501278,-0.5081300535160945
real legitimate,,1.140619577684332,-0.0021470072068140306
real legitimate,,1.276068808458627,2.308955011163027
real legitimate,,1.1152659671994405,-0.06595511676857026
real legitimate,,-4.998908514163202,1.247429522119073
real legitimate,,1.1525463302303829,0.15308631534377842
real legitimate,,1.1202206730037076,-1.088173398534617
real legitimate,,1.1435132035985989,-0.5576080071064098
real legitimate,,1.0695657551136921,0.055205705900695554
real legitimate,,1.0576979058713714,-0.9980177855640514
real legitimate,,1.1301423803733228,-0.8933379463601219
real legitimate,,1.1495729809049524,0.34405616177103976
real legitimate,,1.1355807695963274,0.021634794454192627
real legitimate,,1.1633864797563633,-0.237256249762951
real legitimate,,1.1801459833361918,-0.6620832153245346
real legitimate,,1.1601450557194652,-0.2893414608126853
real legitimate,,1.1498517544893305,0.03380985349457892
real legitimate,,1.0969722994110973,-0.7078095159722069
real legitimate,,1.1559888847829556,0.0518136739497289
real legitimate,,1.1531823036918596,-0.25865701779957956
real legitimate,,1.1117022644739556,-1.3093011538255521
real legitimate,,1.147773531567668,-0.05286339927667884
real legitimate,,1.1414578569789067,-0.1900915066744207
real legitimate,,1.0429343168475118,-2.32335306348036
real legitimate,,1.137175359812775,0.08913828597609245
real legitimate,,1.1346717844935434,-0.2669739738414957
real legitimate,,1.1625980673235619,-0.19446469082138762
real legitimate,,1.1370684337335495,0.10467901341945239
real legitimate,,1.1228358244312198,-0.024984567851587383
real legitimate,,1.142725477181104,0.0763822889177284
real legitimate,,1.1538303200710156,-0.15485097761793215
real legitimate,,1.1508414973743264,-0.023981010644240505
real legitimate,,1.113729203330062,-0.1795656026676325
real legitimate,,1.1067009990500376,-0.20705169315003538
real legitimate,,1.1412312865668142,0.01608101303386099
real legitimate,,1.1453294113477865,-0.18570528681554674
real legitimate,,1.1156014286478741,-0.22426772627743968
real legitimate,,1.1484562382945374,0.06697903878758267
real legitimate,,1.1240499196460854,0.046864070799126065
real legitimate,,1.1497085989025373,-0.07912272238634506
real legitimate,,1.1419737528032308,0.09080766940556788
real legitimate,,1.1551261795451402,-0.25338757844405524
real legitimate,,1.1364166443096686,-0.2529128593464612
real legitimate,,1.1814501480391564,0.04172601170562394
real legitimate,,1.1404426671591705,-0.05559313305894033
real legitimate,,1.127752840825758,0.4265491226217528
real legitimate,,1.1571370163158998,-0.4379408562024734
real legitimate,,1.1311817576637397,0.09279047573711878
real legitimate,,1.154239548968845,-0.12801840990112479
real legitimate,,1.095620517835948,0.2330641192236435
real legitimate,,1.2020269234369518,-0.7299727641771077
real legitimate,,1.1428287542518722,-0.17068822119924404
real legitimate,,1.133724154269797,0.3259228677041861
real legitimate,,1.0327077634326027,-0.19065868819356097
real legitimate,,1.1270713949877422,0.04177110610633887
real legitimate,,1.1198447699027838,0.6760738101540568
real legitimate,,1.111847154101065,-0.2645225815042767
real legitimate,,1.136810225584284,-0.12529863167174538
real legitimate,,1.1456239515380136,0.24579378926370676
real legitimate,,1.1321813261088254,0.25553316623137795
real legitimate,,1.1570551322214424,-0.22107155489922714
real legitimate,,1.1027640680431916,-2.6143945700647424
real legitimate,,1.123554562484478,0.15273483644214136
real legitimate,,1.1120197649812664,-0.03992769130561026
real legitimate,,1.139659674105338,-0.26991992948541305
real legitimate,,1.1355014447154432,-0.12479728850827339
real legitimate,,1.154255279347698,-0.2535814484608721
real legitimate,,1.1582496597739078,0.4258954651057274
real legitimate,,1.1066495430087873,0.09757232782842366
real legitimate,,1.1607664665844393,0.04691850719663414
real legitimate,,1.1365782298212017,-0.07081509928472002
real legitimate,,1.1411232821692707,0.015430862694482808
real legitimate,,1.1308950349597102,0.18569092727223002
real legitimate,,1.1259828988668812,0.010142136117112122
real legitimate,,1.1494885695149752,-0.2900725878421701
real legitimate,,1.1096076459983462,0.3041260417562415
real legitimate,,1.1271174527346837,0.027696257493696794
real legitimate,,1.1241021955479344,0.08120640855884413
real legitimate,,1.125444198327273,-0.0665523009866091
real legitimate,,1.1084008202778122,0.2206172428249552
real legitimate,,1.1213204787720545,-0.5513095506883242
real legitimate,,1.0908669766028098,-0.42039802652405645
real legitimate,,1.1180954985816798,-0.09022337972263896
real legitimate,,1.1587796672234056,-0.21895139787132084
real legitimate,,1.1017284644269367,0.8664054572987818
real legitimate,,1.1561522242694406,0.26062461692323674
real legitimate,,1.1409207065940503,-1.237013104441198
real legitimate,,1.06674837513329,-0.007476239398835696
real legitimate,,1.1523262195733985,0.020019658680796942
real legitimate,,1.1331850090673723,0.10542465349651418
real legitimate,,1.0864221592957246,-0.07578597540609645
real legitimate,,0.964450451311947,-0.6828477356989839
real legitimate,,1.1386174731728937,0.08901614517368221
real legitimate,,1.1422156730352773,0.26295013075172113
real legitimate,,1.0922356107812636,-0.8116312963627852
real legitimate,,1.1154819846097643,0.0913324138373418
real legitimate,,1.1388488842749807,-0.016278663097434407
real legitimate,,1.1690500264986956,0.1379409615406666
real legitimate,,1.1489577263087043,-0.14344060274366888
real legitimate,,1.1338050608313948,-0.2696180227324557
real legitimate,,1.152432378506884,0.009322632750668067
real legitimate,,1.136091988242259,0.4476055037262253
real legitimate,,1.1604680058933914,-0.22955188064366194
real legitimate,,1.1391564771545193,0.057820755363601054
real legitimate,,1.1286917445379754,0.46798047849778035
real legitimate,,1.1470933987215044,-0.32125310206090824
real legitimate,,1.1455884979023327,0.4520850640559385
real legitimate,,1.1146697872651763,0.12879118327071126
real legitimate,,1.1528333020379196,-0.1073358520210045
real legitimate,,1.139378959821809,0.17768123037677158
real legitimate,,1.171373657884738,-1.07602396335675
real legitimate,,1.0222963739351358,-3.6117715658913436
real legitimate,,1.169844619396417,-0.11215285512635213
real legitimate,,1.1055197107672874,-2.5624354076084686
real legitimate,,1.1941556971348581,0.6176845711633687
real legitimate,,0.9941997376220466,-1.304850530390269
real legitimate,,1.145031327758906,-1.0480846414568268
real legitimate,,1.0857144351002606,-0.5515628698102417
real legitimate,,1.1408414679804928,0.028669365941739508
real legitimate,,1.1553206071310798,0.7763357146606458
real legitimate,,1.1238298514298453,0.34834400851020736
real legitimate,,1.1406289997080699,0.1079176205144755
real legitimate,,1.1113782349024144,-0.13267453704644566
real legitimate,,1.1179964168346865,0.19340604544236678
real legitimate,,1.1358266730561812,0.09905886252372752
real legitimate,,1.1568670316270186,0.2762757350172642
real legitimate,,1.1291950397611756,0.412023042664069
real legitimate,,1.1482810528227112,0.05453231938774521
real legitimate,,1.1251493938682637,-0.3870419357327792
real legitimate,,1.0790925361215087,-0.1127702674354511
real legitimate,,1.1144148085540988,0.3793970306038039
real legitimate,,1.1661622782844523,-0.8282481515217399
real legitimate,,1.1587239371062565,-0.17710896962896527
real legitimate,,1.1561281528715734,1.1673285626519552
real legitimate,,1.1388389368931697,0.04356545501341334
real legitimate,,1.129682254319888,-0.055470149785112235
real legitimate,,1.1666312794113858,-0.05646906916169327
real legitimate,,1.1376672668459453,-0.174617220800933
real legitimate,,1.145204585431496,-0.19508119781925365
real legitimate,,1.149812014137642,-0.19315369766188056
real legitimate,,1.1263517473764466,-0.6940179103844526
real legitimate,,1.1703491749275192,-0.2144512605367085
real legitimate,,1.1509105773818586,-0.03980553636469654
real legitimate,,1.1517379269366497,-0.11568551036592946
real legitimate,,1.1434662021396809,0.12028703137722548
real legitimate,,1.1308550278064096,-0.1291052443352313
real legitimate,,1.1354618959738887,0.6660979411452096
real legitimate,,1.112760711471505,-0.31669593482073266
real legitimate,,1.1612148225212489,-0.03270999788433894
real legitimate,,1.1598649462075798,-0.28669189092012576
real legitimate,,1.190372971259178,0.5770196825658711
real legitimate,,1.0697197879954956,0.014957630364416205
real legitimate,,1.1487881227638062,0.26254725671885304
real legitimate,,1.1382046895292548,0.7027257021380985
real legitimate,,1.1394803970705472,-0.2639711562354213
real legitimate,,1.1231727235044273,0.261979959285403
real legitimate,,1.1360051918760303,-0.14208056488540888
real legitimate,,1.122552346349416,-0.09433285249026295
real legitimate,,1.1377794628793738,-0.15711806898465036
real legitimate,,1.1316603600178134,0.34978455834474204
real legitimate,,1.172595086924772,0.08348728225204603
real legitimate,,1.139935207424899,0.2432530856893257
real legitimate,,1.0738190018761846,-3.742306850605024
real legitimate,,1.1493643014842787,-0.011995526832589434
real legitimate,,1.0702722265160196,0.011401297376559691
real legitimate,,1.1078994196237664,0.4880922776026414
real legitimate,,1.1687473469337724,-0.20100737149557332
real legitimate,,1.137675504769759,0.16466993535553193
real legitimate,,1.140629044425357,-0.2054728027649555
real legitimate,,1.133473952144031,0.15244312670156274
real legitimate,,1.1299213409380542,0.8187638522477734
real legitimate,,1.1585629852782764,-0.1392518649804731
real legitimate,,1.1291513057318998,-0.034400120929748104
real legitimate,,1.0991922168791786,-0.4991239332157994
real legitimate,,1.108394696553061,0.17472038952930952
real legitimate,,1.144793320693371,0.04581194574583468
real legitimate,,1.129249187498377,0.3582974480686096
real legitimate,,1.129937045558876,-0.023370486892093936
real legitimate,,1.104644763645883,-0.20344074131633377
real legitimate,,1.1234800172936548,-0.5947205594201913
real legitimate,,1.1289318311446463,0.11778769829712067
real legitimate,,1.1848580944131477,-1.0597678381130837
real legitimate,,1.0776593583706098,-0.30798655621600113
real legitimate,,1.132170413319416,0.293244691162242
real legitimate,,1.1639415139032854,-0.19601484437944883
real legitimate,,1.1762947943492912,-0.058186481670826726
real legitimate,,1.106728366348038,0.10894818203290184
real legitimate,,1.1187773211584184,0.3751748275415091
real legitimate,,1.2712724602120236,-0.38305085415890366
real legitimate,,1.122171878185682,-0.02710384279798085
real legitimate,,1.1342254980877053,0.28610033011188507
real legitimate,,1.1372158769402212,0.00038328924172946477
real legitimate,,1.1732707501029145,0.49387105325402936
real legitimate,,1.1530617879827756,0.33133662907604944
real legitimate,,1.1482215929511588,0.009048114593986842
real legitimate,,1.1600972418234885,-0.1781746424507985
real legitimate,,1.136452213822043,0.523955719204096
real legitimate,,1.1068035741920998,0.5185049174682815
real legitimate,,1.160043760729271,0.28700919173305617
real legitimate,,1.1573798618623146,0.12072610729219109
real legitimate,,1.097633891238088,0.27799174232037305
real legitimate,,1.1399268801415892,0.3330108075239157
real legitimate,,1.156391511501621,-0.0014794868351524354
real legitimate,,1.1533025770122112,-0.147877330901515
real legitimate,,1.1186580577434384,0.052265576999539584
real legitimate,,1.1782775442367843,0.6204817355983981
real legitimate,,1.1339305961336232,-0.17898298871054474
real legitimate,,1.1116110772728316,-0.37516336753656365
real legitimate,,1.1705884694091395,0.6173998901880695
real legitimate,,1.1308330090083691,-0.2914550117975469
real legitimate,,1.1568050045226665,0.1298819038433442
real legitimate,,1.1242886508016747,0.1664731916894011
real legitimate,,1.1611832613043291,0.2952144810498113
real legitimate,,1.151676697275947,-0.24604494259893112
real legitimate,,1.1305484881365548,-0.04233194820026333
real legitimate,,1.1406289450996763,-0.12956422350783312
real legitimate,,1.1480770125949105,-0.33868735335623246
real legitimate,,1.1366229669834653,0.4335629321115222
real legitimate,,1.1448199641026,-0.2963079667713733
real legitimate,,1.1273157326554692,0.10407582460174948
real legitimate,,1.1669213672099499,0.04769680857049373
real legitimate,,1.1458523517934616,-0.1950367955204082
real legitimate,,1.104718153442227,0.23488058013105023
real legitimate,,1.1526042108629804,0.655557024476296
real legitimate,,1.139756858986324,0.15726458419879097
real legitimate,,1.1457250897604907,-0.32361528444739196
real legitimate,,1.1361410357575654,0.19862945453037928
real legitimate,,0.9908014225323656,-1.7975667028587474
real legitimate,,1.1477553478443974,0.12692934734670752
real legitimate,,1.1340836972724742,-0.1729880060704137
real legitimate,,1.1098424851042614,0.16887440878931093
real legitimate,,1.0866850228874396,-0.5694462964070508
real legitimate,,1.0955779715354141,0.35898780769255123
real legitimate,,1.1740212015071165,0.5398997800246321
real legitimate,,1.1625991513306992,0.4270911319717967
real legitimate,,1.1605637575790166,0.46529995375651634
real legitimate,,1.1389839872673857,0.1054399064186081
real legitimate,,1.1491942606513732,0.1791014752430104
real legitimate,,1.1432787575427046,-0.16987171412307933
real legitimate,,1.2079107698303302,-0.021282116634543394
real legitimate,,1.1417925996091918,0.4091752587850237
real legitimate,,1.1588601601493456,0.06883264428111922
real legitimate,,1.1667321460692113,-0.062189592141924
real legitimate,,1.1614273515124425,-0.3310454681327402
real legitimate,,1.1394698793487408,0.08275040557692535
real legitimate,,1.1174654873770156,0.04916016010930678
real legitimate,,1.1162464155888778,-0.08737108999801528
real legitimate,,1.138977351624625,0.0010185327011062867
real legitimate,,1.102082394511375,-0.17231078653004506
real legitimate,,1.122378202086924,-0.0850446000653421
real legitimate,,1.1284394220892764,-0.0007596898630082977
real legitimate,,1.1593496712281237,-0.026031907430234688
real legitimate,,1.0829337030355128,-0.07508765599824231
real legitimate,,1.179772539514523,1.4987814119181115
real legitimate,,1.3379995176009916,-0.7221539712773737
real legitimate,,1.0484107864657837,-0.08678455917873441
real legitimate,,1.1613052973258164,0.39389837925525784
real legitimate,,1.147653431377761,-0.02021213458605449
real legitimate,,1.1421634615592056,-0.061573106726930296
real legitimate,,1.1275843645959407,-0.018436155687940423
real legitimate,,1.18586747009003,1.128636905658042
real legitimate,,1.1378995693635896,0.2594904969890743
real legitimate,,1.117431424338231,-0.12015645185123998
real legitimate,,1.12553510203733,0.11475825626784279
real legitimate,,1.1362199493109126,-0.4827755745567892
real legitimate,,1.0935274362585867,0.0920275062977474
real legitimate,,1.0872023139433913,-0.06753187073547427
real legitimate,,1.1572529193965235,-0.07646245078048262
real legitimate,,1.12994295762672,-0.006392647631542861
real legitimate,,1.2219646660698038,0.09071714232187787
real legitimate,,1.1861699611980479,-0.04217816516885599
real legitimate,,1.121916633007658,0.04299794921595622
real legitimate,,1.1370648542782278,-0.1888455257713288
real legitimate,,1.1531790223603713,1.041647925324201
real legitimate,,1.1609260236128474,0.45075655800402914
real legitimate,,1.0562237199860554,0.0709150319962583
real legitimate,,1.1401982216030593,0.042554494084331415
real legitimate,,1.139198020865529,0.06209417709080371
real legitimate,,1.1306926767646743,-0.0051000247654085645
real legitimate,,1.1398444122303302,-0.09240612061999189
real legitimate,,1.123260617124207,-0.1598191774010364
real legitimate,,1.077487125067996,-1.9237761618046596
real legitimate,,0.9830132182745775,-3.38520845705316
real legitimate,,1.1496766316479408,-0.12610495383567988
real legitimate,,0.910678358982339,-1.3391182775663073
real legitimate,,1.1597004441844188,-0.11525798772704039
real legitimate,,1.1397528470332068,-0.08642349275826337
real legitimate,,1.1205615729964955,-0.049988624583189936
real legitimate,,1.1402233586646022,-0.1690232115664717
real legitimate,,1.1403596198189605,-0.1348455410975617
real legitimate,,1.1101696938596377,-0.15599741729461536
real legitimate,,1.1239949564761866,1.3281725798492716
real legitimate,,1.1433967606586795,0.2202276582763935
real legitimate,,1.1540925945951472,0.01731329607087305
real legitimate,,1.1657564630673913,0.25611688740764504
real legitimate,,1.1361508271310135,0.13161738149775137
real legitimate,,1.126651288749962,1.3499043353872688
real legitimate,,1.1199953581055133,0.3006714833919629
real legitimate,,1.1505583660262246,0.31366645294762335
real legitimate,,1.1439450419196864,-0.2148349446621476
real legitimate,,1.1269893602136785,-0.20003667203797793
real legitimate,,1.1392653499726126,0.32602589317452374
real legitimate,,1.1359229839932263,0.03154029576403351
real legitimate,,1.0838717058432528,-0.7343023042674672
real legitimate,,1.1463968886565146,0.14120451932210154
real legitimate,,1.147921771135658,0.2036510844470849
real legitimate,,1.1416308402882298,-0.08554670283194271
real legitimate,,1.1448023351783752,0.0025952883557170403
real legitimate,,1.1408641786223872,0.015330785111516185
real legitimate,,1.17054312246744,0.08826704533066725
real legitimate,,1.1452295662898955,0.27235547712226993
real legitimate,,1.1450388047886917,0.18996056187491533
real legitimate,,1.1288119259503744,4.126893766529559
real legitimate,,1.1220136419459463,-0.5995057298982138
real legitimate,,1.1089282496205595,-0.023389693324288544
real legitimate,,1.1565124357712273,0.24853716090110212
real legitimate,,1.1253640888774086,0.29424988100838595
real legitimate,,1.140818961188292,-1.0447772329059204
real legitimate,,1.1728867942789996,-0.32557510704335685
real legitimate,,1.158018207859151,-0.17662188082893904
real legitimate,,1.204850845251823,0.7271131951689354
real legitimate,,1.1370607579796739,-0.24427664399939703
real legitimate,,1.1330555713397519,0.03650391627449333
real legitimate,,1.4827927444993683,0.31348715899400714
real legitimate,,1.1237849799322939,0.2140294284171349
real legitimate,,1.104125911853834,-0.20662622830694277
real legitimate,,1.1458041288286616,-0.33113804008022957
real legitimate,,1.1206713193147895,0.007878126682655182
real legitimate,,1.1515804094566144,0.60657980467879
real legitimate,,1.1538860036430443,0.5135621429515238
real legitimate,,0.9824492480943843,-0.24412992936994382
real legitimate,,1.1400429302350652,0.08383211161789657
real legitimate,,1.188052354853396,-0.21216359384171213
real legitimate,,1.139166546585681,-0.06388222744232525
real legitimate,,1.1446480810521094,0.0990614928084577
real legitimate,,1.1299557652427419,0.11125284461359798
real legitimate,,1.1446166341232797,-0.25172092326089734
real legitimate,,1.171008308679005,0.7469477940831739
real legitimate,,1.1567729972873344,0.5557616851060723
real legitimate,,1.1362147015503061,-0.1154545377215266
real legitimate,,1.18175316367651,0.673650475247423
real legitimate,,1.1386967384527076,0.470645263723415
real legitimate,,1.111562334849351,-0.09532726594743181
real legitimate,,1.1697934391769556,0.24598512978373432
real legitimate,,1.148066454419604,-0.13870047090358079
real legitimate,,1.1245893689969684,-0.16775061619815657
real legitimate,,1.1879260423306912,-1.1278193791561713
real legitimate,,1.1400733418988533,-0.2335644627378345
real legitimate,,1.0711136187712544,-0.4330529880664751
real legitimate,,1.1526714830848304,-0.15231574499536488
real legitimate,,1.1411939594831773,-0.13542487372263579
real legitimate,,1.137956931450677,0.31146084921655537
real legitimate,,1.136516419573376,-0.2382900650792319
real legitimate,,1.1588233740034786,0.17791224250181137
real legitimate,,1.1638549910849925,-0.1691385164776093
real legitimate,,1.1053278680395235,-1.3731658882463744
real legitimate,,1.1211747956052662,0.038334320429616195
real legitimate,,1.1023039424071666,0.1980392256114315
real legitimate,,1.1404659402670954,0.13739873107790762
real legitimate,,1.1477265940856878,-0.4750758703956324
real legitimate,,1.13314377617917,-0.0024649755957046465
real legitimate,,1.1267951722169172,-0.36683688187077024
real legitimate,,1.149671058684541,-0.13856907094850257
real legitimate,,1.1858209098793335,0.5731693224713243
real legitimate,,1.1549903692145367,-0.12164523260906332
real legitimate,,1.1171355714845261,0.01725990174645274
real legitimate,,1.1102475738975033,0.2156418182539599
real legitimate,,1.1540585959990355,0.4829027443667151
real legitimate,,1.148934556322936,-0.29949353479885255
real legitimate,,1.1452598136157472,0.19034860030613293
real legitimate,,1.1623057764614042,-0.2588019128045679
real legitimate,,1.1304198074206493,0.021269647119722554
real legitimate,,1.1626216286524031,-0.291755226209983
real legitimate,,1.1346026365417097,0.14889616412419737
real legitimate,,1.1289552444516913,-0.03246236067462245
real legitimate,,1.1094816514840886,1.8421009389269734
real legitimate,,-6.034439561326823,1.9157646792894
real legitimate,,1.1754173141688238,-0.3247300963120689
real legitimate,,1.129144810234678,0.18050418166039361
real legitimate,,1.3402391073415596,2.2979155886398193
real legitimate,,1.1373646637624204,0.2868250433645916
real legitimate,,1.13822392705943,-0.1696823332248794
real legitimate,,1.153879421223836,-0.27272406394392446
real legitimate,,1.1678102795605503,-0.36259669089477387
real legitimate,,1.084214912052829,-0.06811062111140657
real legitimate,,1.1606791771782339,-0.3742724310731913
real legitimate,,1.1294430867078395,-0.102011402288108
real legitimate,,1.1152116090528765,0.0016897474456723377
real legitimate,,1.1171145492174965,-0.4389004862207739
real legitimate,,1.1283610852582941,0.040339664674274786
real legitimate,,1.1320461831473831,0.0681543331992824
real legitimate,,1.1428415791291233,0.21260810601185282
real legitimate,,1.1358471620576522,0.44669149394421837
real legitimate,,1.1297598912778082,0.2194981424694648
real legitimate,,1.1594746116426524,-0.21596141239693595
real legitimate,,1.126907364069242,0.3680444187795807
real legitimate,,1.070854038159175,-0.01030572478239164
real legitimate,,1.1402745672124723,-0.08460942440584841
real legitimate,,1.1268064213129778,-0.9203942179985642
real legitimate,,1.136619069144709,-0.18587173262488077
real legitimate,,1.1454291288320289,-0.001824419999862395
real legitimate,,1.1303490113519477,-0.028872945886512222
real legitimate,,1.1693696356746417,0.5266661997639543
real legitimate,,1.1248515555575762,-1.1669803688440137
real legitimate,,1.1417040505392815,-0.24034162857288505
real legitimate,,1.1183030212267062,-0.10763168828881169
real legitimate,,1.1155338701316648,0.23833739629652695
real legitimate,,1.1662569063085186,0.15970740536572275
real legitimate,,1.093771604466732,0.316548004503007
real legitimate,,1.1263688262741607,0.14420221887707502
real legitimate,,1.1716972128006002,0.3777804356720415
real legitimate,,1.1191964334468842,-0.30688162478184416
real legitimate,,1.1344402567981973,0.34787181456867855
real legitimate,,1.072405571724737,-0.022582934282571424
real legitimate,,1.1511355344188816,0.2416739844594714
real legitimate,,1.136918686160221,0.04087391697992797
real legitimate,,1.1620703392691523,-0.20399027156881183
real legitimate,,1.1082442514798705,-0.12871049195864426
real legitimate,,1.148676230527165,-0.17934873095710985
real legitimate,,1.137871943696899,-0.2704896588063414
real legitimate,,1.1495313011147912,-0.12931151840107757
real legitimate,,1.1423790183602327,-0.17610065272814412
real legitimate,,1.0713558538604775,-2.341907584744246
real legitimate,,1.1299229939353495,-0.3908920868083604
real legitimate,,1.1503931603900763,0.1902199799611709
real legitimate,,1.1478098430383734,-0.0019417519826616797
real legitimate,,1.127614086747682,0.06284543882685832
real legitimate,,1.1138159803703633,0.0710733018263943
real legitimate,,1.1415710174468177,-0.4706695778630949
real legitimate,,1.4459004282927133,0.2282652976344821
real legitimate,,1.1240302731200345,-0.029254563204786907
real legitimate,,1.1560533688973966,-0.2200087822931236
real legitimate,,1.1827817894312538,0.7887594621210168
real legitimate,,1.0997054947327163,0.35509243621123204
real legitimate,,1.1789542854695418,1.7037117513272972
real legitimate,,1.1214800220140924,-0.05277982659491895
real legitimate,,1.1472594468552728,-0.21514310414144933
real legitimate,,1.1394790146733713,0.2764164623532204
real legitimate,,1.163337606313489,-0.6795841651491005
real legitimate,,1.100736657128272,0.27179387201988714
real legitimate,,1.140459834623926,-0.11601137125520534
real legitimate,,1.1332567982190411,0.22321408327064785
real legitimate,,1.1129022892571914,-0.057527460247158865
real legitimate,,1.0484223531275332,-0.33350741653538185
real legitimate,,1.1456711844195435,0.07608734899744153
real legitimate,,1.1196941975085273,-0.13298141669487634
real legitimate,,1.139257844792572,-0.17813260149686105
real legitimate,,1.1255146260443964,0.059765684797812205
real legitimate,,1.119414485476006,-0.03436093545875897
real legitimate,,1.112410055960752,0.08331684339135541
real legitimate,,1.1402746464688438,0.3137335486034032
real legitimate,,1.1499799804916089,-0.07673193634156926
real legitimate,,1.1381383995976735,-0.14731103069461177
real legitimate,,1.145595629139777,0.03420394248325319
real legitimate,,1.1222358161914898,0.10785932703503841
real legitimate,,1.1477359273828927,0.46301096204534775
real legitimate,,1.119367376397093,-0.0793527997917255
real legitimate,,1.1265415653020503,0.40009410223123776
real legitimate,,1.0400004733040378,-2.451058505115827
real legitimate,,1.1362186445744809,-0.06777466872873059
real legitimate,,1.131908937568431,-0.09693603365159344
real legitimate,,1.0154203873237901,-4.896771169977017
real legitimate,,1.120785157543506,0.2850772330690036
real legitimate,,1.1399991960162894,0.15213561766618755
real legitimate,,1.1696345514962534,-0.440818792870407
real legitimate,,1.1453131219594,-0.046966141182960455
real legitimate,,1.1530811070008529,0.23068210158312175
real legitimate,,1.117741524133978,0.08001404014129508
real legitimate,,1.081495439687899,0.3665824631434643
real legitimate,,1.1261190907570404,-0.04119757515731219
real legitimate,,1.1240398324138803,0.3426161219199546
real legitimate,,1.1565507251870573,0.27312986793551886
real legitimate,,1.125740255001611,0.29252336984751254
real legitimate,,1.1629001053747776,-0.35206081589452753
real legitimate,,1.160159316163188,-0.21518854700856588
real legitimate,,1.1867594517001714,0.6678319025746082
real legitimate,,1.1428747482105868,-0.28167830919458203
real legitimate,,1.095793158720245,0.08517212173888787
real legitimate,,1.1557271448982662,1.0605653790757366
real legitimate,,1.1676476083415332,0.542757258442067
real legitimate,,1.1241315078357155,0.15073983996933654
real legitimate,,1.155397873302911,0.17598417505300568
real legitimate,,1.1219446250138856,0.30088103267335803
real legitimate,,1.1300811463675011,-0.09375523362110418
real legitimate,,1.0963326194632488,-0.10216884970932379
real legitimate,,1.1360411940934432,0.33090119091245795
real legitimate,,1.1085914843029894,-0.2520744844925368
real legitimate,,1.052210617423503,-3.224852271569377
real legitimate,,1.1580136135536483,-0.184684261244688
real legitimate,,1.1393544567135494,-0.04666592336090793
real legitimate,,1.0964519655301368,1.3232531426890903
real legitimate,,1.1052271601145809,0.07725015297539099
real legitimate,,1.1993018628913934,0.9643600146169573
real legitimate,,1.1407439467707505,0.09046286293776894
real legitimate,,1.1344287712614123,-0.006393730200222117
real legitimate,,1.131568748367986,-0.07185108840899997
real legitimate,,1.150435158927665,0.4498951513151286
real legitimate,,1.1605443122204644,0.07894847531011494
real legitimate,,1.1027760859479507,1.0746119662587459
real legitimate,,1.1564019264677763,0.18825807149882723
real legitimate,,1.117161401076613,0.08669414699996618
real legitimate,,1.1591128549630252,0.1648335399971601
real legitimate,,1.1624684478273042,-0.1272419005394511
real legitimate,,1.1549173899724907,0.1031989562094162
real legitimate,,1.1594040468573006,0.07923487361851515
real legitimate,,1.132863323446776,-0.011753207834183835
real legitimate,,1.1713263567743448,0.3867613900147647
real legitimate,,1.2218479479717734,1.018629007448798
real legitimate,,1.1410556835454404,-0.048846452762133744
real legitimate,,1.1282380877777547,0.20633263014756564
real legitimate,,1.1477302841038104,-0.12389716681901096
real legitimate,,1.2135640619536638,0.45376332298578925
real legitimate,,1.1685622148654686,0.15907576356596914
real legitimate,,1.125110573850912,0.007556424192002378
real legitimate,,1.0978941959608362,-5.681328283058856
real legitimate,,1.1434489707353575,-0.08996120063900805
real legitimate,,1.1396120910651582,-0.17964140804309808
real legitimate,,1.1015164509103614,-0.37286257000897194
real legitimate,,1.1143976956459118,0.033884464082625895
real legitimate,,1.1550494987491484,-0.11397830880884575
real legitimate,,1.1778829497706025,0.32438590914686055
real legitimate,,1.2720551191093112,1.2846206464319825
real legitimate,,1.1468931528841992,-0.07590368519377301
real legitimate,,1.1451827288001437,0.13775984222844262
real legitimate,,1.137225342972746,0.07704920937818786
real legitimate,,1.1473567607595538,0.2031342113407888
real legitimate,,1.0648241576688091,0.1168865286529641
real legitimate,,1.1721240301673308,-0.6813651278519157
real legitimate,,1.1745962382155133,0.25449296059848575
real legitimate,,1.1482196962995042,0.12202807448475651
real legitimate,,1.137164708073566,0.14850962523504602
real legitimate,,1.131385446445541,-0.3049545527819622
real legitimate,,1.167359883062797,-0.2926918183623572
real legitimate,,1.134442459077736,0.19053049805636257
real legitimate,,1.1569390029678432,-0.49061955777875743
real legitimate,,1.1363933440540757,-0.29390386009439523
real legitimate,,1.1172395304145746,-0.08151863696782204
real legitimate,,1.1553821702294227,-0.20003596038411148
real legitimate,,1.1376988792784921,0.11429886129702048
real legitimate,,1.1309471730933272,0.2717156177193232
real legitimate,,1.1058311470347677,0.007772710749530162
real legitimate,,1.1508012882041536,0.30389053235371455
real legitimate,,1.1575180210794682,0.40605283231230255
real legitimate,,1.151702324047203,-0.30478535651566846
real legitimate,,1.1838418330434413,-0.36539143481024017
real legitimate,,1.1543297428278185,-0.22520901898326856
real legitimate,,1.3032678456634001,-5.181021571735747
real legitimate,,1.1857443777877934,-0.2005030001490412
real legitimate,,1.1181529134878512,-0.019745322025888815
real legitimate,,1.1516137672621647,0.36129841492313797
real legitimate,,1.1175063538441246,-0.21980395246789924
real legitimate,,1.1391071165644817,-0.1832766559889928
real legitimate,,1.1262300272967236,0.37731888420244275
real legitimate,,1.1622495530429158,-0.3978741421780152
real legitimate,,1.1550908985289896,0.6769408120186857
real legitimate,,1.136363083584887,-0.012352739284041916
real legitimate,,1.1556446088187706,0.09392744968828619
real legitimate,,1.1169249318875085,0.4246971266082691
real legitimate,,1.1058872821489585,-0.051739075867391474
real legitimate,,1.128571632710159,-0.037309501358043354
real legitimate,,1.0870970952430137,-1.39028787829676
real legitimate,,1.1313614647509587,-0.03343503036828359
real legitimate,,1.0869541926060542,0.3249683575538712
real legitimate,,0.9809737233870905,-5.134784235447511
real legitimate,,1.1284524497006014,-0.04015230375230662
real legitimate,,1.1298777673922784,0.3474934510398798
real legitimate,,1.1569021433184412,0.653389791182737
real legitimate,,1.1480433910539478,-0.1785803155808035
real legitimate,,1.1282004762972375,-0.7271229266666444
real legitimate,,1.1945630613550713,0.17944773001709136
real legitimate,,1.1456510354580074,-3.054389327253272
real legitimate,,1.1427134704883701,-0.2561604257769612
real legitimate,,1.0871203170476207,-0.07978198397007609
real legitimate,,1.14176638067759,-0.33384870107292874
real legitimate,,1.1600482487800816,-0.12061087658817395
real legitimate,,1.1405964388227343,0.26257372477563923
real legitimate,,1.158759512204035,0.590318766398652
real legitimate,,1.1147455153283294,-0.22694404720939682
real legitimate,,1.1584389814337206,-0.13927320950331923
real legitimate,,1.1405623432093746,0.8367619078230106
real legitimate,,1.1161257130951339,-0.07884912103284276
real legitimate,,1.1181129212012197,0.41021378498224026
real legitimate,,1.1504475314425051,-0.3014463058873958
real legitimate,,1.136477869277667,-0.00842186684572059
real legitimate,,1.1429075828385606,-0.06790897774252432
real legitimate,,1.1273900786332964,0.2504722874670371
real legitimate,,1.134610872909025,-0.12703639682072976
real legitimate,,1.1848276895554142,0.41290534214747066
real legitimate,,1.137021577000464,0.3384802822314035
real legitimate,,1.1298467633085947,0.0894058252215603
real legitimate,,1.1472062874236264,0.12597151661938688
real legitimate,,1.1268141545959385,-0.05403302211548279
real legitimate,,1.1567751475593464,-0.30871411622688033
real legitimate,,1.1238989467746414,-0.023705978938212288
real legitimate,,1.194895332354001,1.1886833485946753
real legitimate,,1.1702092173731042,-0.11240070284663324
real legitimate,,1.1566109967194815,0.5034366200905538
real legitimate,,1.1195821629158504,-0.15116488000694084
real legitimate,,1.1356385899181882,0.020305617143092744
real legitimate,,1.1444952558268908,-0.2750910444418199
real legitimate,,1.1347868607703218,0.11997985711410007
real legitimate,,1.087831330085278,-0.5040796877449416
real legitimate,,1.152107576117109,-0.12478269231174162
real legitimate,,1.1749741127992104,-0.14296091605421224
real legitimate,,1.1306493444870735,0.20875649478741642
real legitimate,,1.1146086720022932,-0.09837563172370607
real legitimate,,1.0441223196512817,-0.6539673204301286
real legitimate,,1.1629672550804988,-0.23292141716202663
real legitimate,,1.159493803238659,0.15190698360597754
real legitimate,,1.1382002709569496,-0.08614489404709348
real legitimate,,1.1445960072241308,-0.026674456351788348
real legitimate,,1.128360112486908,-0.01280842948132134
real legitimate,,1.097152196072591,0.16694949706188317
real legitimate,,1.1048251120399155,-0.21426816691142547
real legitimate,,1.121067306973329,0.05312574651672823
real legitimate,,1.1444387709289758,-0.18140642722357125
real legitimate,,1.1179368841294208,0.2068304895965547
real legitimate,,1.140880889607939,-0.08006653964291488
real legitimate,,1.0645331665007562,-2.7702526647252275
real legitimate,,1.116941202676575,0.047227260700968485
real legitimate,,1.1287591623637165,-0.05302422848782719
real legitimate,,1.140346151607202,0.16735548877651207
real legitimate,,1.1143094513732978,0.20346277585829914
real legitimate,,1.140944392997104,0.11174421245842418
real legitimate,,1.1365998925361769,0.06011882492094166
real legitimate,,1.0880173540015319,0.75910824711243
real legitimate,,1.184032845764131,0.22713113556480324
real legitimate,,1.0933335912573234,-0.21550524680540417
real legitimate,,1.1749649498144443,0.10310152637389743
real legitimate,,1.162620127590728,0.0823220213328311
real legitimate,,1.1663605569505981,0.6280145131410839
real legitimate,,1.1260901209828371,0.3836431978146708
real legitimate,,1.1346878175686665,-0.07107056301562494
real legitimate,,1.1376899722253746,-0.11293021117871661
real legitimate,,1.1829276868898566,-0.02448327498810164
real legitimate,,1.1648606172492912,0.29923460283020287
real legitimate,,1.1516532814801408,-0.2442322368052372
real legitimate,,1.1398742116567873,1.0345431682998605
real legitimate,,1.142805819447136,-0.28529837689488474
real legitimate,,1.1453273090704474,-0.05762485664388918
real legitimate,,1.1475746889530352,0.025399125371818862
real legitimate,,1.1256473792770185,0.18813865077576264
real legitimate,,1.1414020242451477,-0.007728115686681344
real legitimate,,1.1124545244507793,-0.3723639778795926
real legitimate,,1.150381928939855,-0.22397970310464765
real legitimate,,1.137824783944184,-0.2150108599057715
real legitimate,,1.2071633626807743,-0.76996377674065
real legitimate,,1.1263726859248884,0.3937970929683781
real legitimate,,1.1777283012970012,0.7274680426999542
real legitimate,,1.135799493307958,-0.15578209477178578
real legitimate,,1.1249535078684274,-0.19275167246518232
real legitimate,,1.1562650295773813,-0.05186690424463826
real legitimate,,1.1269583886135945,0.013205108972855303
real legitimate,,1.122665354156514,0.21248275232760644
real legitimate,,1.1252757534105435,-0.0037108727587370632
real legitimate,,1.1620449470377054,-0.25453525349680783
real legitimate,,1.1529882490472938,-0.2618709230235746
real legitimate,,1.1502658060076252,-1.4193316187075373
real legitimate,,1.1290943833967553,0.021905334738354584
real legitimate,,1.1599040089418329,-0.0328678517013017
real legitimate,,1.1537906215220324,0.2261621948194119
real legitimate,,1.1266089024731458,0.04523339313152129
real legitimate,,1.1309945083766506,0.07695578205723745
real legitimate,,1.1974184581044551,0.7945800965277556
real legitimate,,1.1113491343801503,0.006762281228166592
real legitimate,,1.1098950546940631,0.2221200065889133
real legitimate,,1.1918218503299116,0.44489386956925436
real legitimate,,1.1179049122428468,0.03529639652475079
real legitimate,,1.1283630182469133,0.43620099885465957
real legitimate,,1.1221761879688583,-0.20096556193406478
real legitimate,,1.122322256940501,0.06021814193578438
real legitimate,,1.1504662103600785,-0.15494124166635925
real legitimate,,1.1587193494176673,0.25871721048935153
real legitimate,,1.133628691848096,-0.1330731996813309
real legitimate,,1.214174233656209,-0.46760956263121156
real legitimate,,1.314431188266358,-2.9862784594125937
real legitimate,,1.122659834496483,-0.39090891973245995
real legitimate,,1.0771610760384074,-0.10068384819935373
real legitimate,,1.1248532976974004,0.1187824773997239
real legitimate,,1.1363987450702357,-0.02114934980145179
real legitimate,,1.1638283184252496,0.4317233881920719
real legitimate,,1.1147647274130514,0.3376100838312486
real legitimate,,1.1621084304764153,-0.16873031004287697
real legitimate,,1.1499858173747706,0.277736641586842
real legitimate,,1.1585400563293886,0.8259495514366542
real legitimate,,1.1722706934919005,0.1745336816417291
real legitimate,,1.128616001532474,-0.0342124964628959
real legitimate,,1.1594629756254298,-0.37596297886921887
real legitimate,,1.1561064170165176,0.20613679493874382
real legitimate,,1.1214306761672992,-0.12345967921695562
real legitimate,,1.0884949616359116,0.1771359296743653
real legitimate,,1.1520134045476864,-0.20757615253302908
real legitimate,,1.1205144555555286,0.16525405327731552
real legitimate,,1.1099548133234238,-2.5351252825137474
real legitimate,,1.1472835584506285,0.05087216418523448
real legitimate,,1.1153538169980686,0.09310524453453671
real legitimate,,1.1397967107472058,-0.0488393160320333
real legitimate,,1.1257430791274294,-0.04219803801111701
real legitimate,,1.1839588619242867,0.14072673087556292
real legitimate,,1.1542059360443524,-0.19753696573951718
real legitimate,,1.1725159779697838,-0.2742325267264902
real legitimate,,1.1350116272974864,-0.018068892165672826
real legitimate,,1.1516538514860641,-0.19673066410952883
real legitimate,,1.131484934016937,0.20666795505032814
real legitimate,,1.093196718045181,0.33669234573942264
real legitimate,,1.444167314717419,-3.417948740616193
real legitimate,,1.1763142740027193,-0.10949728123459025
real legitimate,,1.0409852406134135,0.5990166638801429
real legitimate,,1.1077581199713966,-0.4778213581399794
real legitimate,,1.1939538419705102,-2.476896341286454
real legitimate,,1.168172230531309,0.23060131909844994
real legitimate,,1.1675894049348432,-0.13927199149992953
real legitimate,,1.1362373090493256,-0.035111097702464386
real legitimate,,1.1570460264566829,-0.14467113475456217
real legitimate,,1.1310488075704386,0.09984810445830782
real legitimate,,1.109960074435854,-0.04119587448511515
real legitimate,,1.186902340996519,0.7953091027775512
real legitimate,,1.1293435390512543,-0.13876278926832553
real legitimate,,1.1253891805776655,-0.024289416037943018
real legitimate,,1.1307367595076405,0.09997789648935441
real legitimate,,1.1243533155339436,-0.02790751371870813
real legitimate,,1.1396291914469474,0.05315945476707061
real legitimate,,1.1301153617665272,-0.003401359277814056
real legitimate,,1.160739699380621,-0.21255791744421682
real legitimate,,1.086915975252594,-0.07374769169872532
real legitimate,,1.1194662200190653,-0.08818419780333599
real legitimate,,1.1093656360739508,0.6512193119385383
real legitimate,,1.100602495431521,0.3491806905577635
real legitimate,,1.1442374309526302,0.3946372251723153
real legitimate,,1.1205988185614615,0.04495328730972985
real legitimate,,1.1539122881007322,-0.27234769501800116
real legitimate,,1.1399968962835483,-0.5872780994271036
real legitimate,,1.1201872580846004,0.3678809606556308
real legitimate,,1.1414751028729155,0.09459658967764377
real legitimate,,1.1747909078010166,0.03580060206053927
real legitimate,,1.1343758820280507,0.10056619549195366
real legitimate,,1.128050217687403,-1.0344293005861542
real legitimate,,1.1305997966629826,0.0447529943298499
real legitimate,,1.1453921136674154,0.048066979123731965
real legitimate,,1.1577218558342528,0.25670788793626764
real legitimate,,1.1478257601656838,-0.039382029338533645
real legitimate,,1.0986944543812198,-0.1994924304149061
real legitimate,,0.9644876699178081,-1.2581651438712471
real legitimate,,1.148752833073101,0.16343965982342046
real legitimate,,1.168687190624858,1.122665254034855
real legitimate,,1.1602619966780956,0.13164665172360807
real legitimate,,1.133501269048467,-0.30823162965942447
real legitimate,,1.1823422896135103,-0.32155015226101696
real legitimate,,1.1323808049494513,0.06543212100274666
real legitimate,,1.1278645553285824,0.03568867885718473
real legitimate,,1.1137626263708083,0.26542827743901565
real legitimate,,1.1372195337894673,0.029238103466110762
real legitimate,,1.1580799577138987,-0.2991990769560812
real legitimate,,1.136057709556304,-0.1964662509440851
real legitimate,,1.1337337331726673,0.05077965937953059
real legitimate,,0.9962330257507009,-5.237964085401702
real legitimate,,1.1387084583713387,-0.21474504951068446
real legitimate,,1.1458633778167946,0.19438209944161683
real legitimate,,1.135258506824229,0.3960465971458632
real legitimate,,1.1297412353659828,-0.15395546406727545
real legitimate,,1.143458156637147,-0.13011803997538224
real legitimate,,1.06711938795977,-0.28228368421934336
real legitimate,,1.1809389485717925,-0.15962380864839532
real legitimate,,1.1477968789765343,-0.10752912784103198
real legitimate,,1.1145023947705834,0.2290626494258064
real legitimate,,1.1926668974197971,0.11683628738730027
real legitimate,,1.1221775778089211,0.05409334703362058
real legitimate,,1.1753153441379502,-0.20332966276493497
real legitimate,,1.1601450557194652,-0.2893414608126853
real legitimate,,1.1387028664074772,-0.5655823740354687
real legitimate,,1.1616883274190837,0.3505887747682688
real legitimate,,1.076088531898149,-1.2910733810506274
real legitimate,,1.1347580212766544,-0.38057718677102637
real legitimate,,1.1752581315573412,0.15570581203753808
real legitimate,,1.2112923468457597,-0.5315928773490288
real legitimate,,1.1322072645407828,0.027771383253066925
real legitimate,,1.1389452765440482,0.13902030980665936
real legitimate,,1.1332441848453003,-0.18516147853528153
real legitimate,,1.1074268665406009,0.16421882877371863
real legitimate,,1.1309999229695207,0.583882699403206
real legitimate,,1.1441514704915106,-0.10504396013042212
real legitimate,,1.1565253096058132,-0.04425830124487497
real legitimate,,1.1385831008077547,-1.123565164297681
real legitimate,,1.1173315019132763,-0.14648200397503436
real legitimate,,1.23127709221701,-2.5899255296024926
real legitimate,,1.1256388712326024,0.3592702907031009
real legitimate,,1.1280321949052734,0.2996412964104857
real legitimate,,1.1589317748944132,-0.25862351488295404
real legitimate,,1.1377057018166528,0.16220350732297828
real legitimate,,1.1301209579688074,-0.019608176275728098
real legitimate,,1.1376477595425176,-0.026790157927632022
real legitimate,,1.141449257813107,-0.08137369883836199
real legitimate,,1.15777501003142,0.06032844882757259
real legitimate,,1.1558288928570994,-0.22011300116838212
real legitimate,,1.1280055025572993,0.5485224493073518
real legitimate,,1.115783739995454,-0.416177303032673
real legitimate,,1.1292264501461722,0.13613366608378175
real legitimate,,1.1140908983590685,0.1661426911246645
real legitimate,,1.1149774445345495,-2.426832058271046
real legitimate,,1.1237126838511435,-0.0768080266131355
real legitimate,,1.1414009759845993,0.4092715918270553
real legitimate,,1.1566009450503136,-0.21914338556671775
real legitimate,,1.142577982730836,-0.4802633068506732
real legitimate,,1.1484946594190752,0.2932032951311109
real legitimate,,1.1556437581555112,-0.12593090833890586
real legitimate,,1.1454988630619285,0.00529483098765289
real legitimate,,1.12703140926215,0.2878409482928615
real legitimate,,1.1432263217651393,0.283560619234972
real legitimate,,1.1513649425659405,0.6864993049775566
real legitimate,,1.2024237883081481,0.5851523809314405
real legitimate,,1.186929578321485,0.7731460639110189
real legitimate,,1.1424986086373559,-0.05303955700345865
real legitimate,,1.1230202387777877,0.24609493194876764
real legitimate,,1.1024730940415755,-1.5674974181848311
real legitimate,,1.1349815269796766,-0.8744749109881024
real legitimate,,1.155375050033701,-0.4276363901243475
real legitimate,,1.1229056623308056,0.03408348727423792
real legitimate,,1.168367038811369,-0.26260834540017436
real legitimate,,1.1313786525894316,-0.3495337096573641
real legitimate,,1.1322963240810637,-0.1944092168076944
real legitimate,,1.1360976006289905,-0.13408346133985927
real legitimate,,1.1285957303050178,0.6933324226053287
real legitimate,,1.1147874838251197,0.2862321685489678
real legitimate,,1.1567856803332375,0.06119413019980334
real legitimate,,1.136248858174436,0.22860300377960163
real legitimate,,1.120127980713908,-1.0408219542314132
real legitimate,,1.1327082942706719,-0.26930658331117163
real legitimate,,1.1364483654796775,-0.04608293863502429
real legitimate,,1.1468247080090137,-0.0854074437257218
real legitimate,,1.1669206043875078,0.2944417189988329
real legitimate,,1.1473473001679424,0.15061310283852425
real legitimate,,1.1449288693195423,-0.4306500112308005
real legitimate,,1.1248154194223305,0.011314647657245533
real legitimate,,1.1173389684538722,0.08180210147510812
real legitimate,,1.1351668309124752,0.025472399249619485
real legitimate,,1.1308409294062733,0.3569672621632175
real legitimate,,1.148662137249166,-0.05405211991904217
real legitimate,,1.1240056814519592,0.07402506039239397
real legitimate,,1.0866275329012378,-0.27829469820889585
real legitimate,,1.1440194229515948,0.07760480385393335
real legitimate,,1.2635722584898819,-1.112398463769947
real legitimate,,1.137184912065033,-0.24253077743428603
real legitimate,,1.1383027497981042,0.01581103117485197
real legitimate,,1.066723130749759,-0.0582736495247619
real legitimate,,1.1542214677309541,-0.14829152953364866
real legitimate,,1.0739383316493232,-0.12463417397305028
real legitimate,,1.1809519796649826,0.19159383945098418
real legitimate,,1.1676524536555424,0.04199790854545603
real legitimate,,1.1591252151769347,0.7898310528236676
real legitimate,,1.1528176247262063,-0.1720574792617074
real legitimate,,1.1691584801613264,0.2579739282677894
real legitimate,,1.089419318799436,0.04385959390747678
real legitimate,,1.1387525727194807,0.09526168615560056
real legitimate,,1.136172664158736,-0.7521429973025191
real legitimate,,1.1420291453771787,0.020646350345308137
real legitimate,,1.1094162895894968,0.4638442516442066
real legitimate,,1.1585726395909288,0.3120605539939981
real legitimate,,1.1168772848411679,-0.10845693202637345
real legitimate,,1.1414333893698265,-0.07386627577320211
real legitimate,,1.1193463267423076,-1.6801378708264023
real legitimate,,1.1598764513294813,-0.2692313969483047
real legitimate,,1.1453890833670168,-0.016789236681466438
real legitimate,,1.2061520877746437,0.11599332632659996
real legitimate,,1.0716613576272433,-3.1634116470912748
real legitimate,,1.1378804058835477,-0.14346321545541696
real legitimate,,1.0987121021824717,0.24480068615069417
real legitimate,,1.1458127820038224,0.07672139891874734
real legitimate,,1.18023261225317,-0.13799282828083054
real legitimate,,1.1175022308377207,-0.8693097395727057
real legitimate,,1.0904757645586542,-2.1912055903430647
real legitimate,,1.117572559718112,0.30458206032364854
real legitimate,,1.167144858116245,0.17662057463731268
real legitimate,,1.1131509485285707,-0.262617002334586
real legitimate,,1.1109589355755949,-0.0018451591062918632
real legitimate,,1.1212206557276176,0.18643256335489639
real legitimate,,1.148556161943767,0.3503123927055609
real legitimate,,1.1206395504353917,0.006840811637931918
real legitimate,,1.1350850043092362,-0.17530102636330347
real legitimate,,1.13681506194497,-0.02033375414983092
real legitimate,,1.0798391770461588,-0.2000973595556288
real legitimate,,1.170252240236882,0.43823134787083196
real legitimate,,1.1315377378085953,0.3018465099111872
real legitimate,,1.1276953364817859,-0.029323474928621793
real legitimate,,1.1394720431657357,-0.061165765254713664
real legitimate,,1.1062762575606204,0.0773663195262053
real legitimate,,1.140324520106133,-0.2939838620291283
real legitimate,,1.148865607764255,0.286500243266136
real legitimate,,0.9956374293927861,-5.232230889722099
real legitimate,,1.1307296202561046,-0.39358023536852227
real legitimate,,1.1381462499236683,-0.599029139288991
real legitimate,,1.1065101128189896,0.1434346509357471
real legitimate,,1.1104939139604362,-0.2650142893397394
real legitimate,,1.1298351583116761,0.07885409218301047
real legitimate,,1.1393562024629924,-1.024697535659966
real legitimate,,1.1506754388803055,0.15089153138316314
real legitimate,,1.1547375522781154,0.3911853880726397
real legitimate,,1.1288758802929106,-0.03678201191604412
real legitimate,,1.1299776067774332,0.5465127030424652
real legitimate,,1.0324479005277654,-4.340154753452453
real legitimate,,1.1261561848131487,0.407452208511653
real legitimate,,1.1686322835858638,0.4038911883130565
real legitimate,,1.1502372667050271,-0.13891029956298034
real legitimate,,1.1346167381232242,-0.031639017470925804
real legitimate,,1.1377083827887895,-0.10380394574481656
real legitimate,,1.139948298350308,0.17738601360178785
real legitimate,,1.1420833110031898,0.06652075972380829
real legitimate,,1.1217484663579942,0.12428833043430988
real legitimate,,1.1418272567600438,0.5224079934573094
real legitimate,,1.1491838441192503,0.17774024779462255
real legitimate,,1.1287047645044408,0.11434665310809473
real legitimate,,1.160997692646425,-0.17764381365077136
real legitimate,,1.1312868477946822,0.05403182079783635
real legitimate,,1.1282276322066995,0.022260072617901236
real legitimate,,1.1596489459766661,-0.11424935216960248
real legitimate,,1.1444341184153988,-0.18032801650813235
real legitimate,,1.1531397302519402,-0.1607128804540333
real legitimate,,1.141642929737901,-0.12910716209174045
real legitimate,,1.157186427576174,-0.24024902676771903
real legitimate,,1.1285884690503893,0.32155786198002745
real legitimate,,1.1321289316434244,-0.4628602141776043
real legitimate,,1.1428080546941974,-0.024376230805275748
real legitimate,,1.1096945465611554,-0.007980203834222946
real legitimate,,1.1658023163899163,0.4798201871442236
real legitimate,,1.0892192426948153,-0.03693481982755094
real legitimate,,1.1349148331253,0.2544703757165868
real legitimate,,1.1202941295337814,-0.2438043994071778
real legitimate,,1.1473528196741978,0.0007026175107028715
real legitimate,,1.1465221734244455,0.04972039698163107
real legitimate,,1.1452246754954118,-0.3831937390741459
real legitimate,,1.1509569908245982,0.001850414153178978
real legitimate,,1.083941675337351,-0.3147628765863533
real legitimate,,1.109341079492092,0.053754559837217705
real legitimate,,1.1219748849257107,0.32925280747437086
real legitimate,,1.212293670126363,-0.4165613174413775
real legitimate,,1.1278131953220838,0.49889776924645013
real legitimate,,1.0805234114543412,0.1852719751275369
real legitimate,,1.1505127648699882,-0.0671098429939292
real legitimate,,1.1098680979091968,-0.4497235098262453
real legitimate,,1.1222515573032954,0.2407856079200511
real legitimate,,1.1106571828983183,0.29594644959374916
real legitimate,,1.1246967476699639,-0.08251156255832136
real legitimate,,1.12938853050313,0.010673360491938413
real legitimate,,1.1118481480768283,-0.2653698672582607
real legitimate,,1.1355581273384876,0.011961173533780387
real legitimate,,1.1441050132755466,-0.8266467052166091
real legitimate,,1.173524771871019,0.2647529228365759
real legitimate,,1.1158670627092286,0.04455612691101428
real legitimate,,1.1381610417680947,0.021448784693803832
real legitimate,,1.1532272449688459,0.20706585561992474
real legitimate,,1.093309821845308,0.09368137820399626
real legitimate,,1.1054234116441126,0.29206863239093195
real legitimate,,1.1890051663691523,0.5391532038059598
real legitimate,,1.1130622357480455,0.2416955336468085
real legitimate,,1.1106386239366084,-1.2759603789215768
real legitimate,,1.0693201552744815,0.21093717493484654
real legitimate,,1.1426692607346638,-0.25866501293660726
real legitimate,,1.120155951797115,0.03748364107655881
real legitimate,,1.1284793639439994,-0.027243252252704922
real legitimate,,1.0912409486446557,0.24085402477820628
real legitimate,,1.125888790341239,-1.3234580852439413
real legitimate,,1.1351074507898107,0.06171814436672117
real legitimate,,1.1383711337396556,-0.0006680148479218523
real legitimate,,1.1412521840043983,0.006869962120110193
real legitimate,,1.148796204589746,0.1296355425477913
real legitimate,,1.1089132129525132,0.2909100824112234
real legitimate,,1.1443233073060972,0.06588879109945776
real legitimate,,1.087650415512484,-0.4007207755417177
real legitimate,,1.1082399055511014,-0.28570150408998585
real legitimate,,1.1306323169942607,0.4055049426246393
real legitimate,,1.1332471864649156,-0.02270109767121138
real legitimate,,1.1127065864797274,0.013086214632691925
real legitimate,,1.0421613891358303,-0.7595376557157917
real legitimate,,1.1344877352614735,-0.01480759543800493
real legitimate,,1.1340908700961898,0.3807525680716868
real legitimate,,1.1286054808261314,0.022927529941071487
real legitimate,,1.1417737804662884,0.14344594727471405
real legitimate,,1.1620035910533095,0.05105982829151133
real legitimate,,1.1499941829425566,0.3273085519119691
real legitimate,,1.1184953026279492,0.13454193352728583
real legitimate,,1.1109010537097972,-0.0918262484966736
real legitimate,,1.1201816464320893,-0.04079797278853104
real legitimate,,1.1667361891595174,-0.3201381890783167
real legitimate,,1.1189152434275724,0.3587774789082854
real legitimate,,1.154135331811956,-0.01901011553212066
real legitimate,,1.1486482399680582,-0.2905792554515079
real legitimate,,1.1748291183680994,0.20114227066645268
real legitimate,,1.1569936499597977,-0.3130994816226279
real legitimate,,1.161908722515637,-0.17508949214394165
real legitimate,,1.128530414654779,-0.061044293622153925
real legitimate,,1.0855666190235838,0.22153815070575134
real legitimate,,1.1455810933859047,0.33959969758616526
real legitimate,,1.1414051137200723,0.4947734687619527
real legitimate,,1.0745310940885349,0.36194208750914547
real legitimate,,1.186541029938661,0.3702527631441616
real legitimate,,1.159678683873455,0.40197674767671354
real legitimate,,1.1531606068420661,0.2078124345937954
real legitimate,,1.142251119323482,-0.13782973635792806
real legitimate,,1.1071745683091612,-0.23357927752550106
real legitimate,,1.169056161282736,1.172163944533445
real legitimate,,1.153698170676571,0.4268317413878602
real legitimate,,1.127020376301916,0.10072436032695224
real legitimate,,1.1160019438622473,-0.008385660319691027
real legitimate,,1.1421389305085925,0.034572635170822846
real legitimate,,1.1469006652516425,0.021647912917221276
real legitimate,,1.1650268170732687,0.0635570541829961
real legitimate,,1.1643509228117728,0.18350036860503316
real legitimate,,1.1351913010355377,-0.11498574038451127
real legitimate,,1.1160143975879777,-0.01974178920987614
real legitimate,,1.115910315637867,-0.9044087799707088
real legitimate,,1.1220108026799138,-0.030019353475613367
real legitimate,,1.1685424484613889,0.14577368167515126
real legitimate,,1.157658664673352,-0.25272980423292374
real legitimate,,1.0964805285601906,0.26196056725067074
real legitimate,,1.168669691990097,-0.4920323832330614
real legitimate,,1.1447131118299507,-0.19837286808196586
real legitimate,,1.139538575512334,0.36018316545846807
real legitimate,,1.145722376418664,0.285894852031617
real legitimate,,1.122084866900971,-0.19708727225915135
real legitimate,,1.1675880059371724,-0.958709343867155
real legitimate,,1.140430297948495,0.055528563636270525
real legitimate,,1.141012713422733,-0.20592351380307483
real legitimate,,1.164864678075006,-0.0029248701985954
real legitimate,,1.1558951636013122,-0.15925207181414358
real legitimate,,1.1546336081632007,-0.16161883918980058
real legitimate,,1.1502765359210088,-0.09694622743596067
real legitimate,,1.1143704089901452,0.19482358217642204
real legitimate,,1.1421566858074175,0.48536053608221263
real legitimate,,1.1337865567768382,0.03509483186835598
real legitimate,,1.1226566587704139,0.26984865876746833
real legitimate,,1.1595718297216784,0.10662872520719756
real legitimate,,1.1337949554413498,0.34147127900366914
real legitimate,,1.1740467902515017,0.3450161876679189
real legitimate,,1.106601024547056,-0.22829708457938236
real legitimate,,1.1095218918218328,-0.853758064545451
real legitimate,,1.1500189055099972,0.001825605529012675
real legitimate,,1.145026591690346,0.25470287298389094
real legitimate,,1.146924126871291,0.047780710179298816
real legitimate,,1.1617189595023691,-0.33485350108365225
real legitimate,,1.1302241497191652,0.3574698972592716
real legitimate,,1.155798404813631,-0.16657404141436727
real legitimate,,1.1782616851517373,-0.45256313689406846
real legitimate,,1.1767482921646462,0.1834271348173418
real legitimate,,1.1384544886804295,-0.16082351918900634
real legitimate,,1.1288942683558096,0.030061574111356557
real legitimate,,1.1017759559584739,-0.22078881244881943
real legitimate,,1.1767500351468616,-0.22256560696797079
real legitimate,,1.1714842313106169,1.00041533426214
real legitimate,,1.1628221225014146,-0.15834245788174192
real legitimate,,0.7578727749236213,-3.1590376969840452
real legitimate,,1.1328825663424489,-0.24166321715702355
real legitimate,,1.111856117228385,0.39677284335393614
real legitimate,,1.1023104599702234,-0.34730347341014317
real legitimate,,1.1605864169537627,0.6266551252665836
real legitimate,,1.0828969962010162,-0.21136613390761672
real legitimate,,1.1743842377863714,0.1886836914196539
real legitimate,,1.150990805259711,-0.24058416507739333
real legitimate,,1.1327211844897467,0.09947936828690195
real legitimate,,1.135264180160476,0.202068371317904
real legitimate,,1.153634588293895,-0.17468159554899088
real legitimate,,1.112940590290102,-0.018707904118452037
real legitimate,,1.1383789136378415,0.35451608640649496
real legitimate,,1.169649614265977,-0.3222868216550007
real legitimate,,1.137269513908135,0.11049415631438979
real legitimate,,1.1033885718669338,0.18950070949329195
real legitimate,,1.1002481610463652,-0.2589002158756176
real legitimate,,1.1455196366671387,-0.0010346817439128159
real legitimate,,1.1439845788089187,0.07617485395145239
real legitimate,,1.1269689164952335,-0.0988431278800866
real legitimate,,1.1425881024973708,-0.1319406226639308
real legitimate,,1.1324392285754599,-0.03856406307564482
real legitimate,,1.134371619750283,0.06741829852569507
real legitimate,,1.1128194387301236,-0.05598362193662955
real legitimate,,1.1511977021344328,0.011456652067409187
real legitimate,,1.0423478386161553,-2.770890056697583
real legitimate,,1.121819556714621,-0.026392730069233497
real legitimate,,1.1367273265863318,0.000716829887310963
real legitimate,,1.1181300904997888,0.3371850318298094
real legitimate,,1.1428947003579089,0.010276794668583542
real legitimate,,1.1155836903061873,-0.37208777599617615
real legitimate,,1.1414626024966847,-0.1050599920336059
real legitimate,,1.0985741561851916,-0.48785856049490495
real legitimate,,1.1468628113884285,0.16273301082595815
real legitimate,,1.135643286098854,-0.03974540392999938
real legitimate,,1.1441740047367552,-0.06847489010482428
real legitimate,,1.1372122836331946,-0.09112506275311462
real legitimate,,1.1093679197755382,0.0917757554802426
real legitimate,,1.1244002785334954,0.2510477660546676
real legitimate,,0.9768806107594161,-12.902959181100126
real legitimate,,1.1309329312120016,0.09678637350431858
real legitimate,,1.131534903079676,0.05793768103210083
real legitimate,,1.1668974670941716,-0.2923361431924565
real legitimate,,1.1208674594037689,-0.3342181498719135
real legitimate,,1.1207278722823737,0.4490174730682692
real legitimate,,1.1761570829041739,-0.33921320291405016
real legitimate,,1.1437408094381774,-0.05462441808556008
real legitimate,,1.1317349377194357,-0.036850405472776585
real legitimate,,1.0521048219301619,3.9122997571320113
real legitimate,,1.1491700075029518,-0.13830106621144767
real legitimate,,1.14951769986366,-0.19960596134815312
real legitimate,,1.1426391711316812,-0.023621052357898895
real legitimate,,1.19469831061482,-0.06885878663427782
real legitimate,,1.1337971246839693,-0.22190005085939063
real legitimate,,1.11380387562449,0.6435581547143518
real legitimate,,1.1262001826677894,-0.1063480092103218
real legitimate,,1.1327374311151934,-0.05467841454810792
real legitimate,,1.1397638280695208,-0.5684484189621025
real legitimate,,1.1333852092520544,0.1409443174361732
real legitimate,,1.2008692056399854,-0.3614054443676723
real legitimate,,1.1443188148194932,0.065795080310991
real legitimate,,1.1064930384585563,0.17012196074944252
real legitimate,,1.0841746106551668,-2.2304374711641257
real legitimate,,1.1430792936450835,0.15877491279595818
real legitimate,,1.2222274566601974,0.3908513900938659
real legitimate,,1.165456808720929,0.6175019543280802
real legitimate,,1.171327356509644,1.0202471299141131
real legitimate,,1.1479087838696094,0.05135300607223013
real legitimate,,1.1539942667928864,0.09749932151716832
real legitimate,,1.1677086412305429,-0.004958302376249404
real legitimate,,1.1581430972952207,0.030099957106697994
real legitimate,,1.136963326936366,0.020288860835364728
real legitimate,,1.1621503108078413,-0.3118532593894917
real legitimate,,1.1375383888747006,-0.24836751966994108
real legitimate,,1.1367168281997262,0.12873476994102034
real legitimate,,1.144165690796773,-0.14839381672791063
real legitimate,,1.1291895340865405,0.5771853933185196
real legitimate,,1.1513084931939694,0.10960053077148886
real legitimate,,1.1386067892250713,0.4245062382915241
real legitimate,,1.1250913059734269,-0.08127779442056297
real legitimate,,1.1432651113023165,0.7593799816606059
real legitimate,,1.1237302435923309,0.1216007172352782
real legitimate,,1.1204974020571001,0.19380895242962703
real legitimate,,1.159656467360203,0.20184481082981154
real legitimate,,1.1394136814091862,0.037110092226009014
real legitimate,,1.1249204519596891,-0.15358639540260322
real legitimate,,1.0968781387727056,0.022690259512994623
real legitimate,,1.1326920551469133,-0.030967754564713026
real legitimate,,1.1422426066644118,-0.25755871618078197
real legitimate,,1.1225161135474002,-0.015961691324071506
real legitimate,,1.0354456469870181,-3.810652554746735
real legitimate,,1.1949869187040518,-1.425590829050306
real legitimate,,1.0902307906017024,-0.8694505827651092
real legitimate,,1.1028230253268345,0.09965654130374445
real legitimate,,1.1752041655771435,0.3843657944689951
real legitimate,,1.1413764124870636,0.27348076725428727
real legitimate,,1.1782866918489157,0.03305664546037369
real legitimate,,1.136819099338246,0.31298693410991507
real legitimate,,1.1478738713982755,-0.2666068854716413
real legitimate,,1.1353093888555867,0.01703424208125369
real legitimate,,1.1843059211833582,0.40831582669766
real legitimate,,1.120958087215013,0.1329609365009468
real legitimate,,1.1690647621402113,-0.3224003403798314
real legitimate,,1.143134870488376,-0.28464793888246753
real legitimate,,1.1216702312608173,0.09815310288269051
real legitimate,,0.7713353626275896,-1.8522074227493803
real legitimate,,1.1848881294323097,-1.023405148823463
real legitimate,,1.1327910622849917,0.11079662250688872
real legitimate,,1.1032108988740486,-0.24723366078797115
real legitimate,,1.1592183122357698,1.031901008329043
real legitimate,,1.1529599154992747,-0.3223018487206531
real legitimate,,1.1766072367398002,-0.2448675011025777
real legitimate,,1.1566866822859279,-0.10229998665427532
real legitimate,,1.148551992671405,-0.3546090429918137
real legitimate,,1.1838654545294687,0.23647505657584866
real legitimate,,1.124596838107883,0.0874163315239294
real legitimate,,1.1339935168451891,-0.283537523768378
real legitimate,,1.150373415544164,0.10591979107740655
real legitimate,,1.1634416935032643,0.2506131563013189
real legitimate,,1.1366231730147778,-0.017699737371484794
real legitimate,,1.148932902148775,0.5335000435804971
real legitimate,,1.1387023841541404,0.1924290132856441
real legitimate,,1.073512251522546,0.023862381958343296
real legitimate,,1.1077084142544151,0.14527290329198228
real legitimate,,1.1725821197074748,-0.182812034679881
real legitimate,,1.1157010811697885,0.15016942049661952
real legitimate,,1.138458042202555,-0.11952089250770105
real legitimate,,1.1456787093502623,0.010063695212601517
real legitimate,,1.1192761974455248,-0.15487252297554976
real legitimate,,1.151134201479331,-0.1396999654992323
real legitimate,,1.1534456807056788,0.05019111624674387
real legitimate,,1.1130703862898346,0.05789809373042286
real legitimate,,1.1177441675201147,0.04903187263401097
real legitimate,,1.0741813667066091,-0.052282928174560775
real legitimate,,1.1509833005338894,0.16515652837631417
real legitimate,,1.1314856183594693,0.11429998471730561
real legitimate,,1.1005445912910905,0.19933444362903763
real legitimate,,1.1102035305079534,0.059687961475184
real legitimate,,1.1556106837464408,-0.17715136627988842
real legitimate,,1.1420370151999464,-0.2385500873985847
real legitimate,,1.1214551649557158,-0.37560296148230565
real legitimate,,1.1364009504666153,0.0597086731383603
real legitimate,,1.1530091642420273,0.21871169073527835
real legitimate,,1.2006142098279757,0.8667179651587711
real legitimate,,1.1144176114665096,0.4256904931556351
real legitimate,,1.1401361465366633,-0.0827212978653933
real legitimate,,1.1570074199913845,-0.16335222941940125
real legitimate,,1.148261089009397,-0.21347921371551015
real legitimate,,1.1730766412316724,-1.1137734252536085
real legitimate,,1.1448682078403427,-0.09962159211137163
real legitimate,,1.1375749593011568,0.16306625498171107
real legitimate,,1.1300248236111385,0.15019860076264413
real legitimate,,1.1311753078964704,0.13420984121465773
real legitimate,,1.1352550298142419,0.018842002687809986
real legitimate,,1.1175166774925496,-0.08535092321120447
real legitimate,,1.10353641302686,-2.4973493885437206
real legitimate,,1.1444091571164166,-0.24902500577949582
real legitimate,,1.142407631850154,0.06140633901306718
real legitimate,,1.1375961027148933,-0.16752478841805712
real legitimate,,1.1476852961705306,0.25161023620368045
real legitimate,,1.0966534300116928,-0.12653835638229155
real legitimate,,1.111962580806475,-0.1266302919376321
real legitimate,,1.2306809319685483,-0.1412946900903546
real legitimate,,1.1553769516416703,-0.25843204379330015
real legitimate,,1.108454967897686,0.3919587828360996
real legitimate,,1.1135974148584533,-0.18346545237626521
real legitimate,,1.1208385186122118,0.1337157589549905
real legitimate,,1.1547716264514392,-0.24392494943913995
real legitimate,,1.1514517442192314,-0.17882933241658971
real legitimate,,1.1538679081693692,-0.08647423364199526
real legitimate,,1.1804624132387476,0.31880610937745635
real legitimate,,1.3097906418107965,1.5397805829097895
real legitimate,,1.0390881026809908,-2.20635789397194
real legitimate,,1.1028438825376377,-0.3343538252866707
real legitimate,,1.1868832586170452,0.5339861125806328
real legitimate,,1.1359429349845271,-1.2076392026938347
real legitimate,,1.1185480763707396,-0.026708105594863377
real legitimate,,1.2238282094692146,0.3694685589860317
real legitimate,,1.1350719873795867,0.07804300898976356
real legitimate,,1.1426864109057888,0.48832420140638744
real legitimate,,1.1378418043602654,0.05846953283430108
real legitimate,,1.1419540491447933,-0.14676732740536963
real legitimate,,1.104599972716795,-0.2978593106134739
real legitimate,,1.0405070723914671,0.08597135437147228
real legitimate,,1.1401636295920006,0.07730312596536724
real legitimate,,1.158685722401468,-0.19901521465641447
real legitimate,,1.1761841667167725,0.70328839741358
real legitimate,,1.118787273329258,-0.05967818073768401
real legitimate,,1.094243681444035,-0.2822746040217727
real legitimate,,1.1544133300053236,0.021062838409269743
real legitimate,,1.1518260033577645,0.031956014170966815
real legitimate,,1.1474848388114751,0.2755571461935498
real legitimate,,1.1231728601467956,-0.45180571151312166
real legitimate,,1.1481818006970366,-0.7392032383615419
real legitimate,,1.126458868874673,0.016115170233877804
real legitimate,,1.1642797868134882,0.38849911209908383
real legitimate,,1.0373149966067619,-6.875053382643219
real legitimate,,1.1429021200980043,-0.12678513158535498
real legitimate,,1.1011086196557116,-2.3861585523986175
real legitimate,,1.160476585010671,-0.3004846720789088
real legitimate,,1.1949875594436592,0.8002767092470694
real legitimate,,1.1328142087323256,0.3064967915438192
real legitimate,,1.1432573772581511,0.06231855703901089
real legitimate,,1.1140402665716114,0.04366281556036865
real legitimate,,1.0921226727911792,-0.2899025857361461
real legitimate,,1.181935151527843,-0.054102880490313934
real legitimate,,1.0815023591119188,0.033440453512433174
real legitimate,,1.0724410631348151,0.19625139468518682
real legitimate,,1.1057620249475302,-0.04120881361556426
real legitimate,,1.117920872329723,-2.2414225944614543
real legitimate,,1.1436297924167882,0.6704019934581361
real legitimate,,1.1137332518644842,0.28027778748588916
real legitimate,,1.14033201516038,1.1339389034712037
real legitimate,,1.1065607388679144,0.34861426572974236
real legitimate,,1.1337475922713003,-0.3326324001688709
real legitimate,,1.12965736565792,-0.11281163643302998
real legitimate,,1.1125013950499403,-2.5816929788398753
real legitimate,,1.1416893115163038,-0.21693177228758043
real legitimate,,1.1518356128686371,0.19580892999113864
real legitimate,,1.1430815061210167,0.03089216222026496
real legitimate,,1.147390031488484,-0.2861814535776501
real legitimate,,1.1322344924525751,0.09632910095769813
real legitimate,,1.1175435472397894,0.18042175720327802
real legitimate,,1.10159171359627,0.03025958548425954
real legitimate,,1.1379489900303925,1.1241814895660456
real legitimate,,1.121570538899646,-0.31530342923247
real legitimate,,1.132010608204502,-0.11866199305913518
real legitimate,,1.151356432201028,0.04893180199186002
real legitimate,,1.1222300679354156,0.06068906902342362
real legitimate,,1.158086387472919,-0.15031444215939832
real legitimate,,1.1485195152546284,0.009305081816703961
real legitimate,,1.1456992033143667,0.6270230028987203
real legitimate,,1.1173230267525136,0.1905391258405923
real legitimate,,1.1404179959442917,0.23882962729546298
real legitimate,,1.135245482707539,-0.8714588910153609
real legitimate,,1.1413300506380137,-0.8185996017781267
real legitimate,,1.1659663520788277,-0.15498063934675
real legitimate,,1.154449369100654,-0.2666219483910109
real legitimate,,1.137740785787484,0.39545101734056287
real legitimate,,1.1148407419840933,0.0029099520053123967
real legitimate,,1.1439708965200708,0.004959984246391866
real legitimate,,1.1609392626008086,0.23973692695076854
real legitimate,,1.1524676053165295,-0.04236285719682588
real legitimate,,1.1368148539682847,-0.2615649535264347
real legitimate,,1.1352190024305129,0.457017692356233
real legitimate,,1.132995630568083,-0.034483046355821126
real legitimate,,1.1527602187755537,-0.1349377387479212
real legitimate,,1.088787080270074,0.17352544424583383
real legitimate,,1.1659037362521874,0.4945253556813699
real legitimate,,1.1496022914152946,-0.27934855950243886
real legitimate,,1.1293419841834056,-0.05073854483150285
real legitimate,,1.1565206046352037,0.22321351081342716
real legitimate,,1.1284705692493306,-0.08118891333327712
real legitimate,,1.1183791692494405,0.35381189480982256
real legitimate,,1.1547592935705902,-0.2196648449005667
real legitimate,,1.0352632032558398,-4.364439752523441
real legitimate,,1.139845333501179,-0.26196331683174434
real legitimate,,1.15375691121915,0.2053237480176675
real legitimate,,1.1339300599839637,0.009694387537324753
real legitimate,,1.1229078110084563,0.28628251032228014
real legitimate,,1.1682394478009441,-1.3604339059878487
real legitimate,,1.1442590254225649,0.19505135432101683
real legitimate,,1.1313271870106933,-0.15950951887239073
real legitimate,,1.1471775990934736,-0.11430551631453138
real legitimate,,1.1494822685676072,0.25172864158746133
real legitimate,,1.141091580590617,0.09693507278069695
real legitimate,,1.1279363537454519,1.0001485676111717
real legitimate,,1.1710005785962925,-0.32498163199192814
real legitimate,,1.1291642809815756,0.2563631955246836
real legitimate,,1.1169841026101055,-0.22723115960446905
real legitimate,,1.1538084192341997,-0.15640850881368606
real legitimate,,1.1634346092805876,0.3832907768224369
real legitimate,,1.1204437522279778,0.13864270180703975
real legitimate,,1.1855422590995301,-0.21773496698480682
real legitimate,,1.126071561535325,0.232239950892916
real legitimate,,1.1253686191170726,-0.005208929456515701
real legitimate,,1.232780490545565,0.963481308604776
real legitimate,,1.156223514251987,-0.06458053350787636
real legitimate,,1.1238975132898386,-0.019695676952645083
real legitimate,,1.149637552913988,-0.037538828112058234
real legitimate,,1.1246637825019912,-0.06260768267071005
real legitimate,,1.1386547356477699,-0.3063243757118524
real legitimate,,1.1571000640894293,0.3774602330239625
real legitimate,,1.1850312129367406,0.4522131323802847
real legitimate,,1.1818004759348477,0.49669219214489724
real legitimate,,1.1014600262236107,0.1482604191545353
real legitimate,,1.153444722984039,0.6453951486365317
real legitimate,,1.134738010835893,0.1255252261697311
real legitimate,,1.1257670562951831,-0.14874025863837792
real legitimate,,1.187979466233922,0.3721139333461738
real legitimate,,1.1107176899979272,0.022826565015713715
real legitimate,,1.1259937941285425,0.5561306946346257
real legitimate,,1.1123257120423156,-0.12089415537087934
real legitimate,,1.1057717005892203,-0.3353294751385186
real legitimate,,1.1124516239510112,0.0917413481984256
real legitimate,,1.228453289446433,0.7197483380784466
real legitimate,,1.0381345566064515,-4.2724551301508695
real legitimate,,1.1261053379104131,-0.056311177938815564
real legitimate,,1.1795127544527348,-0.3287361137543765
real legitimate,,1.1920621079693994,-0.1751430379754335
real legitimate,,1.1553633894248283,-0.4501024219950007
real legitimate,,1.1168249765517997,0.18662522634005652
real legitimate,,1.12969652855901,-0.1563497230164707
real legitimate,,1.1010076645350053,0.11711556617545953
real legitimate,,1.148221370471752,0.12442756070625392
real legitimate,,1.1261160250446107,0.01029700038910382
real legitimate,,1.148442024893809,-0.4313901647740612
real legitimate,,1.1715167894344352,0.21437541784322955
real legitimate,,1.1382532499185802,-0.006880786956081922
real legitimate,,1.1636641077119756,-0.04611070333146407
real legitimate,,1.1233035049127524,0.09826860382125234
real legitimate,,1.1487148328292633,-0.3050565038282421
real legitimate,,1.142307811199306,0.24446310896886536
real legitimate,,1.1295133563715072,0.40033303861294867
real legitimate,,1.1394155412718905,0.6512226892397477
real legitimate,,1.198918468629734,0.35868499456168956
real legitimate,,1.1537419217349705,0.2118068855111429
real legitimate,,1.103063501315087,0.09957618321428406
real legitimate,,1.1679764792147447,-1.3990481463193738
real legitimate,,1.1375945141925463,-0.3105292503547131
real legitimate,,1.114544379705105,-0.5955913941770375
real legitimate,,1.1592373572353385,-0.07812168719998754
real legitimate,,1.1437906939649687,-0.0978337774401566
real legitimate,,1.1342466578769814,0.03998736698368931
real legitimate,,1.1136614197094141,-0.17091505249476535
real legitimate,,1.1593926121454472,0.036042114307975145
real legitimate,,1.1128521525432502,0.6548915846972232
real legitimate,,1.119803783678314,0.05052982534585958
real legitimate,,1.1692111759184904,0.46868941777324513
real legitimate,,1.158237503150695,-0.25063099257285965
real legitimate,,1.1416850389790536,0.075783963272377
real legitimate,,1.1111528289043309,-0.10084183946090534
real legitimate,,1.1041337269029325,-0.3498607428873757
real legitimate,,1.1532747982713332,0.20745307888110043
real legitimate,,1.1198002921071248,0.17948595779092175
real legitimate,,0.6455559705541666,-17.22864225457562
real legitimate,,1.1478472805261999,-0.177051442413159
real legitimate,,1.2040801236053977,-0.46898013187507553
real legitimate,,1.1460463348197716,0.01066926613416401
real legitimate,,1.0973587865715082,0.3528901024349857
real legitimate,,1.1458113359356874,-0.3403799141023919
real legitimate,,1.1701540344790433,0.18757087885388024
real legitimate,,1.180014917664353,0.6493561809002405
real legitimate,,1.135044398215343,0.5190910684163503
real legitimate,,1.1513109525611709,-0.3417692050021844
real legitimate,,1.1502226507562172,0.14138128081344425
real legitimate,,1.1511929027482721,-0.2017816730105771
real legitimate,,1.1580697187612596,0.10385428190431566
real legitimate,,1.129558128575228,-0.18703713789642
real legitimate,,1.1327258793051045,-0.8631410192480697
real legitimate,,1.1621671028538645,0.4833817006145551
real legitimate,,1.137016079127076,-0.22883659625173253
real legitimate,,1.1488084154358162,-0.4254219399503935
real legitimate,,1.1335187512638836,1.0562476547641837
real legitimate,,1.1315058542710987,-0.1997686761835193
real legitimate,,1.1350316154708866,1.2882041198570504
real legitimate,,1.0823568239157502,-0.13754231841388687
real legitimate,,1.155314940085591,0.03857563539665447
real legitimate,,1.1198491279027774,-0.0026568610493491046
real legitimate,,1.1321470222776646,0.6530839118241983
real legitimate,,1.130020266682852,1.2933459058623016
real legitimate,,1.1310742315785591,-0.12177221559131134
real legitimate,,1.0944473288011025,0.1255021242975487
real legitimate,,1.1673821365644228,0.1806212407365072
real legitimate,,1.1492136811526215,-1.0206445317483166
real legitimate,,1.132115406662496,0.10623124375712033
real legitimate,,1.1029163876164105,0.3403395874688033
real legitimate,,1.122631542435984,0.3149738439627729
real legitimate,,1.130809159036556,0.02600301787811342
real legitimate,,1.1402916326067136,-0.09069203088888285
real legitimate,,1.1537372101107939,-0.19500078534957976
real legitimate,,1.1197749857949129,0.24755950601666254
real legitimate,,1.159446620408769,-0.14931957407753266
real legitimate,,1.0609842460724368,-0.4555681373431857
real legitimate,,1.1480155891462427,-0.18292973005587676
real legitimate,,1.170635749410289,-0.24321755613569745
real legitimate,,1.1155284879338285,-1.263433530702027
real legitimate,,1.1240628852357188,0.17093995438594983
real legitimate,,1.2152194426133651,-1.7215334861163853
real legitimate,,1.10139728134842,0.397060622498555
real legitimate,,1.0977575055265645,0.4280252767542485
real legitimate,,1.102199017072854,-2.3976316960325033
real legitimate,,1.1336536431434672,-0.015030569679713737
real legitimate,,1.1494064718419883,0.19254645075406418
real legitimate,,1.1470323144174763,-0.23532531794179745
real legitimate,,1.1438016720087818,-1.0808157903503712
real legitimate,,1.1055120026674523,-0.33264807061263235
real legitimate,,1.1846202154960448,-0.27462842333476767
real legitimate,,1.1333683210665395,0.3160334493828695
real legitimate,,1.1319280328324053,0.13593082420281621
real legitimate,,1.1454393250853934,0.4643065513804867
real legitimate,,1.0280579275832546,-4.9783198221862275
real legitimate,,1.1598252246052834,0.38613986086011687
real legitimate,,1.136165104745806,0.2913669418663344
real legitimate,,1.1801340755102179,0.5527594135425759
real legitimate,,1.1608555191990448,0.21557554685070512
real legitimate,,1.0933515888081515,0.29412563402322184
real legitimate,,1.096495188019229,0.537127285888549
real legitimate,,1.187705482754144,0.26654769406448187
real legitimate,,1.1379429192752075,-0.036715120919139296
real legitimate,,1.1554811544614947,-0.1257384829142532
real legitimate,,1.2077949778052515,0.9474461424806377
real legitimate,,1.1278421662629854,0.02163325512001378
real legitimate,,1.1315804335793678,0.08299826242687534
real legitimate,,1.1235778255910294,-0.0401760727407436
real legitimate,,1.1251475834717528,-0.019533998702508756
real legitimate,,0.9863469335784198,-1.5151134632522913
real legitimate,,1.1673577167400888,-0.1521619417922947
real legitimate,,1.1121787028824335,-0.7389844893219316
real legitimate,,1.1336258493902525,0.18539787166367516
real legitimate,,1.1307956498873406,0.14751357498551598
real legitimate,,1.121092049516082,-0.1411603351954922
real legitimate,,1.1234169124594713,-0.22585898325542325
real legitimate,,1.1123745620317875,-1.8815147016746714
real legitimate,,1.1301615878979812,0.049201946691255646
real legitimate,,1.1363237878122168,0.06704474165478978
real legitimate,,0.9464632901040135,-0.7079505948855727
real legitimate,,1.1128548389583086,0.17128508688359534
real legitimate,,1.1370086004524038,0.11126927412611436
real legitimate,,1.1729010891633895,0.6469727453341276
real legitimate,,1.1472834750818248,0.11407002529738343
real legitimate,,1.1508570483158032,0.2280378049698405
real legitimate,,1.152740398818542,-0.10516872881023993
real legitimate,,1.1354034294829476,-0.10923659407818782
real legitimate,,1.1619996786441265,-0.1305558709236957
real legitimate,,1.1367784921777895,0.03232148721914248
real legitimate,,1.1113320723231257,-1.0707515055205123
real legitimate,,1.1421570678937125,0.16418828151035125
real legitimate,,1.1460529764972986,-0.2904999437763042
real legitimate,,1.12680554781597,0.5139647066328117
real legitimate,,1.1652477052061219,-0.28937635828512115
real legitimate,,1.1456038601594585,-0.04836954433065495
real legitimate,,1.1562740631059307,-0.176221988691403
real legitimate,,1.1289175535651481,0.22036105823363517
real legitimate,,1.1854867321786455,0.41316205631981484
real legitimate,,1.1388732757763962,0.10258950341656324
real legitimate,,1.1546204085321805,0.01912610815535891
real legitimate,,1.142264450765454,-0.25614420525391146
real legitimate,,1.1503963034194093,-0.308376576831717
real legitimate,,1.160671041020191,-0.13203783479990128
real legitimate,,1.1410577850003913,0.4177347889661731
real legitimate,,1.110359782359865,0.1329870489964402
real legitimate,,1.143614001980051,-0.12384439116489744
real legitimate,,1.1287742992712602,-0.027902041735798702
real legitimate,,1.1232801698914,0.08691587830421542
real legitimate,,1.1712182348156799,0.7511086085096239
real legitimate,,1.1602015991395664,0.6505882838028267
real legitimate,,1.155955734548154,-0.22698814678788182
real legitimate,,1.1311041202542493,-0.158947631262017
real legitimate,,1.0886003687912482,0.1621044180273491
real legitimate,,1.1428591857336712,-0.10786268586760935
real legitimate,,1.1357199859864544,-0.0008222954332908344
real legitimate,,1.114449243389317,-1.6723814301082223
real legitimate,,1.1418708425620145,0.15371143326354653
real legitimate,,1.1351938140726123,0.0339468932535628
real legitimate,,1.13504015097829,0.02588989090985437
real legitimate,,1.4426297068034928,-1.7738771528065582
real legitimate,,1.1385603643186237,0.2910479104078308
real legitimate,,1.1121278690175926,-0.2387210726928209
real legitimate,,1.1295035444405452,-0.013496126275289802
real legitimate,,1.1349195410226798,-0.17724864175859656
real legitimate,,1.0750527528648854,0.5775806815532004
real legitimate,,1.1470902672660699,-0.11966471259970186
real legitimate,,1.1525299741268942,-0.057436660363063344
real legitimate,,1.1223689239839512,0.007739629182274985
real legitimate,,1.1473069234424265,-0.34468321015313086
real legitimate,,1.1351091614879283,-0.05912984519471039
real legitimate,,1.1445508316647557,-0.1955775265976331
real legitimate,,1.1026140066836507,-0.34551265106316437
real legitimate,,1.178584183851455,-0.01706625115546434
real legitimate,,1.1348633795592942,0.43429980150263536
real legitimate,,1.1489849473837983,0.18220416683861407
real legitimate,,1.126644807298082,0.053678347212005026
real legitimate,,1.1712741831880724,-0.1899313431629311
real legitimate,,1.1722386041910058,0.22259349634907566
real legitimate,,1.168726575171806,0.02459677357622113
real legitimate,,1.1278912194809045,0.3790067005232154
real legitimate,,1.1565456715925713,-0.20701953316322153
real legitimate,,1.1421986294298114,-0.07044346385612293
real legitimate,,1.134556805983919,0.22167393126637214
real legitimate,,1.150692053192612,-0.25878809292232274
real legitimate,,1.303869825760821,-5.28386400708441
real legitimate,,1.1464092023890942,0.312386598253696
real legitimate,,1.1654396116276446,-0.12487325446379578
real legitimate,,1.1319298365464725,0.2065401451955824
real legitimate,,1.1524165289979842,-0.1954802655004566
real legitimate,,1.0889471582671986,-0.4650213843866709
real legitimate,,1.142942661009234,-0.10201755013893739
real legitimate,,1.1605837138787418,-0.2025216396495937
real legitimate,,1.131486867990942,-0.154791234912178
real legitimate,,1.1022119332584954,0.19865184311720885
real legitimate,,1.182786280602105,-0.6655339173785755
real legitimate,,1.1235813156569627,-0.13602044668230784
real legitimate,,1.125614124577458,-0.11094531116301594
real legitimate,,1.127275277678298,0.3291134314927267
real legitimate,,1.1256235232672107,-0.18761464653358462
real legitimate,,1.1297249535886107,0.07726327066653697
real legitimate,,1.1952997791210802,0.32737597967143606
real legitimate,,1.1349270175096073,-0.21013910802776703
real legitimate,,1.1478444263980343,0.05035312604153917
real legitimate,,1.1730028183572079,0.74944661262952
real legitimate,,1.1245355350047646,-0.05570931923064762
real legitimate,,1.140239381251883,0.009733767505156893
real legitimate,,1.1361619503257303,0.7107093896118172
real legitimate,,1.0830632888250487,-0.7377338378944214
real legitimate,,1.1411817029022737,-0.09705980364016316
real legitimate,,1.1330358123145103,0.18912280038691515
real legitimate,,1.12355975988454,-0.07924761689151784
real legitimate,,1.152174279895202,0.061190318833546684
real legitimate,,1.0599586628025768,-0.19435586851800002
real legitimate,,1.1294464739655978,0.06986523615283828
real legitimate,,1.0610460120145486,-0.09717410669605625
real legitimate,,1.1505757939533496,0.06484236838333586
real legitimate,,1.1644082912489506,0.8849731284964806
real legitimate,,1.1622154489733236,0.5671753347612771
real legitimate,,1.161400407401173,-0.1446518743250852
real legitimate,,1.1062644299587943,-0.21361125035956752
real legitimate,,1.1585540073025895,0.28499972072452934
real legitimate,,1.1146354695322964,-0.11367295150476693
real legitimate,,1.1343433336259647,-0.18137313530483729
real legitimate,,1.1719524429550985,0.3815955724958323
real legitimate,,1.0942738225707926,-0.5026171710228752
real legitimate,,1.1328907822166983,0.2869975971170326
real legitimate,,1.1701252923485523,-0.17829902270662917
real legitimate,,1.1227474961828012,-0.14266485843028215
real legitimate,,1.1531724956842386,-0.1530694869825574
real legitimate,,1.1365125576402293,-0.14311691678357796
real legitimate,,1.1383198251741558,-0.09394703350811161
real legitimate,,1.1215304874043674,-0.08712274464784288
real legitimate,,1.089113368227278,0.2760541755832001
real legitimate,,1.132720101636124,0.17844402977077972
real legitimate,,1.1740870896032118,0.1523878001991839
real legitimate,,1.1189805612267385,-0.20879160705271527
real legitimate,,1.1281558845914557,0.18880604082948027
real legitimate,,1.124953022439249,0.13723043941269586
real legitimate,,1.1645345082945955,-0.7683424455733626
real legitimate,,1.1363100543528086,0.21179958489407313
real legitimate,,1.1161025801587878,-0.08134757874753222
real legitimate,,1.187304806884299,1.073305495918654
real legitimate,,1.1257645177057942,0.09171151425684947
real legitimate,,1.1389568267186045,-0.05336705944939442
real legitimate,,1.1158259246543663,-0.1632476066143029
real legitimate,,1.1848801337038557,0.7967235627661462
real legitimate,,1.1405662902996456,-0.32935544406028594
real legitimate,,1.1556581006412951,0.5621246531515021
real legitimate,,1.118254086422039,0.0420537591996155
real legitimate,,1.1229024088811643,-0.26664691070121693
real legitimate,,1.1475707074899368,0.4840692431841891
real legitimate,,1.1176948577939725,-0.5628709380619662
real legitimate,,1.1252792837409293,-0.07030595798167563
real legitimate,,1.1418087734116558,0.19045676089433927
real legitimate,,1.121675723096565,0.07222299608514528
real legitimate,,1.128953576290585,-0.35373563034919897
real legitimate,,1.139189026871395,0.5946899358305975
real legitimate,,1.140395680702551,-0.15117952489135295
real legitimate,,1.1325609958149396,0.12419974725543857
real legitimate,,1.1497408157663611,0.002737819196798816
real legitimate,,1.4316140432497095,1.2308283922104155
real legitimate,,1.1217081303978986,-0.021230902680911864
real legitimate,,1.151181013218515,0.0986428823204538
real legitimate,,1.0611789175654849,0.08985288676775134
real legitimate,,1.1028024698849865,-0.011067872030914597
real legitimate,,1.142177298025836,0.00192210395872576
real legitimate,,1.0934289527870036,-0.22576728177033645
real legitimate,,1.0792488814910477,0.4968534733646408
real legitimate,,1.1695966322679534,0.6919569202938856
real legitimate,,1.1560832778813799,-0.14930404445067402
real legitimate,,1.1585075555137827,-0.31680384931945693
real legitimate,,1.1433093120031348,0.1942686909049967
real legitimate,,1.1492225154156133,0.280494555605289
real legitimate,,1.132356900551131,-0.11865974351075625
real legitimate,,1.1462145706113627,-0.4319675444893711
real legitimate,,1.1571381645887573,-0.2429355173604757
real legitimate,,1.1430050949233705,-0.056728181195702346
real legitimate,,1.1402807793613463,-0.15150557113296537
real legitimate,,1.1064932879361324,0.3819093316818981
real legitimate,,1.0967714703967815,0.2617812170062188
real legitimate,,1.1563898623353777,-0.09563158746800839
real legitimate,,1.1312264339488327,-0.033905316293260504
real legitimate,,1.153461126078812,-0.04960294337795061
real legitimate,,1.1449209958713504,-0.016413357891053318
real legitimate,,1.2296511772436223,1.092808534031874
real legitimate,,1.1845020735776046,-0.03426440353839634
real legitimate,,1.125390138409522,0.0024629529317463927
real legitimate,,1.1248356755000537,-0.06718036432962891
real legitimate,,1.1782907286762159,0.420669579342445
real legitimate,,1.1936773341984188,0.8893004538855585
real legitimate,,1.1546471499427349,-0.10305448738465016
real legitimate,,1.1448954730020942,0.02478052318343947
real legitimate,,1.1560712110839093,0.04339901456267588
real legitimate,,1.132314930728524,0.05050362189426787
real legitimate,,1.138278771145688,0.041447439358259855
real legitimate,,1.0288807719597317,-0.06107854656377333
real legitimate,,1.1259298597805523,-0.13943397875094155
real legitimate,,1.1288370129466319,-0.06526471074331826
real legitimate,,1.0089048269657805,-2.2081663048367535
real legitimate,,1.1411408122561415,-0.08925868755997589
real legitimate,,1.1492537269435144,0.33682930350050055
real legitimate,,1.126000832213572,0.4216057607738951
real legitimate,,1.1658257736878632,-0.19343561876237225
real legitimate,,1.1250763810613684,0.28677986544089445
real legitimate,,1.1587320848010845,0.20698826676808996
real legitimate,,1.1388770054614532,-0.8933854878365781
real legitimate,,1.1218662448694565,0.22973485801943583
real legitimate,,1.1317504187983305,0.1032878644491788
real legitimate,,1.132576125676406,0.22506911932077478
real legitimate,,1.1568877728942495,-0.30132085639805245
real legitimate,,1.1181310347630211,0.012469086581692698
real legitimate,,1.04714272760291,-0.03796943433693413
real legitimate,,1.1312174492666571,-0.05276412057255088
real legitimate,,1.1415929359056833,-0.14421082681027952
real legitimate,,1.1423417766471489,-0.013262126183008052
real legitimate,,1.1451021701437245,0.14204055251719272
real legitimate,,1.1421563333124458,-2.1047196963364163
real legitimate,,1.1558505986347554,-0.8650678031121498
real legitimate,,1.1766040168278304,0.25376005218108844
real legitimate,,1.1396187958987722,0.4677150455790846
real legitimate,,1.165543110180589,0.39589943168517827
real legitimate,,1.1358638800652388,0.2835937546781119
real legitimate,,1.1312797261918526,-0.7518086835635714
real legitimate,,1.1264850209575483,0.10007190954785349
real legitimate,,1.1098587557728494,0.5711579187354576
real legitimate,,1.1153014717114684,-0.006674467663037073
real legitimate,,1.1783125807339199,0.8676434400991182
real legitimate,,1.130150752332072,0.03750171978964882
real legitimate,,1.040996095429871,-4.130693672707227
real legitimate,,1.140788294602743,0.4084758944760297
real legitimate,,1.1137556528139825,-0.04644671186740103
real legitimate,,1.1021716028652129,0.002590638845176449
real legitimate,,1.1218528408687236,0.01812135074430142
real legitimate,,1.1391958837548177,0.37518111348129873
real legitimate,,1.1557786183256065,-0.20142098791097168
real legitimate,,1.130382394011032,0.005043029415452746
real legitimate,,1.1402257786056265,0.17997323225107875
real legitimate,,1.1385578300790227,-0.06213951482862713
real legitimate,,1.1331325915572728,0.0972293735209694
real legitimate,,1.1223603879361832,0.19899629950074998
real legitimate,,1.1316870600244515,-0.07180509964462163
real legitimate,,1.1510439475371914,0.5743864282250764
real legitimate,,1.1269184181795147,0.2509937794624168
real legitimate,,1.1221902055218789,-0.6563457675455573
real legitimate,,1.1592560166162311,-0.21487683181325118
real legitimate,,1.112593146114907,0.18155659822545345
real legitimate,,1.1100704264860213,0.08590071921444618
real legitimate,,1.1426480450657936,0.59235229329734
real legitimate,,1.0734065760435842,0.33392159168544133
real legitimate,,1.1365429705321177,0.03481212273826316
real legitimate,,1.1166442859212398,0.04982591879874919
real legitimate,,1.1507455433204163,-0.04567388764533882
real legitimate,,1.1231002137841035,-0.1064451527453834
real legitimate,,1.1206824163788696,-0.18898274405808596
real legitimate,,1.1185189079266211,-2.456805779131984
real legitimate,,1.132199811394564,0.16329558920763015
real legitimate,,1.1000449108716277,0.05851673396830785
real legitimate,,1.1464058132224213,-0.06431590434430398
real legitimate,,1.1754876089100454,0.7235476888014185
real legitimate,,1.1211836949629226,-0.4573765211663181
real legitimate,,1.111413430597124,-0.8143262854439302
real legitimate,,1.1559825040445557,0.6916952731270978
real legitimate,,0.404939350558452,-24.295486230518147
real legitimate,,1.1273244776159637,0.026492226575472608
real legitimate,,1.1354623476997052,0.3439813147380322
real legitimate,,1.1618945832320131,-0.7223293223825521
real legitimate,,1.1415018713149154,0.32021885290139185
real legitimate,,1.1345476335634952,-0.023478625623544483
real legitimate,,1.1569429969817284,-0.27777315296320654
real legitimate,,1.143445478489906,0.21049037529725412
real legitimate,,1.1207828317360167,-0.25861262034634813
real legitimate,,1.1430194763957922,-0.16948330329790517
real legitimate,,1.1222436240562612,-0.009905575400835046
real legitimate,,1.1088474807573458,-0.2886806669490766
real legitimate,,1.1631586067215427,-0.023002147747256688
real legitimate,,1.0971398235802639,-0.12710636582043486
real legitimate,,1.1235337665628244,-0.04547962023574749
real legitimate,,1.1647663522815423,0.1794201789710529
real legitimate,,1.1518909446377288,0.4971979391941299
real legitimate,,1.1544287573881427,-0.03339464889131889
real legitimate,,1.0823599541362579,0.5029680744883316
real legitimate,,1.1258454686981576,0.025606823740019533
real legitimate,,1.1265252128537606,0.04965561924740343
real legitimate,,1.1658035586508555,-0.3360761119996544
real legitimate,,1.131554329034346,-0.1940444519853688
real legitimate,,1.1383965782469352,-0.16345796789943196
real legitimate,,1.108556829337296,-0.4546418044021481
real legitimate,,1.1183930785714244,-0.07955808994628945
real legitimate,,1.1445931842571286,-0.18939975284411126
real legitimate,,1.151928033647692,0.032979165691224374
real legitimate,,1.161678293724727,0.12954869091557625
real legitimate,,1.1615751557256608,0.11461699174169164
real legitimate,,1.1461290759795069,0.0620232075311785
real legitimate,,1.1033982821448662,0.6676298576262998
real legitimate,,1.123437454744076,0.055611145558986205
real legitimate,,1.128294677268947,0.034545847217070144
real legitimate,,1.1360609788587959,-0.13501269057627913
real legitimate,,1.1311477285908402,0.14650059068748073
real legitimate,,1.1326643090641515,0.03189366819552181
real legitimate,,1.1342571532861183,-0.15154478116059356
real legitimate,,1.1772529892254795,1.7685548959526356
real legitimate,,1.1347449561682619,-0.20028954166908597
real legitimate,,1.1240438492404388,0.07745127442420739
real legitimate,,1.137689585062957,0.012179932355958836
real legitimate,,1.1550571844018425,0.31611725103983374
real legitimate,,1.1789026689276183,0.4405614109286756
real legitimate,,1.122188054675217,0.03198215386740352
real legitimate,,1.1898864596605732,0.5096852005574539
real legitimate,,1.1520477725994303,-0.26281944673240143
real legitimate,,1.1331794855036492,-0.2433202723611414
real legitimate,,1.0745985846606385,0.2452131824308732
real legitimate,,1.1496271048947244,-0.12890681149578437
real legitimate,,1.124693635028992,0.023306591021497222
real legitimate,,1.1242102798872688,0.1696246928138484
real legitimate,,1.1525432610899229,-0.16198130606989358
real legitimate,,1.1879109947695141,-0.1562507795764635
real legitimate,,1.1538254734773576,0.2322721645951059
real legitimate,,1.1523107480092913,-0.2615293807034751
real legitimate,,1.1547864136725356,-0.16596482635226806
real legitimate,,1.1195961328949426,0.46511638589179793
real legitimate,,1.1288106246348069,-0.052468741483275086
real legitimate,,1.1319374441067884,-0.04503836891791564
real legitimate,,1.1141115365614835,0.37894113446080857
real legitimate,,1.135743166744693,-0.2782466236318515
real legitimate,,1.113023078130186,-0.18746398762576294
real legitimate,,1.1508915260882713,-0.11875477604988256
real legitimate,,1.0074547902530147,-0.4250257478574633
real legitimate,,1.1663767518785946,-0.374632595318942
real legitimate,,1.1492260205133351,-0.0032988488759665563
real legitimate,,1.1346074804885893,0.7921481748230612
real legitimate,,1.165297797335226,0.17384133655318879
real legitimate,,1.0619402041657597,0.021404327708419754
real legitimate,,1.1341587546030265,0.18085887634396025
real legitimate,,1.1143877759835763,-0.04875339143821501
real legitimate,,1.1870508203093877,0.6451545582835175
real legitimate,,1.160161321947188,-0.005115884598968071
real legitimate,,1.1044713248127995,-0.1438802103144976
real legitimate,,1.1389662846239477,-0.08790580452330411
real legitimate,,1.1356610697287866,0.11853702407859147
real legitimate,,1.1687106570927575,0.13836351231399485
real legitimate,,1.129082079513085,-0.034752969567732786
real legitimate,,1.1432850798257268,-0.3244167914055036
real legitimate,,1.165874099526763,0.1832195179473739
real legitimate,,1.1474456535228088,-0.14442970798870297
real legitimate,,1.1321379176241617,-0.12700083980480603
real legitimate,,1.168981703884615,0.16794610224613804
real legitimate,,1.098011272621282,0.003949539478660266
real legitimate,,1.1455611445284903,0.154322145088164
real legitimate,,1.1349012402081708,-0.16782365549692613
real legitimate,,1.1332349149440248,-0.08190770242229585
real legitimate,,1.1688252476300103,-0.0006897953785103411
real legitimate,,1.1237899854585565,-0.04844080657204748
real legitimate,,1.1509978804569148,0.08928551071414957
real legitimate,,1.2059363957521692,-1.4169248397082241
real legitimate,,0.9949352288693026,-0.9597372059403266
real legitimate,,1.1139468795367486,0.005276519722156717
real legitimate,,1.158990489538919,-0.5600386104873576
real legitimate,,1.1360011469550182,0.08830419069837524
real legitimate,,1.1265452599433528,0.005812415497177967
real legitimate,,1.1145212724673925,0.34719509798769865
real legitimate,,1.1207674992970198,0.008763689755127521
real legitimate,,1.1445894668251264,0.352180493034238
real legitimate,,1.113763393023599,0.24658221603058483
real legitimate,,1.2304335379586204,-0.005502750853139379
real legitimate,,1.1222856337902365,-0.37662161743037303
real legitimate,,1.1753938103780441,0.10603745901308996
real legitimate,,1.1402652738745547,0.29465185969799534
real legitimate,,1.131500474513938,0.0030269645407243057
real legitimate,,1.139577739116812,-0.1496648277826651
real legitimate,,1.1332740548391866,0.011854085455737698
real legitimate,,1.1418406528971548,-0.20040754944376982
real legitimate,,1.1133539502849332,0.08610535246620864
real legitimate,,1.1261842639303905,-0.19830095711243356
real legitimate,,1.129937959587005,-0.19753488083528492
real legitimate,,1.1625534111688418,-0.2859048864532219
real legitimate,,1.1345134392748528,0.30037066613728214
real legitimate,,1.1268452480854394,-0.03670086178309519
real legitimate,,1.1851249676492501,0.1360808331698627
real legitimate,,1.0387981220571785,0.32608162365185334
real legitimate,,1.1366637163918278,-0.014865860495229574
real legitimate,,1.1606616992430117,-1.247148080609792
real legitimate,,1.1235250525377225,0.07884119944238262
real legitimate,,1.1611419198870054,-0.035548596547602465
real legitimate,,1.1265075980559214,0.15993528214078162
real legitimate,,1.1068438686210331,-0.10837081290399954
real legitimate,,1.1505677423923042,-0.15803422814028523
real legitimate,,1.1315017967090786,-0.2005226586014741
real legitimate,,1.1449845564622845,0.221989333323258
real legitimate,,1.1631302718173107,0.33240251247741914
real legitimate,,1.143589105763625,0.14479345287504142
real legitimate,,1.144676797872488,0.10219999280656465
real legitimate,,1.165399861769445,-0.1547119638926686
real legitimate,,1.1138843033456836,-0.05374407407164013
real legitimate,,1.1411014200996759,0.02567883175797979
real legitimate,,1.1258501086069999,-0.9035330518352153
real legitimate,,1.14368123804363,-0.27361747971357586
real legitimate,,1.141386842488918,0.6417969455005159
real legitimate,,1.0666997944993128,-3.172060125716055
real legitimate,,1.152797971166906,-0.07028514379128899
real legitimate,,1.1647257566211562,0.04287318087619439
real legitimate,,1.151008906468507,-0.3270389886097647
real legitimate,,1.1499610863038554,-0.07198446329379206
real legitimate,,1.1114403928431575,-0.07567994055685438
real legitimate,,1.115836508463506,0.14686630176308835
real legitimate,,1.1371761523844892,-0.21537974210515942
real legitimate,,1.1410855867667131,0.02407494066676795
real legitimate,,1.1357366434322151,-0.027982806896395457
real legitimate,,1.1037064250756223,-0.16107781781554098
real legitimate,,1.110644790331033,0.36181260663984527
real legitimate,,1.142947523699146,0.173544378777292
real legitimate,,1.1327514696242467,-0.03200592779229168
real legitimate,,1.2169064271758097,0.3114233957629842
real legitimate,,1.1745602450086994,0.5551368610326298
real legitimate,,1.1276454485369594,0.052087274114884716
real legitimate,,1.1422753531495378,0.09894558084354864
real legitimate,,1.1518365813279867,-0.07964095217922325
real legitimate,,1.1413343100787179,0.08313916414589916
real legitimate,,1.121879213361289,-0.16094207666457663
real legitimate,,1.141250045227089,0.07035523046964219
real legitimate,,1.1603410879972134,-0.03063457670502652
real legitimate,,1.173644141944227,-0.179337659840539
real legitimate,,1.1340751153859845,-0.02745180860157985
real legitimate,,1.225285831778973,-2.650437545010246
real legitimate,,1.134547489788528,-0.24380530271093181
real legitimate,,1.1548448223127548,-0.12298571033808027
real legitimate,,1.1150657201220144,0.04579496067249127
real legitimate,,1.1393353959777097,0.02603120748246028
real legitimate,,1.1098960214757845,0.1693463844233185
real legitimate,,1.1445898636027874,0.057825665918487826
real legitimate,,1.0905687118934035,0.19529824714027055
real legitimate,,1.1340644055254507,-0.010229839763788565
real legitimate,,1.0922359028932194,0.25874308283250735
real legitimate,,1.175227442641468,-0.273582177076617
real legitimate,,1.1029999635353,-1.3641731277648592
real legitimate,,1.1996269575632605,0.2568499815642826
real legitimate,,1.1190514790136477,0.004158496932881742
real legitimate,,1.113103017273694,-0.018819950057194765
real legitimate,,1.1671998774803303,0.20816043993660965
real legitimate,,1.1285024577110383,-0.44110151837187705
real legitimate,,1.1283795948481732,0.20246462890283712
real legitimate,,1.208288787163666,0.7139156808335269
real legitimate,,1.1002640808602147,0.9519741815102556
real legitimate,,1.1490244685588724,-0.1998947591485255
real legitimate,,1.13840688868277,-0.14672181642301946
real legitimate,,1.1652254561518034,-0.07837546646061112
real legitimate,,1.15420773202235,0.16756348988571929
real legitimate,,1.108902936814427,0.2750349358869024
real legitimate,,1.1605143498699588,-0.015569389187964147
real legitimate,,1.1275032835960466,0.16894644170409745
real legitimate,,1.1467406579630668,-0.1917418615007075
real legitimate,,1.1196742378947835,0.28289448177534066
real legitimate,,1.1662411500384855,-0.1713686145009234
real legitimate,,1.1300005918937592,0.33617406492394025
real legitimate,,1.0983653545431855,-0.18658319747544538
real legitimate,,1.1380856419899497,0.039829888921328424
real legitimate,,1.1332995134974553,0.27227261677879167
real legitimate,,1.1576599009867656,-0.1426123531063444
real legitimate,,1.136600160025873,0.046398969595813175
real legitimate,,1.1618407383879819,0.08063025150007995
real legitimate,,0.9327398880456889,0.4689967372405759
real legitimate,,1.1510683868360925,-0.026532495382947358
real legitimate,,1.1320042766368572,-0.027460883930411698
real legitimate,,1.1475097297321808,0.04334460324236465
real legitimate,,1.4108257188792472,-2.278241452997116
real legitimate,,1.1334124061350663,-0.076935449537143
real legitimate,,1.1618818862508573,-0.18482525898578916
real legitimate,,1.1383488920447995,0.13316404266409276
real legitimate,,1.142473558953995,-0.2318712566615121
real legitimate,,1.123034101828868,0.050552126264914996
real legitimate,,1.1181405835310194,-0.23387966006439542
real legitimate,,1.1302503031061768,-0.11212701864313447
real legitimate,,1.1482736083795602,-0.20363715029181884
real legitimate,,1.1483274835661845,-0.20563747104099833
real legitimate,,1.105865773129718,0.1423454728426573
real legitimate,,1.070905258985804,0.14947442572711395
real legitimate,,1.146410090505141,0.07697445634385576
real legitimate,,1.1397389194336407,0.316699581484174
real legitimate,,1.1808430371890457,0.20836471393199962
real legitimate,,1.2029929202033403,-2.1340342442994444
real legitimate,,1.1380139000711536,0.21813686989238512
real legitimate,,1.1247258299804144,0.45155413670706523
real legitimate,,1.1382135337507138,-0.21018146013602318
real legitimate,,1.1992494530230662,0.6029264096650235
real legitimate,,1.1298095777908115,-0.7885594943061547
real legitimate,,1.1514058531133293,0.4003667512281715
real legitimate,,1.1356057869827139,0.4717160290625949
real legitimate,,1.1318350758276787,0.5455104284887151
real legitimate,,1.1487988850960031,0.017282930619867617
real legitimate,,1.1430285313453374,0.1278672331737047
real legitimate,,1.1166804685680227,0.5134976846751959
real legitimate,,1.1342353616250134,-0.06558779131675453
real legitimate,,1.1173833067782875,0.38006499389570597
real legitimate,,1.1575713442161404,0.462175825110392
real legitimate,,1.1572627104119564,-0.8297717948600011
real legitimate,,1.1441574682841897,0.5524966697696421
real legitimate,,1.1292707041833645,-0.057607307963614865
real legitimate,,1.1250306636596445,-0.7826617840810699
real legitimate,,1.1389596309215315,-0.9726783229900644
real legitimate,,1.1361997745133592,0.37050360114839737
real legitimate,,1.14982305825378,-1.2911144508789012
real legitimate,,1.132307806402487,-0.05561666749573278
real legitimate,,1.158923074353971,-0.3362282238891465
real legitimate,,1.1353861259259124,0.23832057705635917
real legitimate,,1.1589377151248161,-0.33558545233412507
real legitimate,,1.1230568484114003,-0.2556263248058306
real legitimate,,1.1121278574900555,-0.38185068183296444
real legitimate,,1.1219760068204248,0.028751457008902234
real legitimate,,1.1653815210195904,-0.27006664390183627
real legitimate,,1.1226056690379418,1.31225523227788
real legitimate,,1.0811144962950734,-4.490728352942171
real legitimate,,1.0553495802068316,-0.7204924815035898
real legitimate,,1.2878697283977851,0.8043815234481845
real legitimate,,1.1379548782514313,-0.09270662132771598
real legitimate,,1.1252652719513816,-0.08638095259772212
real legitimate,,1.1576589322252901,-0.26922946116523055
real legitimate,,1.1016338831429682,0.3224680128613068
real legitimate,,1.1271078777408632,-1.4512126766906495
real legitimate,,1.1330623703215421,-0.037478831134454674
real legitimate,,1.1268688037876855,0.31563262020822125
real legitimate,,1.1347994702687443,-0.024759208809557634
real legitimate,,1.1636305575706722,-0.21208705913666887
real legitimate,,1.1031114764310053,0.051183002432295774
real legitimate,,1.1235812735257449,-0.25667316535801515
real legitimate,,1.13205213356161,-0.9890067864415079
real legitimate,,1.117365427315747,-0.3073314825109047
real legitimate,,1.1647175649325652,0.3801526561245131
real legitimate,,1.1478127260759652,0.07243844876299597
real legitimate,,1.095876029072194,-0.30947899016858227
real legitimate,,1.1200114843786355,-0.06165077583579244
real legitimate,,1.1200842014652532,-0.15047472924842603
real legitimate,,1.1430647714310043,0.2292216751646894
real legitimate,,1.1367662412008288,-0.2205311842926161
real legitimate,,1.187955544100305,0.3638322393406008
real legitimate,,1.1284760593604681,-0.2933813327691839
real legitimate,,1.1336346811979552,0.24710863802085692
real legitimate,,1.037958200905397,-2.6791094941757096
real legitimate,,1.092105862950191,0.074791255876492
real legitimate,,1.1150933297011951,0.3373845049132129
real legitimate,,1.093760403904961,0.4941747224842039
real legitimate,,1.1030239428428055,-0.2942652341709509
real legitimate,,1.0983067654440803,-0.18422600112171794
real legitimate,,1.1832762750094714,1.0468614796581783
real legitimate,,1.1082940162739823,-0.000799720926816086
real legitimate,,1.1509188455428419,0.04729977821714319
real legitimate,,1.1556790388018787,-0.0836926940373597
real legitimate,,1.135775174887035,0.0990992258390339
real legitimate,,1.1482606868891685,-0.16506721958533876
real legitimate,,1.1890458488397055,0.8893513809710383
real legitimate,,1.1614138025427445,0.25438611008426193
real legitimate,,1.0704406107358317,0.11100425927207051
real legitimate,,1.1256468010334084,0.17822985813355258
real legitimate,,1.1217020266081157,0.1490703403558572
real legitimate,,1.1079759422457662,0.11939057727849132
real legitimate,,1.25485333425328,-3.390842716930652
real legitimate,,1.1309807820007551,-0.25151015557492035
real legitimate,,1.1472606667658936,-0.08786563503800522
real legitimate,,1.1455341712881326,0.050863868674917864
real legitimate,,1.160094501695847,-1.099852546794468
real legitimate,,1.1389802494271901,-0.10314311150464096
real legitimate,,1.1580229147546164,-0.0788470402558747
real legitimate,,1.1316691938770909,-0.148425796570137
real legitimate,,1.1144151886846767,-0.09628434917571606
real legitimate,,1.1477303498808844,-0.5923977938922975
real legitimate,,1.195106710383,-0.7959713568405447
real legitimate,,1.120650713461861,0.04810596289804926
real legitimate,,1.1450667145564515,-0.20128206190811943
real legitimate,,1.1500169998443321,0.2226420850997215
real legitimate,,1.1361567600342386,-0.07504474510053936
real legitimate,,1.1436254118297076,-0.32451484206722797
real legitimate,,1.1681049625944024,0.1760648948204961
real legitimate,,1.1453500672219756,0.4065997382143295
real legitimate,,1.3844299137539537,0.383600410504233
real legitimate,,1.1600601378234257,0.6302356723380447
real legitimate,,1.1275151591099168,-0.010462536627930591
real legitimate,,1.1471536258998551,0.09706517666437613
real legitimate,,1.1631040031409166,-0.11007479811466243
real legitimate,,1.1227748999912313,0.015190052591202693
real legitimate,,1.151217520364304,-0.10186219966301856
real legitimate,,1.1490034458294327,-0.19373488954522433
real legitimate,,1.3138843506134799,-0.3767087077121537
real legitimate,,1.1290652641557832,0.19861861379575285
real legitimate,,1.1293066115342265,-0.04588297660429973
real legitimate,,1.2339655059528152,-1.5953379593248056
real legitimate,,1.122958597668168,-0.6980408116850537
real legitimate,,1.1167526645563288,0.008259254926812995
real legitimate,,1.0672814352921243,-0.02294727432945766
real legitimate,,1.1415428676558026,0.09575154116421157
real legitimate,,1.1086520977849696,0.13065130976285239
real legitimate,,1.144410229897829,0.740715015845568
real legitimate,,1.1454241584332747,0.4473001032339827
real legitimate,,1.1647686584426056,0.19049434239552443
real legitimate,,1.1302533923086555,-1.2514632813697295
real legitimate,,1.1628252693841985,-0.14357786863146937
real legitimate,,1.1426997718698122,-0.11396569530542035
real legitimate,,1.1434640713784412,0.13594216962905464
real legitimate,,1.0787375864083137,-0.5749333138894398
real legitimate,,1.0962802074304723,0.03317792114493291
real legitimate,,1.1070230645922048,-0.406256255279812
real legitimate,,1.1541286033441351,-0.6136100892094967
real legitimate,,1.1507514462144628,-0.321523422609879
real legitimate,,1.2954862093484567,0.4661852907465306
real legitimate,,1.1444536612669536,-0.3403505218846636
real legitimate,,1.1512446140297539,-0.12297420177845998
real legitimate,,1.1204937449738244,0.3067378661013931
real legitimate,,1.1001409202050652,-0.21335002994109817
real legitimate,,1.142625062762335,-0.06436096493737932
real legitimate,,1.13751837401517,-0.13509194435048505
real legitimate,,1.1224303963400835,0.32294775681339993
real legitimate,,1.1319695760005397,0.02141464354002169
real legitimate,,1.131771304838534,-0.28293839599991444
real legitimate,,1.1071053403359692,0.340907947091805
real legitimate,,1.162693908624182,-0.14025887110510926
real legitimate,,1.1517186424321106,0.13408891776525184
real legitimate,,1.1314489171710809,-0.08612946817376939
real legitimate,,1.1560060580822957,-0.17975428183486408
real legitimate,,1.17544972974689,0.22410153349606743
real legitimate,,1.1457682879190156,-0.2984780078080525
real legitimate,,1.1088012499772586,0.15930847629068606
real legitimate,,1.2246099238912074,0.5644041736521939
real legitimate,,1.1096227912838728,-0.05193610688394941
real legitimate,,1.1462624823901237,-0.25332649948204644
real legitimate,,1.0902151891471594,-0.29921440327306065
real legitimate,,1.1326527387019127,-0.01185225113182771
real legitimate,,1.1214725995668813,-0.025367448464338874
real legitimate,,1.1365106532846305,0.056690386900406994
real legitimate,,1.1262112959324724,-0.6853156122508834
real legitimate,,1.132619500949927,-0.22651393254418822
real legitimate,,1.0900032049114963,-0.8647594260019054
real legitimate,,1.133451228300926,-0.05108978228012752
real legitimate,,1.1537147248964428,-0.0888093628457786
real legitimate,,1.0930019832209845,0.025851097693381758
real legitimate,,1.1510402242106779,-0.2359064460092346
real legitimate,,1.1381075466379902,-0.1632978826405045
real legitimate,,1.1002175362115674,0.09934814717042219
real legitimate,,1.1479129028608517,-0.24873036775748059
real legitimate,,1.1166396483755336,-0.7953531673528758
real legitimate,,1.1147984978831311,0.5483118866520933
real legitimate,,1.1287034919004943,0.10072185578470182
real legitimate,,1.1440037996159047,-0.10481041679843973
real legitimate,,1.1322368514737793,-0.03654492899145835
real legitimate,,1.1945990671191105,0.9693268107439685
real legitimate,,1.1457424364021744,0.24683855430889357
real legitimate,,1.1431191965589091,0.1907636404222669
real legitimate,,1.06035381744816,0.007482774226419506
real legitimate,,1.1510367408456679,0.14876399542335017
real legitimate,,1.0412618375049743,-2.467316513934032
real legitimate,,1.1149847323072042,0.27361115800986024
real legitimate,,1.1570340185284886,-0.2268077930768116
real legitimate,,1.1373988231012608,0.09673828434926586
real legitimate,,1.1492042852276383,-0.3000068904316763
real legitimate,,1.1440959633329686,-0.11616651901615273
real legitimate,,1.1719659561577704,-0.1595061678334534
real legitimate,,1.1338845185272042,-0.052591162747971945
real legitimate,,1.14328807246817,0.09143041229128406
real legitimate,,1.1435060503683059,-0.33377795488989315
real legitimate,,1.1619458662916844,-0.15449550169385096
real legitimate,,1.1391245859312582,0.09097867779570722
real legitimate,,1.1370559560397846,0.3654085275727063
real legitimate,,1.1551852042692252,-0.17197548459057221
real legitimate,,1.1760811544098888,0.448962031303634
real legitimate,,1.127578303757899,-0.33089104493929505
real legitimate,,1.1247036789890474,0.01337554731678646
real legitimate,,1.1272774854786682,0.20421117246230058
real legitimate,,1.1326542213494375,0.018721271035016737
real legitimate,,1.1506843037531223,0.233868748285803
real legitimate,,1.148255067314167,0.1495700575118194
real legitimate,,1.1381821833549028,-0.05753514401940131
real legitimate,,1.1261463506632785,0.17026930422464598
real legitimate,,1.1500958120479494,0.33674519921570534
real legitimate,,1.1274775777531327,0.05830887126699345
real legitimate,,1.1890780083896537,0.34709309837575497
real legitimate,,0.8076891219302683,-11.671630744433324
real legitimate,,1.139874025125166,-0.04527667424108513
real legitimate,,1.134769706202937,-0.009014427188670182
real legitimate,,1.1444938856097129,-0.3568075258110122
real legitimate,,1.1631466247661206,-0.07605632553733947
real legitimate,,1.1776674090518557,-0.2941910658073491
real legitimate,,1.085952290885674,-0.06850579284004656
real legitimate,,1.1287708630186821,0.03922849848185843
real legitimate,,1.141090679971359,0.11075973927167442
real legitimate,,1.1428240662570486,0.04844910262383455
real legitimate,,1.13580897494401,-0.00917471272009708
real legitimate,,1.1295018598107014,-0.20347923353213687
real legitimate,,1.1549367352526891,-0.13364171730187047
real legitimate,,1.1353335014300163,0.07792539500931193
real legitimate,,1.1440110014385168,-0.22277625515934057
real legitimate,,1.1192221186555091,-0.6366554271332209
real legitimate,,1.1397214488396685,0.0519843853905395
real legitimate,,1.1233829880923376,0.39765984295066226
real legitimate,,1.144326199840319,-0.11090890915234998
real legitimate,,1.10029987457993,0.15772108661785988
real legitimate,,1.1313483614306494,0.033440843392755604
real legitimate,,1.1662884904073856,0.03232034816421302
real legitimate,,1.1421194257587977,0.1268323153442188
real legitimate,,1.188415704319499,-0.14939575368497537
real legitimate,,1.1281301749735537,0.003498261865874583
real legitimate,,1.1364678913517912,0.034487946614158674
real legitimate,,1.1540581799041951,0.5005041074308506
real legitimate,,1.1389151179366448,-0.08376561735254241
real legitimate,,1.1262216777003036,-0.058807428983428764
real legitimate,,1.1238291089670533,-0.04626103386458903
real legitimate,,1.1535859959587789,0.20860776922292207
real legitimate,,1.1297273435289659,0.3439797827229329
real legitimate,,1.143678514825039,1.1917789470426818
real legitimate,,1.150419763838787,0.30319889639964376
real legitimate,,1.1257832451671037,0.12800190041474807
real legitimate,,1.1557971905130295,-0.040340619850654694
real legitimate,,1.1656842520569075,0.01046207902578998
real legitimate,,1.1349833374605471,0.02716125458192302
real legitimate,,1.104952805931558,-0.15837720945667122
real legitimate,,1.0705298780051642,0.22764486629675207
real legitimate,,1.1727906966125445,-0.25388402573778035
real legitimate,,1.131928958979897,-0.02682961506772423
real legitimate,,1.1000501958003106,-0.3369498286037038
real legitimate,,1.163218666994963,0.14875533560725052
real legitimate,,1.1233248057791139,0.4403927062459527
real legitimate,,1.1569972922472378,0.04415792593744049
real legitimate,,1.1056754875705441,-0.19154984809484799
real legitimate,,1.1792363757047593,0.27812416585414457
real legitimate,,1.1465367399373878,-0.2305747231582776
real legitimate,,1.1442772131013899,0.24101337853751104
real legitimate,,1.103702155046453,0.14509156750665814
real legitimate,,1.1871690928872574,-1.4799330933797934
real legitimate,,1.1366069479110466,-0.10918971708166843
real legitimate,,1.1435078426476073,-0.24261234811875065
real legitimate,,1.1251989748962172,-0.03885913399238351
real legitimate,,1.2186272241323628,-0.043019368668658894
real legitimate,,1.1271152683276326,-0.02594249504987585
real legitimate,,1.1801377601363288,-0.16942105282910908
real legitimate,,1.1507313952179081,-0.13674212548580378
real legitimate,,1.1852919245730351,-1.5479294586831869
real legitimate,,1.1184977945288597,0.0829390938462186
real legitimate,,1.1451014533804913,0.13549842007974788
real legitimate,,1.1595299033600555,-0.26454204146734955
real legitimate,,1.1481708858133597,0.07675470702705577
real legitimate,,1.130656643748286,0.06432398207527597
real legitimate,,1.1543158695662168,-0.26772609775445694
real legitimate,,1.1638708635249433,0.4257867746414866
real legitimate,,1.112100493916223,-0.23166114901105256
real legitimate,,1.1300228885163586,0.052609952770126076
real legitimate,,1.0859074886551294,0.2403475287253959
real legitimate,,1.175023853149877,0.35331397981457724
real legitimate,,1.104535894810088,-2.364219861042212
real legitimate,,1.143923765289839,-0.01986083539117557
real legitimate,,1.1417914455335967,0.5332887865170866
real legitimate,,1.1355546470481692,-0.1414593660434329
real legitimate,,1.1394966854960265,0.254895778081791
real legitimate,,1.2225809039026312,-2.9009602173875235
real legitimate,,1.0917093126491177,0.2920991569464225
real legitimate,,1.1013685164736942,-2.3948012624655024
real legitimate,,1.0938938731734655,0.08789747530811813
real legitimate,,1.1070071961784684,0.4544776930440828
real legitimate,,1.1235643167370433,-0.04168579151993125
real legitimate,,1.220060407456559,-0.8426789537273053
real legitimate,,1.191996742941627,-0.028953680186219202
real legitimate,,1.1340452196387658,0.0570762328779089
real legitimate,,1.1345697140473965,-0.01784190524307093
real legitimate,,1.1579564054057263,-0.3366073577391644
real legitimate,,1.2140712793532726,0.9703289053379858
real legitimate,,1.1478110095070448,-0.10705135587407884
real legitimate,,1.1114028361398465,0.1400848968615266
real legitimate,,1.1389904922239131,0.04153198472231921
real legitimate,,1.1245654099559546,0.27890527345853894
real legitimate,,1.1411186957324897,1.1332265237620542
real legitimate,,1.1507999385634733,0.16251507386778158
real legitimate,,1.1206415591109777,-0.37027350692141286
real legitimate,,1.1592695902581875,-0.25559995356760257
real legitimate,,1.120912118730768,-0.2686666823952186
real legitimate,,1.1320653151758528,-0.0710466853139194
real legitimate,,1.1474480064865062,0.12563094587644402
real legitimate,,1.1555240468764438,0.23944601329909954
real legitimate,,1.1363998171468566,-0.26157650008014754
real legitimate,,1.1436794971104836,-0.12242971521273478
real legitimate,,1.1231537981584536,-0.005427924197707837
real legitimate,,1.1422825706516941,0.18850605249865643
real legitimate,,1.1214086055020394,0.3454853791751538
real legitimate,,1.1214579753893945,0.008144144618675506
real legitimate,,1.1394827820804236,-0.04265795284421815
real legitimate,,1.164674287467921,-0.9538083161102823
real legitimate,,1.1546774075766377,-0.18834811835285942
real legitimate,,1.13188728401243,0.16681653921868067
real legitimate,,1.151052114618902,-0.07746294077514604
real legitimate,,1.1410899106224959,0.20210809201420932
real legitimate,,1.1203563950645412,-0.024540082804833677
real legitimate,,1.1599688789192109,-0.3889530769444852
real legitimate,,1.1523630335625035,0.03064528495881258
real legitimate,,1.159347961619688,-0.004430132416782515
real legitimate,,1.1244007941016176,0.30830320106168396
real fraud,,-40.461692278666455,10.90143691070069
real fraud,,-40.66804210879571,0.15163094289783752
real fraud,,-13.525437702455791,3.9962366339919972
real fraud,,-13.511281353300943,2.7952069184491695
real fraud,,1.3863564907847272,1.3152672673867967
real fraud,,-7.622534466680817,2.1068021353867716
real fraud,,-13.513403740666691,4.41669123558115
real fraud,,-40.573082967155386,5.2401489024594055
real fraud,,-6.049172727051925,2.0277117793596213
real fraud,,-22.64404475709749,6.52689064306284
real fraud,,-13.899122403553132,4.019904267587361
real fraud,,-8.948286622214015,2.9476579231143516
real fraud,,-40.626562791164545,3.2005308620176094
real fraud,,-37.78676996702883,11.52919124691152
real fraud,,-8.96882081233032,2.5513078864743965
real fraud,,1.0439767808228564,0.32082881858334644
real fraud,,-9.004196232093934,3.600092859342768
real fraud,,-22.69505305680744,2.8681413514118725
real fraud,,-13.034130353127809,2.9972653280440156
real fraud,,-41.15565685330912,-18.81499330993963
real fraud,,-7.642357474449996,-0.16058284278785928
real fraud,,-7.568218235398039,4.097543583889606
real fraud,,-37.83116196858882,8.731557044771183
real fraud,,-40.544596721767725,1.0494634691374056
real fraud,,-9.001527413100268,2.7796056993336564
real fraud,,-15.611658517929046,2.4305210773431503
real fraud,,-15.940970750124377,4.012833897968934
real fraud,,-18.324201893253402,3.847103109091357
real fraud,,-9.056606463276145,1.862992216821297
real fraud,,-25.07863131315067,6.153289806979441
real fraud,,-23.666662120512644,3.642783581826877
real fraud,,-9.038682712329168,1.7145204243074756
real fraud,,-23.657412609254926,3.233109316723482
real fraud,,-15.946355087418235,4.75805779945293
real fraud,,-37.94255008719396,-4.310308857098101
real fraud,,-15.909475691857649,6.24081739023281
real fraud,,-37.90314731010237,5.0302581116903164
real fraud,,-25.22654022839488,1.0715008020195393
real fraud,,-22.710120041347615,5.341852207330422
real fraud,,-37.918979067587436,-0.13090879047951853
real fraud,,-40.60157906803884,5.954745223704302
real fraud,,-15.643581956933671,3.2894468548434026
real fraud,,-8.801064381517206,2.371513265505121
real fraud,,1.1192202418711865,-0.025091986477236955
real fraud,,-13.53139543723485,3.09563062291343
real fraud,,-15.878523482364722,4.061617597592886
real fraud,,-11.057523478333781,4.11522897750124
real fraud,,-15.614454157990414,4.286765418313874
real fraud,,-13.118025453334546,-0.22708626666321802
real fraud,,-33.33913541598664,-5.6701728084580525
real fraud,,-37.983186095360175,-3.2294716313015055
real fraud,,-20.400960789961005,4.381806910119174
real fraud,,-40.53858116739348,6.634777372072837
real fraud,,-15.940836914758188,4.850066659417146
real fraud,,1.1487138086712823,0.6934497149312848
real fraud,,-7.663979978105765,-0.0006460635495780381
real fraud,,-42.30238948047491,-59.73967243936156
real fraud,,-13.541933227927712,4.873440550048789
real fraud,,1.143734203815524,0.7759565670933288
real fraud,,-18.29016280515716,5.4709900726713006
real fraud,,1.130003092015247,1.4018157049279947
real fraud,,-18.332401751533602,3.0697551245185135
real fraud,,-15.574726714487449,5.776051798468646
real fraud,,1.122118751221874,0.35970116929176976
real fraud,,1.1681107484730848,0.4615003905943519
real fraud,,-40.626562791164545,3.2005308620176094
real fraud,,1.1300130916510949,0.7081664037252771
real fraud,,1.1144013530322432,0.9110431386591995
real fraud,,-7.540736695424105,2.967203280817908
real fraud,,-25.136084503282575,5.476406797876737
real fraud,,-13.001972673819667,3.346764709836212
real fraud,,1.0979650968929027,2.4156970584041364
real fraud,,-9.095529575901795,4.012166816577565
real fraud,,-15.91817888892856,4.020105413436537
real fraud,,-9.012537668069456,1.5326909006858802
real fraud,,-40.657119055664204,0.8632550582547229
real fraud,,-40.66804210879571,0.15163094289783752
real fraud,,1.1451479654079246,1.351369768291038
real fraud,,1.1146235265213615,0.893055427532085
real fraud,,-18.276367915970358,2.848971076111268
real fraud,,-7.571648826534398,3.495852261284716
real fraud,,1.0961551973972177,0.5265667575519885
real fraud,,-9.026018268255923,3.097812011373668
real fraud,,-11.034406816304848,4.621636979652685
real fraud,,1.1194451000417789,2.2265255170916873
real fraud,,1.1474434022889668,2.043670659235451
real fraud,,-9.021039987345686,2.9758556396087874
real fraud,,-15.64118811828339,1.9313333260363237
real fraud,,-13.535413286493764,3.694064431052456
real fraud,,-18.214592653084505,4.398486768633336
real fraud,,-9.030145478418648,2.4132318975086573
real fraud,,-12.960246643001458,3.746376129804144
real fraud,,-8.934211170766835,3.449001236092613
real fraud,,-40.60270725236294,5.890456751676401
real fraud,,-37.96955376042876,-3.5893810290083277
real fraud,,-40.55393910388849,4.183330862364378
real fraud,,-40.53667810762859,6.317269320362407
real fraud,,1.1489187144422077,0.2400658747227022
real fraud,,1.1664017264142903,2.6525753099102207
real fraud,,1.0948262250171923,0.2821432029966596
real fraud,,-33.48593255445201,-1.5870349207982328
real fraud,,-7.662237329544853,1.2922781354677992
real fraud,,-7.618147114035574,2.5251595029471936
real fraud,,1.1378389302046996,0.07922632164999636
real fraud,,-23.675620751772,5.723497349537705
real fraud,,-37.974641727061304,-1.3360873440340908
real fraud,,-23.660746662752842,4.796038260163931
real fraud,,-42.210177948696526,-56.489820960470134
real fraud,,-7.6382285867207855,-0.09574130018842687
real fraud,,-13.50240465600252,3.027395507608366
real fraud,,1.132681859365361,1.6678463731644335
real fraud,,-22.674001166370953,2.851393811618102
real fraud,,-25.08162795251215,7.266989310115
real fraud,,-13.497426925902642,3.6091909748923148
real fraud,,-13.943309005326062,2.7778373513541905
real fraud,,-40.524004187513256,9.499616534924572
real fraud,,-41.506012641728965,-34.18819444458793
real fraud,,-40.534083857000944,9.912904620484197
real fraud,,1.1331265620706232,0.12328290563338522
real fraud,,-7.63641730785017,1.4374830420367064
real fraud,,-37.99670183956262,-2.870208267553955
real fraud,,-7.605003238079872,2.1584802502293146
real fraud,,1.1408432432658353,1.3806331848742395
real fraud,,-19.426284715178397,0.16115585638065677
real fraud,,-13.531616369224777,3.9558084231594712
real fraud,,1.1346912847221227,0.9809973404348657
real fraud,,-13.551940611386097,-0.29973968292028247
real fraud,,-10.935144281731962,5.422952098197597
real fraud,,-5.088546734982886,-0.45396425634817117
real fraud,,1.1856334097680339,-0.4603758588910145
real fraud,,1.134520878997226,1.4133468003657577
real fraud,,-19.515553759988393,2.359318254837212
real fraud,,1.076855332142404,-0.16965067277238438
real fraud,,-33.432711087713315,-3.0753231720307346
real fraud,,-22.621045018925827,6.901948248762493
real fraud,,-17.46708607584899,3.054540707691773
real fraud,,-9.046702284965521,1.7832586236224293
real fraud,,-13.063491353774062,3.3618983275208567
real fraud,,-11.03009423703344,4.053632260300594
real fraud,,-33.558555304664765,0.24751868969899626
real fraud,,1.04550788229045,2.50020197710381
real fraud,,-13.489848961150633,4.257696082047097
real fraud,,1.084103681412198,0.33745295329228703
real fraud,,-8.979286763755969,3.153017568558699
real fraud,,-13.497277059187452,5.728215416738187
real fraud,,-7.530565463457309,0.6555776222469372
real fraud,,-33.35242987332013,-5.298193285741591
real fraud,,-9.039304200877625,1.7784267134393552
real fraud,,-6.056020327786436,1.7631242684197264
real fraud,,-15.515313107173101,3.308942393145007
real fraud,,-8.987392673521319,2.8517223711064346
real fraud,,1.0931470623080262,2.5403703931608566
real fraud,,-7.587764471641471,3.7834965340467464
real fraud,,-8.982672825205219,3.199137584344765
real fraud,,-40.67605699965847,-1.171925120404122
real fraud,,-12.92885454152035,4.063317006196406
real fraud,,-38.127790388632015,-3.906007101075146
real fraud,,1.1299480770493353,0.29297326568521764
real fraud,,-12.992783664137159,5.599595214454704
real fraud,,-7.589023711785371,4.052362057054194
real fraud,,-9.027526583969236,4.5443343472729065
real fraud,,-7.575030484333359,3.8744038324580634
real fraud,,-20.591080291973746,4.4984363254091795
real fraud,,-40.94754927947009,-13.17678427387913
real fraud,,-9.581869309576273,1.2287882402558958
real fraud,,-37.80343916351871,8.001077121770464
real fraud,,1.147201343721556,0.48221080379066394
real fraud,,-25.186357960367623,2.2435838339477954
real fraud,,1.0806897653227077,-2.1757092807517524
real fraud,,-41.10662699001356,-16.873384171965775
real fraud,,-15.985036045985671,4.0713263725339734
real fraud,,-40.675769790495444,-0.22834419337867384
real fraud,,-12.946322040069,4.790485970392768
real fraud,,-10.961459692245546,4.649293802205317
real fraud,,-9.095935840577036,4.889851365378364
real fraud,,1.1266390122384042,1.5425674419912245
real fraud,,-40.569465519383584,3.8609955812254384
real fraud,,-8.970247715245097,2.504797539053916
real fraud,,-12.97937892159406,2.9866808167960204
real fraud,,1.0949555311492427,-0.2389380078807125
real fraud,,1.083587818320423,0.7239335297060701
real fraud,,-6.207237487340457,0.30905158270362665
real fraud,,-40.57167918263597,8.80918229830497
real fraud,,1.0805836415640886,2.237261730305674
real fraud,,-7.524380272441741,2.894555799033234
real fraud,,-5.013746690604254,1.9303523366011701
real fraud,,-23.654726190674953,5.220207471107938
real fraud,,-7.5624615940778614,3.280007320652544
real fraud,,-13.485313263671237,4.978107313315438
real fraud,,-37.95609306587637,-3.9496047204046536
real fraud,,-9.027210279609056,2.373903890794312
real fraud,,-33.53915152233861,-0.09828358578299469
real fraud,,-22.729549275936897,0.7738575712497049
real fraud,,-41.10480578096711,-16.50025817533325
real fraud,,-40.5716971440114,2.50128518772991
real fraud,,-20.591080291973746,4.4984363254091795
real fraud,,-10.981204535130889,4.995002517478026
real fraud,,-13.561092966740175,3.2730388475631473
real fraud,,-40.60270725236294,5.890456751676401
real fraud,,1.1169218300311068,0.3512184135959866
real fraud,,-22.66216036869337,4.489129234366645
real fraud,,-9.075243495987124,1.6498521211251802
real fraud,,-37.85748731423117,9.291503000209845
real fraud,,-25.073157379291455,5.0754351644024736
real fraud,,-10.963535161961891,2.9942660630600986
real fraud,,-20.39398105738527,2.997450723965229
real fraud,,-7.5575962746448795,3.54852042990673
real fraud,,-9.006818740679984,2.4496671487299926
real fraud,,-40.636754574505076,3.2643398339897227
real fraud,,-15.591424439571634,1.982079986413206
real fraud,,-20.591080291973746,4.4984363254091795
real fraud,,-40.92539647196646,-13.374515890923265
real fraud,,1.1696229079985996,0.03409190083825374
real fraud,,1.104805720117595,0.5497559496966127
real fraud,,-13.934448832818665,3.5527319218272835
real fraud,,1.0664387678364886,2.353927569072527
real fraud,,1.096223620652284,0.5704503275590995
real fraud,,-23.670150591111245,4.243577662834714
real fraud,,1.1121938738596007,0.661912359816824
real fraud,,-9.018217391127648,2.5007647471229206
real fraud,,-15.60297508549714,2.2258273695794304
real fraud,,-25.120376225031496,6.935915866339569
real fraud,,-11.003963726940842,3.127665268205134
real fraud,,-13.539171050054824,4.280456335431676
real fraud,,-9.082973200754575,2.2632188834204916
real fraud,,-11.447895428783477,-9.835850157394441
real fraud,,-8.996893029000349,2.1756625535866148
real fraud,,-40.556387939209564,7.416390572883233
real fraud,,-40.633734564176116,1.254805481466843
real fraud,,-7.544408163252941,2.6311045113629494
real fraud,,1.100644700765573,0.19354783577688106
real fraud,,-40.60015548737269,1.4537280466603817
real fraud,,-20.34781660001157,2.791515042602012
real fraud,,-40.59637924258036,0.2702728254474609
real fraud,,-8.9914151064887,2.82043675932206
real fraud,,1.1414532942154196,1.320874509042167
real fraud,,1.1275295540898493,0.6530136789490513
real fraud,,-20.353499232833524,1.1877766434601034
real fraud,,-41.506012641728965,-34.18819444458793
real fraud,,-25.156974428734173,2.7809875676912883
real fraud,,-19.452722469695225,0.9076453001144772
real fraud,,-15.533159855476283,5.424724524706548
real fraud,,-13.54774965897992,3.1818044624767197
real fraud,,-8.964601097725582,2.916392508772403
real fraud,,-8.983267122160028,3.046734944899316
real fraud,,-4.9779043165146755,2.026653436645559
real fraud,,1.0766614088011024,-2.283269466993089
real fraud,,-7.553627636036543,1.9450291461597553
real fraud,,-25.073499295701463,7.5057092238096415
real fraud,,-15.957322846991518,4.076132352249597
real fraud,,1.0981036752748488,1.1257934438321606
real fraud,,-40.498529383006705,10.39601426013279
real fraud,,-40.529228074195295,8.87473659988094
real fraud,,-40.636754574505076,3.2643398339897227
real fraud,,-13.833731252387961,2.7998411588348495
real fraud,,-9.19795647282813,3.712174575617836
real fraud,,-9.196342459514357,2.6425101012958074
real fraud,,1.143482080873036,0.42207125448232263
real fraud,,-20.44074190325656,3.6611390221556044
real fraud,,-18.221335649627747,5.478721555134032
real fraud,,-17.453620457746617,2.6942003712771
real fraud,,-33.31254633228329,-6.414090801575049
real fraud,,1.134768746957279,0.0102734953352792
real fraud,,-5.037944505708394,2.439395035195697
real fraud,,-5.104309332094054,1.762166222802952
real fraud,,-41.02765647052851,-13.3281492081126
real fraud,,-9.013279839728185,0.8835924064956987
real fraud,,-22.66880340565313,3.953797245870158
real fraud,,-37.85500475459893,7.812131668494568
real fraud,,-20.591080291973746,4.4984363254091795
real fraud,,-8.973194781965551,2.9114792500589575
real fraud,,-25.2334172625226,0.45965014683560435
real fraud,,-7.5573328265664,4.146482443013583
real fraud,,-12.998957548252374,5.47512405938519
real fraud,,-37.92907826318625,-4.671305309984583
real fraud,,-40.83743289673673,-7.037758480041474
real fraud,,-12.956508214114644,3.831976276281701
real fraud,,-7.564844241121007,4.111534272430695
real fraud,,-38.01033232261841,-2.511474264062846
real fraud,,-9.097437262262742,2.468055758917032
real fraud,,1.1338550681701984,0.40502332677190916
real fraud,,-13.495367867366406,3.9194272473138936
real fraud,,-33.38532169305558,-4.580489664396446
real fraud,,-8.963796784302948,2.907724042963708
real fraud,,-15.980168090349173,4.003106822931277
real fraud,,1.1657550759909474,0.21123396381893939
real fraud,,-13.601900043018164,-0.32215837908518447
real fraud,,-9.007633296077787,4.800571683895599
real fraud,,1.0981498241756882,0.2506011740678341
real fraud,,-40.59736134765483,1.0386705715300213
real fraud,,-40.53060186311139,7.128894123919104
real fraud,,-33.3258402143337,-6.0421389355593975
real fraud,,-11.03083723453233,2.892042041933553
real fraud,,-41.88571021216509,-45.25782894850112
real fraud,,-37.8179621534983,8.366911944563288
real fraud,,1.1157396230101304,0.0754308139676254
real fraud,,1.0102570563989854,-4.384495450972521
real fraud,,-25.0711917413336,5.24211381491581
real fraud,,-19.48537434193997,1.6288386667006016
real fraud,,-8.973918888921284,3.3019777021920143
real fraud,,1.1236878334450078,0.485531594708306
real fraud,,-18.241249756913327,4.688424420384092
real fraud,,-37.79490503085347,9.379134908088233
real fraud,,0.7946984802300985,-10.463558461251557
real fraud,,-13.068888748872515,3.39886383152274
real fraud,,-11.051842706893728,2.7984313258302995
real fraud,,-33.459357319327594,-2.3311945465762207
real fraud,,1.0733530019942032,-0.024070287845033247
real fraud,,-33.445998958585456,-2.703301132199822
real fraud,,-6.027797857417188,2.5682754379061272
real fraud,,-13.534170438481766,2.146117099709693
real fraud,,-7.693045402515656,0.005604105407101864
real fraud,,-9.558871592995368,-1.1283138773690151
real fraud,,-11.179885889497045,-2.175564451195906
real fraud,,-22.682072826823813,4.816640086377875
real fraud,,-13.581085615616923,2.7563412275511263
real fraud,,-17.48054695698844,3.4143961436489025
real fraud,,-20.351862913298298,2.2634070204457255
real fraud,,-13.507954082005627,3.475880636975258
real fraud,,-33.36572312668027,-4.926199696987839
real fraud,,-40.657119055664204,0.8632550582547229
real fraud,,-7.564374304047634,4.154240024797047
real fraud,,1.1300202364692766,0.4592446437707889
real fraud,,-9.001909715003139,3.3324553862128115
real fraud,,-15.935337661710237,3.8902985793659415
real fraud,,-7.587578714896296,1.8525925206279228
real fraud,,-37.852334961289756,10.018571645689942
real fraud,,-8.999139232884433,2.46077075773632
real fraud,,0.995608648717767,0.12024507837254393
real fraud,,-10.401519281403052,2.2881077507151275
real fraud,,1.106669325918825,0.5783609511942067
real fraud,,-40.80075482870521,-3.460068664539218
real fraud,,-10.388410800172581,3.206352248585695
real fraud,,-19.46603513667001,1.2813496494504841
real fraud,,-9.013698178163907,5.080211260471059
real fraud,,1.1143742077223917,0.4983616418623804
real fraud,,-40.784706649320775,-7.566516394870981
real fraud,,1.1401456202392137,1.3595579034058203
real fraud,,-9.516664683837602,0.7853650164044814
real fraud,,-9.020400793687516,2.004553993154463
real fraud,,-9.0931428772332,4.020322168951022
real fraud,,1.13228692796252,1.4615051929703413
real fraud,,-41.506012641728965,-34.18819444458793
real fraud,,1.1373777868415684,0.7941068934620945
synthetic,ros,1.1664017264142903,2.6525753099102207
synthetic,ros,-13.539171050054824,4.280456335431676
synthetic,ros,-9.075243495987124,1.6498521211251802
synthetic,ros,-23.675620751772,5.723497349537705
synthetic,ros,-15.909475691857649,6.24081739023281
synthetic,ros,-37.90314731010237,5.0302581116903164
synthetic,ros,-40.60270725236294,5.890456751676401
synthetic,ros,-13.118025453334546,-0.22708626666321802
synthetic,ros,-9.046702284965521,1.7832586236224293
synthetic,ros,-40.60157906803884,5.954745223704302
synthetic,ros,1.147201343721556,0.48221080379066394
synthetic,ros,-40.573082967155386,5.2401489024594055
synthetic,ros,-40.66804210879571,0.15163094289783752
synthetic,ros,-12.946322040069,4.790485970392768
synthetic,ros,-41.10480578096711,-16.50025817533325
synthetic,ros,-8.973918888921284,3.3019777021920143
synthetic,ros,-13.525437702455791,3.9962366339919972
synthetic,ros,-9.039304200877625,1.7784267134393552
synthetic,ros,-18.332401751533602,3.0697551245185135
synthetic,ros,-8.983267122160028,3.046734944899316
synthetic,ros,-12.92885454152035,4.063317006196406
synthetic,ros,-40.524004187513256,9.499616534924572
synthetic,ros,-9.0931428772332,4.020322168951022
synthetic,ros,1.1194451000417789,2.2265255170916873
synthetic,ros,-11.03009423703344,4.053632260300594
synthetic,ros,1.0806897653227077,-2.1757092807517524
synthetic,ros,1.1408432432658353,1.3806331848742395
synthetic,ros,-37.80343916351871,8.001077121770464
synthetic,ros,-7.5624615940778614,3.280007320652544
synthetic,ros,-33.445998958585456,-2.703301132199822
synthetic,ros,-23.675620751772,5.723497349537705
synthetic,ros,-8.96882081233032,2.5513078864743965
synthetic,ros,-7.618147114035574,2.5251595029471936
synthetic,ros,-9.020400793687516,2.004553993154463
synthetic,ros,-10.401519281403052,2.2881077507151275
synthetic,ros,1.1300202364692766,0.4592446437707889
synthetic,ros,-37.8179621534983,8.366911944563288
synthetic,ros,1.1300130916510949,0.7081664037252771
synthetic,ros,-9.007633296077787,4.800571683895599
synthetic,ros,-10.961459692245546,4.649293802205317
synthetic,ros,-13.497277059187452,5.728215416738187
synthetic,ros,-37.983186095360175,-3.2294716313015055
synthetic,ros,1.1414532942154196,1.320874509042167
synthetic,ros,-22.69505305680744,2.8681413514118725
synthetic,ros,-42.210177948696526,-56.489820960470134
synthetic,ros,-18.221335649627747,5.478721555134032
synthetic,ros,-25.136084503282575,5.476406797876737
synthetic,ros,1.0439767808228564,0.32082881858334644
synthetic,ros,1.143482080873036,0.42207125448232263
synthetic,ros,-13.539171050054824,4.280456335431676
synthetic,ros,-33.38532169305558,-4.580489664396446
synthetic,ros,-15.64118811828339,1.9313333260363237
synthetic,ros,-13.485313263671237,4.978107313315438
synthetic,ros,-40.66804210879571,0.15163094289783752
synthetic,ros,-15.935337661710237,3.8902985793659415
synthetic,ros,-8.996893029000349,2.1756625535866148
synthetic,ros,-17.48054695698844,3.4143961436489025
synthetic,ros,1.1300130916510949,0.7081664037252771
synthetic,ros,1.3863564907847272,1.3152672673867967
synthetic,ros,1.134768746957279,0.0102734953352792
synthetic,ros,1.1856334097680339,-0.4603758588910145
synthetic,ros,-7.693045402515656,0.005604105407101864
synthetic,ros,-13.561092966740175,3.2730388475631473
synthetic,ros,1.1300130916510949,0.7081664037252771
synthetic,ros,-25.120376225031496,6.935915866339569
synthetic,ros,-8.999139232884433,2.46077075773632
synthetic,ros,-9.0931428772332,4.020322168951022
synthetic,ros,-41.88571021216509,-45.25782894850112
synthetic,ros,1.122118751221874,0.35970116929176976
synthetic,ros,-7.642357474449996,-0.16058284278785928
synthetic,ros,-40.524004187513256,9.499616534924572
synthetic,ros,-18.332401751533602,3.0697551245185135
synthetic,ros,-37.852334961289756,10.018571645689942
synthetic,ros,-8.979286763755969,3.153017568558699
synthetic,ros,-40.626562791164545,3.2005308620176094
synthetic,ros,1.1169218300311068,0.3512184135959866
synthetic,ros,-13.531616369224777,3.9558084231594712
synthetic,ros,-37.90314731010237,5.0302581116903164
synthetic,ros,-25.073499295701463,7.5057092238096415
synthetic,ros,1.0439767808228564,0.32082881858334644
synthetic,ros,-13.541933227927712,4.873440550048789
synthetic,ros,1.143734203815524,0.7759565670933288
synthetic,ros,-8.934211170766835,3.449001236092613
synthetic,ros,-15.909475691857649,6.24081739023281
synthetic,ros,-13.934448832818665,3.5527319218272835
synthetic,ros,-9.038682712329168,1.7145204243074756
synthetic,ros,-15.957322846991518,4.076132352249597
synthetic,ros,-42.210177948696526,-56.489820960470134
synthetic,ros,-18.29016280515716,5.4709900726713006
synthetic,ros,-8.982672825205219,3.199137584344765
synthetic,ros,-9.19795647282813,3.712174575617836
synthetic,ros,-9.0931428772332,4.020322168951022
synthetic,ros,-9.0931428772332,4.020322168951022
synthetic,ros,-9.030145478418648,2.4132318975086573
synthetic,ros,-40.657119055664204,0.8632550582547229
synthetic,ros,-9.013279839728185,0.8835924064956987
synthetic,ros,1.1408432432658353,1.3806331848742395
synthetic,ros,-38.01033232261841,-2.511474264062846
synthetic,ros,-7.5624615940778614,3.280007320652544
synthetic,ros,-7.6382285867207855,-0.09574130018842687
synthetic,ros,-11.447895428783477,-9.835850157394441
synthetic,ros,1.0981036752748488,1.1257934438321606
synthetic,ros,1.106669325918825,0.5783609511942067
synthetic,ros,-8.996893029000349,2.1756625535866148
synthetic,ros,-19.48537434193997,1.6288386667006016
synthetic,ros,1.1696229079985996,0.03409190083825374
synthetic,ros,-33.48593255445201,-1.5870349207982328
synthetic,ros,1.1474434022889668,2.043670659235451
synthetic,ros,-13.833731252387961,2.7998411588348495
synthetic,ros,-17.48054695698844,3.4143961436489025
synthetic,ros,1.0439767808228564,0.32082881858334644
synthetic,ros,-9.021039987345686,2.9758556396087874
synthetic,ros,-9.027210279609056,2.373903890794312
synthetic,ros,-13.943309005326062,2.7778373513541905
synthetic,ros,-8.999139232884433,2.46077075773632
synthetic,ros,-9.020400793687516,2.004553993154463
synthetic,ros,-7.587764471641471,3.7834965340467464
synthetic,ros,-15.957322846991518,4.076132352249597
synthetic,ros,-8.934211170766835,3.449001236092613
synthetic,ros,-7.5624615940778614,3.280007320652544
synthetic,ros,-20.351862913298298,2.2634070204457255
synthetic,ros,-13.063491353774062,3.3618983275208567
synthetic,ros,-18.221335649627747,5.478721555134032
synthetic,ros,-15.574726714487449,5.776051798468646
synthetic,ros,-20.351862913298298,2.2634070204457255
synthetic,ros,-15.614454157990414,4.286765418313874
synthetic,ros,-33.3258402143337,-6.0421389355593975
synthetic,ros,-37.83116196858882,8.731557044771183
synthetic,ros,-7.553627636036543,1.9450291461597553
synthetic,ros,-33.31254633228329,-6.414090801575049
synthetic,ros,-7.618147114035574,2.5251595029471936
synthetic,ros,-9.007633296077787,4.800571683895599
synthetic,ros,-25.073499295701463,7.5057092238096415
synthetic,ros,-15.909475691857649,6.24081739023281
synthetic,ros,-22.729549275936897,0.7738575712497049
synthetic,ros,-25.0711917413336,5.24211381491581
synthetic,ros,-13.497277059187452,5.728215416738187
synthetic,ros,-20.44074190325656,3.6611390221556044
synthetic,ros,-9.012537668069456,1.5326909006858802
synthetic,ros,-7.553627636036543,1.9450291461597553
synthetic,ros,-8.964601097725582,2.916392508772403
synthetic,ros,1.122118751221874,0.35970116929176976
synthetic,ros,1.1378389302046996,0.07922632164999636
synthetic,ros,-9.196342459514357,2.6425101012958074
synthetic,ros,-7.589023711785371,4.052362057054194
synthetic,ros,1.100644700765573,0.19354783577688106
synthetic,ros,-40.657119055664204,0.8632550582547229
synthetic,ros,-33.432711087713315,-3.0753231720307346
synthetic,ros,-7.564374304047634,4.154240024797047
synthetic,ros,-25.073499295701463,7.5057092238096415
synthetic,ros,-13.118025453334546,-0.22708626666321802
synthetic,ros,-13.601900043018164,-0.32215837908518447
synthetic,ros,-8.964601097725582,2.916392508772403
synthetic,ros,-7.662237329544853,1.2922781354677992
synthetic,ros,-7.6382285867207855,-0.09574130018842687
synthetic,ros,-7.571648826534398,3.495852261284716
synthetic,ros,-5.037944505708394,2.439395035195697
synthetic,ros,1.0439767808228564,0.32082881858334644
synthetic,ros,-8.964601097725582,2.916392508772403
synthetic,ros,1.0981498241756882,0.2506011740678341
synthetic,ros,-7.587764471641471,3.7834965340467464
synthetic,ros,-13.063491353774062,3.3618983275208567
synthetic,ros,-41.506012641728965,-34.18819444458793
synthetic,ros,-40.626562791164545,3.2005308620176094
synthetic,ros,-40.524004187513256,9.499616534924572
synthetic,ros,-9.007633296077787,4.800571683895599
synthetic,ros,-23.666662120512644,3.642783581826877
synthetic,ros,1.1192202418711865,-0.025091986477236955
synthetic,ros,-12.998957548252374,5.47512405938519
synthetic,ros,1.0949555311492427,-0.2389380078807125
synthetic,ros,-9.021039987345686,2.9758556396087874
synthetic,ros,-22.66880340565313,3.953797245870158
synthetic,ros,-7.663979978105765,-0.0006460635495780381
synthetic,ros,-40.675769790495444,-0.22834419337867384
synthetic,ros,1.1169218300311068,0.3512184135959866
synthetic,ros,-15.91817888892856,4.020105413436537
synthetic,ros,-25.22654022839488,1.0715008020195393
synthetic,ros,-37.8179621534983,8.366911944563288
synthetic,ros,-41.10480578096711,-16.50025817533325
synthetic,ros,-13.497277059187452,5.728215416738187
synthetic,ros,1.1487138086712823,0.6934497149312848
synthetic,ros,-11.447895428783477,-9.835850157394441
synthetic,ros,1.1338550681701984,0.40502332677190916
synthetic,ros,-7.571648826534398,3.495852261284716
synthetic,ros,-40.66804210879571,0.15163094289783752
synthetic,ros,-9.004196232093934,3.600092859342768
synthetic,ros,1.143734203815524,0.7759565670933288
synthetic,ros,-8.999139232884433,2.46077075773632
synthetic,ros,-40.675769790495444,-0.22834419337867384
synthetic,ros,-8.979286763755969,3.153017568558699
synthetic,ros,1.0979650968929027,2.4156970584041364
synthetic,ros,1.1856334097680339,-0.4603758588910145
synthetic,ros,-7.568218235398039,4.097543583889606
synthetic,ros,-13.943309005326062,2.7778373513541905
synthetic,ros,-40.529228074195295,8.87473659988094
synthetic,ros,-13.551940611386097,-0.29973968292028247
synthetic,ros,1.1487138086712823,0.6934497149312848
synthetic,ros,-13.068888748872515,3.39886383152274
synthetic,ros,-37.918979067587436,-0.13090879047951853
synthetic,ros,-37.78676996702883,11.52919124691152
synthetic,ros,-19.48537434193997,1.6288386667006016
synthetic,ros,-15.574726714487449,5.776051798468646
synthetic,ros,-8.996893029000349,2.1756625535866148
synthetic,ros,-37.90314731010237,5.0302581116903164
synthetic,ros,-9.001527413100268,2.7796056993336564
synthetic,ros,-37.852334961289756,10.018571645689942
synthetic,ros,1.1300130916510949,0.7081664037252771
synthetic,ros,-9.038682712329168,1.7145204243074756
synthetic,ros,-42.30238948047491,-59.73967243936156
synthetic,ros,-9.056606463276145,1.862992216821297
synthetic,ros,-18.214592653084505,4.398486768633336
synthetic,ros,-9.196342459514357,2.6425101012958074
synthetic,ros,-9.039304200877625,1.7784267134393552
synthetic,ros,-12.956508214114644,3.831976276281701
synthetic,ros,-40.529228074195295,8.87473659988094
synthetic,ros,-8.983267122160028,3.046734944899316
synthetic,ros,1.1414532942154196,1.320874509042167
synthetic,ros,-20.400960789961005,4.381806910119174
synthetic,ros,-15.614454157990414,4.286765418313874
synthetic,ros,1.1373777868415684,0.7941068934620945
synthetic,ros,-8.982672825205219,3.199137584344765
synthetic,ros,-8.973918888921284,3.3019777021920143
synthetic,ros,-25.186357960367623,2.2435838339477954
synthetic,ros,1.0439767808228564,0.32082881858334644
synthetic,ros,-9.007633296077787,4.800571683895599
synthetic,ros,-7.5573328265664,4.146482443013583
synthetic,ros,-40.59637924258036,0.2702728254474609
synthetic,ros,-40.636754574505076,3.2643398339897227
synthetic,ros,-33.53915152233861,-0.09828358578299469
synthetic,ros,-13.489848961150633,4.257696082047097
synthetic,ros,-18.276367915970358,2.848971076111268
synthetic,ros,-15.591424439571634,1.982079986413206
synthetic,ros,-10.388410800172581,3.206352248585695
synthetic,ros,-18.332401751533602,3.0697551245185135
synthetic,ros,-7.663979978105765,-0.0006460635495780381
synthetic,ros,-7.6382285867207855,-0.09574130018842687
synthetic,ros,-37.94255008719396,-4.310308857098101
synthetic,ros,-9.001909715003139,3.3324553862128115
synthetic,ros,-15.980168090349173,4.003106822931277
synthetic,ros,-23.657412609254926,3.233109316723482
synthetic,ros,-40.53060186311139,7.128894123919104
synthetic,ros,-20.39398105738527,2.997450723965229
synthetic,ros,-8.970247715245097,2.504797539053916
synthetic,ros,-11.057523478333781,4.11522897750124
synthetic,ros,-7.587578714896296,1.8525925206279228
synthetic,ros,-15.591424439571634,1.982079986413206
synthetic,ros,1.3863564907847272,1.3152672673867967
synthetic,ros,-40.633734564176116,1.254805481466843
synthetic,ros,-40.53667810762859,6.317269320362407
synthetic,ros,-33.31254633228329,-6.414090801575049
synthetic,ros,-15.985036045985671,4.0713263725339734
synthetic,ros,-22.682072826823813,4.816640086377875
synthetic,ros,-15.940970750124377,4.012833897968934
synthetic,ros,-15.515313107173101,3.308942393145007
synthetic,ros,-15.611658517929046,2.4305210773431503
synthetic,ros,-6.049172727051925,2.0277117793596213
synthetic,ros,-11.03083723453233,2.892042041933553
synthetic,ros,1.1146235265213615,0.893055427532085
synthetic,ros,-8.9914151064887,2.82043675932206
synthetic,ros,-40.461692278666455,10.90143691070069
synthetic,ros,1.0981498241756882,0.2506011740678341
synthetic,ros,-40.53060186311139,7.128894123919104
synthetic,ros,-17.48054695698844,3.4143961436489025
synthetic,ros,-13.534170438481766,2.146117099709693
synthetic,ros,1.104805720117595,0.5497559496966127
synthetic,ros,-8.996893029000349,2.1756625535866148
synthetic,ros,-13.561092966740175,3.2730388475631473
synthetic,ros,-17.453620457746617,2.6942003712771
synthetic,ros,-8.983267122160028,3.046734944899316
synthetic,ros,-20.591080291973746,4.4984363254091795
synthetic,ros,1.1275295540898493,0.6530136789490513
synthetic,ros,-18.29016280515716,5.4709900726713006
synthetic,ros,-9.0931428772332,4.020322168951022
synthetic,ros,-13.068888748872515,3.39886383152274
synthetic,ros,-40.53060186311139,7.128894123919104
synthetic,ros,-9.039304200877625,1.7784267134393552
synthetic,ros,-7.5624615940778614,3.280007320652544
synthetic,ros,-9.006818740679984,2.4496671487299926
synthetic,ros,-40.60270725236294,5.890456751676401
synthetic,ros,-15.878523482364722,4.061617597592886
synthetic,ros,1.1194451000417789,2.2265255170916873
synthetic,ros,-18.214592653084505,4.398486768633336
synthetic,ros,-33.558555304664765,0.24751868969899626
synthetic,ros,1.1194451000417789,2.2265255170916873
synthetic,ros,-20.400960789961005,4.381806910119174
synthetic,ros,1.084103681412198,0.33745295329228703
synthetic,ros,-37.78676996702883,11.52919124691152
synthetic,ros,-15.515313107173101,3.308942393145007
synthetic,ros,-9.018217391127648,2.5007647471229206
synthetic,ros,-7.571648826534398,3.495852261284716
synthetic,ros,-9.046702284965521,1.7832586236224293
synthetic,ros,-7.663979978105765,-0.0006460635495780381
synthetic,ros,1.0806897653227077,-2.1757092807517524
synthetic,ros,-37.96955376042876,-3.5893810290083277
synthetic,ros,-13.531616369224777,3.9558084231594712
synthetic,ros,-5.013746690604254,1.9303523366011701
synthetic,ros,1.1300202364692766,0.4592446437707889
synthetic,ros,1.122118751221874,0.35970116929176976
synthetic,ros,-37.79490503085347,9.379134908088233
synthetic,ros,1.0102570563989854,-4.384495450972521
synthetic,ros,-22.64404475709749,6.52689064306284
synthetic,ros,-9.075243495987124,1.6498521211251802
synthetic,ros,1.130003092015247,1.4018157049279947
synthetic,ros,-9.038682712329168,1.7145204243074756
synthetic,ros,-37.92907826318625,-4.671305309984583
synthetic,ros,-7.693045402515656,0.005604105407101864
synthetic,ros,-20.353499232833524,1.1877766434601034
synthetic,ros,-37.90314731010237,5.0302581116903164
synthetic,ros,-37.99670183956262,-2.870208267553955
synthetic,ros,-8.983267122160028,3.046734944899316
synthetic,ros,-12.992783664137159,5.599595214454704
synthetic,ros,-40.636754574505076,3.2643398339897227
synthetic,ros,1.1856334097680339,-0.4603758588910145
synthetic,ros,-13.068888748872515,3.39886383152274
synthetic,ros,-41.88571021216509,-45.25782894850112
synthetic,ros,-15.940970750124377,4.012833897968934
synthetic,ros,-40.55393910388849,4.183330862364378
synthetic,ros,-15.591424439571634,1.982079986413206
synthetic,ros,-33.459357319327594,-2.3311945465762207
synthetic,ros,-37.95609306587637,-3.9496047204046536
synthetic,ros,0.995608648717767,0.12024507837254393
synthetic,ros,-13.001972673819667,3.346764709836212
synthetic,ros,-33.48593255445201,-1.5870349207982328
synthetic,ros,-40.66804210879571,0.15163094289783752
synthetic,ros,1.0806897653227077,-2.1757092807517524
synthetic,ros,-9.581869309576273,1.2287882402558958
synthetic,ros,-8.973918888921284,3.3019777021920143
synthetic,ros,-42.30238948047491,-59.73967243936156
synthetic,ros,-9.013698178163907,5.080211260471059
synthetic,ros,-40.66804210879571,0.15163094289783752
synthetic,ros,-33.53915152233861,-0.09828358578299469
synthetic,ros,-23.657412609254926,3.233109316723482
synthetic,ros,-22.66880340565313,3.953797245870158
synthetic,ros,-41.10662699001356,-16.873384171965775
synthetic,ros,-13.581085615616923,2.7563412275511263
synthetic,ros,-33.445998958585456,-2.703301132199822
synthetic,ros,-20.351862913298298,2.2634070204457255
synthetic,ros,-8.934211170766835,3.449001236092613
synthetic,ros,-33.445998958585456,-2.703301132199822
synthetic,ros,1.0948262250171923,0.2821432029966596
synthetic,ros,-7.5573328265664,4.146482443013583
synthetic,ros,1.076855332142404,-0.16965067277238438
synthetic,ros,-9.19795647282813,3.712174575617836
synthetic,ros,-13.581085615616923,2.7563412275511263
synthetic,smote,-9.06223809322749,2.339282159516663
synthetic,smote,-16.221850639158866,4.050535522479147
synthetic,smote,-40.60184181974952,5.93977257637943
synthetic,smote,-12.30613002658139,3.084071042729124
synthetic,smote,1.1090442003170042,-0.013127445178601163
synthetic,smote,-22.680686027960636,4.726463623145517
synthetic,smote,-13.497406178669102,3.661036883267262
synthetic,smote,-5.501278184596537,1.9732734216094538
synthetic,smote,-15.753095766188151,2.1046577711464103
synthetic,smote,-8.12171471935662,4.510324128751663
synthetic,smote,-13.557329298552569,2.918551682720414
synthetic,smote,-17.23862947391849,2.9239144116965594
synthetic,smote,-7.560250624010758,3.5385720788112875
synthetic,smote,-40.48506650239563,10.199993385439363
synthetic,smote,-25.08100848301206,6.05096383759422
synthetic,smote,-13.488609155020981,4.454616239190551
synthetic,smote,-20.591080291973746,4.4984363254091795
synthetic,smote,-9.025043838224873,3.1202406032176873
synthetic,smote,-8.168886297432918,3.2894467717477682
synthetic,smote,-20.357461698164393,2.8345409974797526
synthetic,smote,-40.639763582051735,-1.535061457992724
synthetic,smote,-23.661999846964683,4.722416378770386
synthetic,smote,1.1341472340488312,2.60317077472036
synthetic,smote,-33.42264915964421,-3.3949068486652623
synthetic,smote,-40.54728314463964,1.0090398757327481
synthetic,smote,-15.934496337634565,3.8966632312020506
synthetic,smote,-13.01238007910471,3.028664693239955
synthetic,smote,-10.199314403305458,3.1995863374753304
synthetic,smote,-8.346628288915138,4.652528482817417
synthetic,smote,-13.030121941600482,5.467542138492526
synthetic,smote,-40.73684776053398,-1.8076305883715957
synthetic,smote,-10.4255481820432,2.7485874646494803
synthetic,smote,-17.378916892741238,3.0248875418668986
synthetic,smote,-37.96945078766088,-3.5921301340375136
synthetic,smote,-8.97439358876032,2.8287468054923046
synthetic,smote,-37.97251993341624,-3.5129783596338053
synthetic,smote,-33.43922702056222,-2.9032738322751377
synthetic,smote,-9.33090750811178,1.5960763049303663
synthetic,smote,-19.433012827183127,0.35075860835067973
synthetic,smote,-13.50591470319836,3.9463677339922905
synthetic,smote,-8.871215936250998,-3.1385100545803937
synthetic,smote,1.1311468801284355,0.5855296145885568
synthetic,smote,-40.63818865489663,2.311258222060382
synthetic,smote,-19.485687941537734,1.6364292075335538
synthetic,smote,-23.66852063910743,5.552476057288896
synthetic,smote,1.1019097040871875,2.459899972524593
synthetic,smote,-6.3625409307639496,2.483423867278026
synthetic,smote,-13.562344410018147,-0.3044082628635158
synthetic,smote,-14.960118425821195,3.7913930749928775
synthetic,smote,-7.308222504555456,2.1323523974661787
synthetic,smote,-11.051520106567056,4.246742580060029
synthetic,smote,1.1419711913105013,1.325149153619689
synthetic,smote,-40.52728236266574,9.634028752959383
synthetic,smote,1.130656039285327,0.12387779256448923
synthetic,smote,1.1320665414229631,1.4557452522297374
synthetic,smote,-40.59911720239913,1.1283350065787845
synthetic,smote,-20.353352068201325,1.2845149304541095
synthetic,smote,-15.233145019170502,3.2894353742463487
synthetic,smote,-40.63069133409752,3.226378946841828
synthetic,smote,-8.998969744355014,2.1605465364113243
synthetic,smote,-18.744974562816566,3.331443035609334
synthetic,smote,-40.322390580718974,8.71769052623956
synthetic,smote,-7.56942870412027,3.4436926808081614
synthetic,smote,1.1142808730551648,0.8604573633781157
synthetic,smote,-13.571413330155135,0.7266122554458291
synthetic,smote,-9.109034565739355,2.6596327027278948
synthetic,smote,-40.57019955926513,1.0442264604611902
synthetic,smote,-8.97358260491894,3.1206255119481168
synthetic,smote,-40.54335816287328,7.271117813537626
synthetic,smote,-7.47362455939494,1.4710265320091342
synthetic,smote,-25.22409932277092,1.1903651392957761
synthetic,smote,1.075599951960267,-0.6830291428090591
synthetic,smote,-19.111670941521187,4.4170964097318
synthetic,smote,1.1006915253368372,1.1155519820145363
synthetic,smote,1.144390693959939,1.9701418529947525
synthetic,smote,-5.406445228699317,1.4279039009408725
synthetic,smote,1.1149137248391465,0.48870197652843705
synthetic,smote,-37.83115208219032,10.506625869420478
synthetic,smote,-33.43435987533327,-3.02916187655111
synthetic,smote,-40.667338803350354,-0.18785788800704406
synthetic,smote,-14.98557290151676,2.4144771891603867
synthetic,smote,-7.719931074857202,2.0631569281229067
synthetic,smote,-22.70893452522092,5.320773730766578
synthetic,smote,-40.65487205662539,1.1281886522422475
synthetic,smote,-10.98139895538742,3.0532099272581297
synthetic,smote,-33.3762502125743,-4.778430503326678
synthetic,smote,-25.114421359177005,4.8543673923381965
synthetic,smote,-14.270177005694036,3.6758804810139574
synthetic,smote,-7.566172976763058,4.107006052543137
synthetic,smote,-40.539488061625214,8.503548851182972
synthetic,smote,-23.655128394383375,5.191870419223377
synthetic,smote,-22.707289652918544,1.6063822760314403
synthetic,smote,-40.60270725236294,5.890456751676401
synthetic,smote,-40.59389235675647,0.30769391147215264
synthetic,smote,-40.59713445454271,0.8611496926732909
synthetic,smote,-40.62801720152285,3.209636670754739
synthetic,smote,-13.62068509778639,3.4614081856099466
synthetic,smote,-25.19756545831595,1.818727700883465
synthetic,smote,-9.031666660440537,1.9605051983769917
synthetic,smote,-40.550506717166776,7.3508191208160545
synthetic,smote,-23.671225428354518,5.122334390219465
synthetic,smote,-4.458772842388432,-1.5254445151367193
synthetic,smote,-37.93335679283716,-1.1141073199369582
synthetic,smote,-9.539288823744176,2.917435929473605
synthetic,smote,-13.500009616005917,3.331007255142101
synthetic,smote,-9.022987142431827,2.855541900104229
synthetic,smote,-10.691878042598626,4.580110594906528
synthetic,smote,-13.535161259187712,3.380168450157969
synthetic,smote,-13.519585765693842,3.822068452011411
synthetic,smote,1.1091463237111374,0.519125228510599
synthetic,smote,-37.95248028716447,-4.046227156944201
synthetic,smote,-22.67090837517118,4.090672687140315
synthetic,smote,-9.028777092537899,2.497783777104742
synthetic,smote,-7.73308598057436,0.6867216326884706
synthetic,smote,-13.488996865952542,4.904486863757486
synthetic,smote,-8.184133317786207,3.9964086267664323
synthetic,smote,-25.155444962123394,2.978334069677431
synthetic,smote,1.0730940742546744,0.48025055720632337
synthetic,smote,-5.7095442726294054,-10.130069723765423
synthetic,smote,-13.940520920290377,3.0216781969318234
synthetic,smote,-33.439273117939365,-2.891605261643232
synthetic,smote,-7.567640296471609,3.8585459010676946
synthetic,smote,-8.012642686477415,3.5939191367699155
synthetic,smote,-7.557399164351194,3.99591207040452
synthetic,smote,-13.311214516137877,3.454744068220344
synthetic,smote,-18.914363348111756,3.871344869990226
synthetic,smote,-13.196429283859064,3.9542629132074696
synthetic,smote,1.1414715549892838,0.346108330180854
synthetic,smote,1.1561841933235537,0.3238937689458025
synthetic,smote,-15.91611845292431,5.946236249778161
synthetic,smote,-40.75631099103176,-2.31088921187126
synthetic,smote,-25.21160418760991,1.4385340881740671
synthetic,smote,-8.977189133937415,2.439328095467549
synthetic,smote,-37.947639971898404,-4.1751443059140465
synthetic,smote,-37.985328663764385,-3.172519803830676
synthetic,smote,1.1008090348629505,0.09807046632157164
synthetic,smote,-12.10441349317592,4.8936952468480035
synthetic,smote,-7.483654212047428,2.087795445858472
synthetic,smote,-7.950088261277591,0.5962264562120836
synthetic,smote,-37.812651656159744,8.233140258738054
synthetic,smote,-9.004220745657403,2.4534235250107557
synthetic,smote,-25.155568901258057,2.940554576293092
synthetic,smote,-8.982094238528472,3.1815774956782805
synthetic,smote,-9.01231706220567,2.6531059592629633
synthetic,smote,-10.973965534545856,3.0286824073649723
synthetic,smote,-22.708680536247904,5.367669256639395
synthetic,smote,1.126467729382181,1.9301239242165882
synthetic,smote,1.1002530243895574,0.3315148770206091
synthetic,smote,-5.325265193232741,2.1263235615396647
synthetic,smote,-8.9749288571098,2.9641083798179073
synthetic,smote,1.134272151739075,2.5413658958299923
synthetic,smote,-7.56331335469296,4.054539554045511
synthetic,smote,1.144866956058483,1.3518297410526414
synthetic,smote,-9.04286784085722,4.302988968076411
synthetic,smote,-37.96189977339409,-3.7957272732077776
synthetic,smote,-13.50371203891812,3.198181889810471
synthetic,smote,-33.35645499397764,-5.210364649457982
synthetic,smote,-40.188168845468674,8.668429612129126
synthetic,smote,-20.350997777084086,1.8937312185351782
synthetic,smote,-13.511527745164683,4.454184868628194
synthetic,smote,-40.678803113664735,-1.2223149554393506
synthetic,smote,-40.62921235043321,3.2171192889360314
synthetic,smote,1.1277694907887263,0.43088958922148635
synthetic,smote,-16.676639193725144,3.790210482952981
synthetic,smote,1.098956723550165,-0.02984159379017444
synthetic,smote,-6.4547171018302665,3.0630440982377327
synthetic,smote,-6.064972210513973,1.7535134722056416
synthetic,smote,-12.98641127016891,2.857237971178296
synthetic,smote,1.125634849131691,0.4371767298333149
synthetic,smote,-40.55449514317582,7.333307890536718
synthetic,smote,1.1390886968901774,1.3897116803637022
synthetic,smote,-13.5397243917853,4.877523769327511
synthetic,smote,-22.671240139917195,4.11224565796924
synthetic,smote,-22.675475098252832,4.177936405767689
synthetic,smote,1.095279581799858,-0.2340365947261177
synthetic,smote,-18.26253321103967,5.474093756395096
synthetic,smote,-40.537299052716435,6.420868308001933
synthetic,smote,-9.03268139875855,2.2788147229339373
synthetic,smote,-13.487411842857115,4.64478701978192
synthetic,smote,-40.65616640083744,-0.03141597204359804
synthetic,smote,-40.51723252217029,10.141878400238456
synthetic,smote,1.0782496509737352,2.436375903968342
synthetic,smote,1.130216473210026,1.6287356592803706
synthetic,smote,-23.6668254752235,3.6709169831597697
synthetic,smote,1.1330851666848205,0.40885920842992673
synthetic,smote,-40.61164198617613,1.4536072581281023
synthetic,smote,-5.444545777660842,-0.4130671370930574
synthetic,smote,-9.197590941163783,3.4699236398572904
synthetic,smote,-37.82972286367801,8.932029905781507
synthetic,smote,-22.645254347812777,5.481244560372543
synthetic,smote,1.1016484172117849,1.0986168695578247
synthetic,smote,-39.40378320894234,8.427540116678571
synthetic,smote,-18.900489618736287,2.6900303916032153
synthetic,smote,-20.591080291973746,4.4984363254091795
synthetic,smote,-8.062090932415204,3.9052237580843956
synthetic,smote,-7.6499696322241135,1.1785908034684258
synthetic,smote,-22.667081209703106,5.490863672029656
synthetic,smote,1.139780389990195,1.4068168767190983
synthetic,smote,-9.008134927292485,2.278262172964567
synthetic,smote,-40.53549644056273,6.475108639942721
synthetic,smote,-40.66804210879571,0.15163094289783752
synthetic,smote,-38.76462699219346,9.130301335989369
synthetic,smote,-9.029806094350006,2.469525513582137
synthetic,smote,-9.244286732616422,3.0097783500079043
synthetic,smote,-11.024963269998253,1.710865333051044
synthetic,smote,-6.684724994962113,0.6255328730248195
synthetic,smote,-7.5658550357351615,3.51756706107154
synthetic,smote,-18.263324072390695,3.532194295637624
synthetic,smote,-13.53224838808253,3.912239620576565
synthetic,smote,-8.992936496739222,3.232386734967676
synthetic,smote,-40.53818115000287,6.73057697830017
synthetic,smote,-9.012290522186271,2.652123974133087
synthetic,smote,-14.029873524414109,3.584103029185754
synthetic,smote,-8.466841102287882,4.1734384782838125
synthetic,smote,1.0860795713587899,0.1828259370148848
synthetic,smote,1.1523913657363973,-0.2425015109075797
synthetic,smote,-9.58565436276789,2.518647023332027
synthetic,smote,-40.72950183236667,-1.4486426186685804
synthetic,smote,1.012759623472375,-4.305306982580949
synthetic,smote,-13.167598383046085,3.3847854410511515
synthetic,smote,-10.969287568943285,4.786350613049686
synthetic,smote,-23.66413453196543,4.152488976677144
synthetic,smote,-40.5741032182169,0.6054683603543398
synthetic,smote,-40.63822716238624,2.3083127499878895
synthetic,smote,-7.5657972953223425,4.109201949723977
synthetic,smote,-7.859280528568695,1.4678884373331909
synthetic,smote,-12.757291383352818,3.7749513679610596
synthetic,smote,-22.71020522632391,1.497337891651161
synthetic,smote,1.1380429559297025,0.7922075473226711
synthetic,smote,-15.95470799647743,3.960855580502983
synthetic,smote,-11.214143163926662,3.73322891337809
synthetic,smote,-14.770341610392743,3.419789396026828
synthetic,smote,-25.158876815724387,2.74619427312344
synthetic,smote,-37.92369026187995,-0.4530765339806542
synthetic,smote,-40.55571705000079,9.277798058414756
synthetic,smote,-40.569508763197916,5.706055974677775
synthetic,smote,1.1417417255997997,0.8952810876534814
synthetic,smote,-22.696393553770086,5.0848100098706634
synthetic,smote,-19.490547996029534,1.814968943507496
synthetic,smote,-13.90082045369907,3.997448500435424
synthetic,smote,-13.742537795471572,3.8959302093491397
synthetic,smote,-14.203821951160828,5.291694474474245
synthetic,smote,-8.96779503962898,2.952011107253801
synthetic,smote,-18.26423040463701,3.4847215372050373
synthetic,smote,1.081583978810743,0.2922177368359893
synthetic,smote,-13.437068747641387,2.293235712204044
synthetic,smote,1.1039591195799774,0.5397272468812202
synthetic,smote,-40.631270746733456,3.230006547960396
synthetic,smote,1.1456108777965637,1.4909835654425942
synthetic,smote,-25.161896105104532,2.6909736343525843
synthetic,smote,-9.035901719054236,1.9439463989667845
synthetic,smote,-7.566266187222981,4.1263355091132246
synthetic,smote,-19.456251187393562,1.0067011207059706
synthetic,smote,-22.678165152554968,4.7523684770773835
synthetic,smote,-23.660898915620134,4.766355632271412
synthetic,smote,-37.81809588462219,8.37060626897122
synthetic,smote,-37.80937829578577,10.10438876986743
synthetic,smote,-7.94097985545274,3.1471248996803247
synthetic,smote,-15.595024244247627,2.0618612498600735
synthetic,smote,-13.044212800122954,3.046685001807595
synthetic,smote,-40.83179082143177,-9.18866422042392
synthetic,smote,1.0783890045072206,2.3773416498943725
synthetic,smote,1.111575728946332,0.4696604013634239
synthetic,smote,1.0980881554094908,-0.009126358638492774
synthetic,smote,-11.03682651914001,2.8317318913166605
synthetic,smote,-6.084064093182132,2.58311157503117
synthetic,smote,-23.671961053670426,4.733387624467145
synthetic,smote,-9.026610536372955,1.9682745731237725
synthetic,smote,-33.45537985427713,-2.4409637697770656
synthetic,smote,-22.62565982158056,6.744261351999032
synthetic,smote,-25.100398406451607,5.896841460436238
synthetic,smote,-41.962156851609336,-47.90415690935971
synthetic,smote,-8.974334685850328,2.9566748000544285
synthetic,smote,-33.47579238771709,-1.8709798284333714
synthetic,smote,-40.64753522004968,1.9932421965156553
synthetic,smote,-13.076677551414928,-0.2686547307562049
synthetic,smote,-13.466896777273552,3.606898135247752
synthetic,smote,-10.762366031168508,2.4420879860302733
synthetic,smote,-7.8290062928220845,2.1598925718340984
synthetic,smote,-10.533157917453773,2.8487220310134567
synthetic,smote,-23.674235926067038,5.690140881437668
synthetic,smote,1.1210669555157027,0.8156445789025465
synthetic,smote,-18.552588472278373,3.868701190388698
synthetic,smote,-17.458802160591144,2.8328628917794636
synthetic,smote,-7.695999797608318,1.3060970844669817
synthetic,smote,-13.0686965736435,3.3987142088702793
synthetic,smote,1.0830824577646674,2.262914190365734
synthetic,smote,-39.56972800656768,10.007579864998577
synthetic,smote,-7.534615853510184,2.9400174008777813
synthetic,smote,1.0877765037124363,2.395734563035939
synthetic,smote,-8.51579155105709,4.578749792227139
synthetic,smote,-23.085175608888207,6.70462069209744
synthetic,smote,-40.64902081545653,0.3666981002654557
synthetic,smote,-23.657598266651465,3.241332352013512
synthetic,smote,-20.591080291973746,4.4984363254091795
synthetic,smote,-41.506012641728965,-34.18819444458793
synthetic,smote,-13.520608238446302,2.4743535914262873
synthetic,smote,1.1337920954159901,0.03725129702602885
synthetic,smote,-18.218349739069776,5.000375699042615
synthetic,smote,-40.53301850977662,9.64784476450319
synthetic,smote,-13.999166903948419,5.739772180166543
synthetic,smote,1.1272604781632392,0.74123608544772
synthetic,smote,-33.54615598146224,-0.0657057899889535
synthetic,smote,-8.96742714350871,2.9361264212224
synthetic,smote,1.1466798617546259,2.0252797034167793
synthetic,smote,-9.023541921809336,2.2526091063298623
synthetic,smote,1.0446393503332323,0.3193406309360237
synthetic,smote,-14.468648525940994,5.583412192566096
synthetic,smote,-6.399141973581144,0.4605727953274602
synthetic,smote,-14.571881932518119,3.7092506682584654
synthetic,smote,-40.627845906879124,3.2085642249663056
synthetic,smote,1.149795695314329,0.23856406363982002
synthetic,smote,-13.351669795179832,4.931586394359429
synthetic,smote,-7.722909184899644,2.6713537986446925
synthetic,smote,-19.84858774294885,2.805362216399349
synthetic,smote,-13.53362033023031,3.817663523901545
synthetic,smote,-14.663687166654773,3.1898248887916862
synthetic,smote,-40.53734041084061,6.42776853135404
synthetic,smote,-25.17186391064748,2.508669615120567
synthetic,smote,-23.65662593652882,4.9691416107856545
synthetic,smote,-9.162002749927536,4.312262768534671
synthetic,smote,-40.57620734881181,8.383230106849737
synthetic,smote,-40.806585083619545,-8.46970848788888
synthetic,smote,1.0955447117303814,0.3521325731789116
synthetic,smote,-7.204554672948344,0.19880728866561648
synthetic,smote,-13.145725487429237,3.331315758653564
synthetic,smote,-22.64882893686576,5.988735094052545
synthetic,smote,-6.162452702131481,2.6037808829314253
synthetic,smote,-25.21896259846713,1.2925339068339774
synthetic,smote,-14.063048632004636,5.643875336045217
synthetic,smote,-19.476632390276706,1.4717622951584062
synthetic,smote,-33.4385209597821,-2.912663519556168
synthetic,smote,-6.397866695268405,1.9167466499151788
synthetic,smote,-7.560106013206665,2.723461938430026
synthetic,smote,1.1253728727000227,0.3737626427566185
synthetic,smote,-41.11242752289687,-16.836276570577326
synthetic,smote,-37.980819169263576,-3.291600535021014
synthetic,smote,-37.80852643814031,8.135123873694303
synthetic,smote,-20.591080291973746,4.4984363254091795
synthetic,smote,-8.996795136822003,2.798713491850406
synthetic,smote,-7.620059320319337,2.3428204817210903
synthetic,smote,-7.557533343393278,3.6913588142761427
synthetic,smote,-7.600768276051179,4.170538261243958
synthetic,smote,-13.459635722818962,4.616150295446694
synthetic,adasyn,1.1542680519288653,0.68450415838867
synthetic,adasyn,-1.9653034436745471,2.0082088659723656
synthetic,adasyn,1.2789908496891815,1.4644933903022181
synthetic,adasyn,-7.4592553277730484,0.6608532721119718
synthetic,adasyn,-0.4108408656294158,1.2406680319743344
synthetic,adasyn,1.187916842846551,1.5910759804196988
synthetic,adasyn,1.0697089677286158,0.331489381327896
synthetic,adasyn,1.063499784745881,0.3289169849349172
synthetic,adasyn,1.0683164862673113,0.33091249153445484
synthetic,adasyn,1.0764240562145773,0.29614334084553273
synthetic,adasyn,1.05993730783111,0.28498011325283157
synthetic,adasyn,-18.283544137808498,2.998714361099526
synthetic,adasyn,1.1092669120460272,0.23266888282690124
synthetic,adasyn,1.0998644716299992,0.476163397505758
synthetic,adasyn,1.118388457117388,0.06475483135453573
synthetic,adasyn,1.0986307284145365,0.5081135819467357
synthetic,adasyn,1.118547109334225,-0.0056514299592490685
synthetic,adasyn,1.1163380982553592,0.04954673814305695
synthetic,adasyn,1.13631943713075,0.94761024402084
synthetic,adasyn,1.1461435701411176,0.736035883226202
synthetic,adasyn,1.126672702739718,0.8225049875345336
synthetic,adasyn,1.1236830274116503,0.8400101601722829
synthetic,adasyn,1.1452922283142748,0.7238313276369079
synthetic,adasyn,1.1348692815842987,0.7745123087422006
synthetic,adasyn,1.1299771641777163,0.7262135656041961
synthetic,adasyn,1.1407959285123364,0.7843466170118056
synthetic,adasyn,1.1223513297575236,0.8619700308061576
synthetic,adasyn,1.1360513320300727,0.7481766731098697
synthetic,adasyn,1.1472733419619559,0.7173167439975227
synthetic,adasyn,1.133067440202525,1.3801539034547314
synthetic,adasyn,1.140825889520374,1.3253096172990855
synthetic,adasyn,1.1084447163493267,0.5098086622718889
synthetic,adasyn,1.1227214502274943,0.36202861318802076
synthetic,adasyn,1.1065969334236254,0.48602646535346616
synthetic,adasyn,1.116361579224488,0.4229008512611331
synthetic,adasyn,1.1195553922926587,0.40559626440188046
synthetic,adasyn,1.123207982720582,0.3734233853686792
synthetic,adasyn,1.1340445918354918,0.4799289597915445
synthetic,adasyn,1.1676972471476568,0.4175700479993846
synthetic,adasyn,1.1676419968837384,0.41170026506732615
synthetic,adasyn,1.1599825699575912,0.36771881061168865
synthetic,adasyn,1.1648090321129914,0.4234057330626618
synthetic,adasyn,1.1675109869203033,0.3977817786607979
synthetic,adasyn,1.1051091855510937,0.6066653109906872
synthetic,adasyn,1.12913418962747,0.6772310366937738
synthetic,adasyn,1.1245214135273174,0.5148717317238684
synthetic,adasyn,1.1182270850062253,0.8497625596127738
synthetic,adasyn,1.1254132300539876,0.5462616601069175
synthetic,adasyn,1.1202824696016183,0.7409234482844778
synthetic,adasyn,1.1419014292486174,0.680870005395796
synthetic,adasyn,1.1223007632207083,0.6825414248175801
synthetic,adasyn,1.1227754845242106,0.6688094335853947
synthetic,adasyn,1.1416031184074635,0.555402898730636
synthetic,adasyn,1.117195724137146,0.8745090830018305
synthetic,adasyn,1.1361220480705418,2.547768902692396
synthetic,adasyn,1.1329791751387348,1.391902693654727
synthetic,adasyn,1.1346186953175201,1.3864416291143014
synthetic,adasyn,1.1446964058773932,1.354439461111597
synthetic,adasyn,1.1445729983806965,1.3523109084056655
synthetic,adasyn,1.1265128877971091,0.6719228555597327
synthetic,adasyn,1.1195727020187998,0.6705445411484781
synthetic,adasyn,1.1168942664368413,0.8508214886228018
synthetic,adasyn,1.1121330142772305,0.8059696246764607
synthetic,adasyn,1.1235932635057926,0.7262255227727097
synthetic,adasyn,1.0962139644838098,0.5642572994016447
synthetic,adasyn,1.106581972144091,0.45449161192651655
synthetic,adasyn,1.1043486865356118,0.337826095622102
synthetic,adasyn,1.1199849379511568,0.36184352699045613
synthetic,adasyn,1.0962222264755073,0.5695561658574028
synthetic,adasyn,1.0961773003507673,0.5407425886860716
synthetic,adasyn,-6.804414345479662,3.6434225605744115
synthetic,adasyn,-4.079729511687626,3.156210752747082
synthetic,adasyn,1.1365998924945466,1.6043486696646687
synthetic,adasyn,1.1426680011974284,1.3842680855947382
synthetic,adasyn,1.166591211067993,0.5166115786107837
synthetic,adasyn,-7.329799790973757,3.737368836316364
synthetic,adasyn,-7.842662744917023,1.2766887126784972
synthetic,adasyn,-9.000745897123569,1.2902602744379077
synthetic,adasyn,1.1508772183677534,0.23671197842375802
synthetic,adasyn,1.1387746890628003,0.09281025372795397
synthetic,adasyn,1.1381121174480517,0.08319204094416431
synthetic,adasyn,1.147100417109992,0.213670583623368
synthetic,adasyn,1.125680206009345,0.46614823801779615
synthetic,adasyn,1.148944510071567,0.240363500429783
synthetic,adasyn,1.1076992236199528,2.449389584397423
synthetic,adasyn,1.1010867696521396,0.2526084367614938
synthetic,adasyn,1.1115941308238266,0.3665217706732333
synthetic,adasyn,1.0977950194965962,0.23693867719347983
synthetic,adasyn,1.0872821024705686,-0.7833114283538285
synthetic,adasyn,1.1226539328151186,0.42217632059577115
synthetic,adasyn,1.1374434179778963,0.08109219144933981
synthetic,adasyn,-8.711714209041185,2.123899906748716
synthetic,adasyn,1.1373012566163367,0.1231968314981733
synthetic,adasyn,1.1159030124561777,0.3916845778066516
synthetic,adasyn,1.1377995836465267,0.08244405125598918
synthetic,adasyn,1.133716082511364,0.15278496750905107
synthetic,adasyn,1.1349236259440239,0.07872562451861466
synthetic,adasyn,1.1341454886434108,0.13183621573726567
synthetic,adasyn,-23.67131127766246,5.134076284755106
synthetic,adasyn,1.126359375403991,1.414256422744609
synthetic,adasyn,1.1327770289515884,1.5654073646028264
synthetic,adasyn,1.1301846955249886,0.533922953549596
synthetic,adasyn,1.133137579888067,1.1773161483535106
synthetic,adasyn,1.1204085918965403,1.1755750905603572
synthetic,adasyn,1.132515116219368,1.5921308933689327
synthetic,adasyn,1.1430265673903839,0.19649344641577982
synthetic,adasyn,1.153220561439393,0.31754616078327225
synthetic,adasyn,1.1241630073242364,0.46729491033473036
synthetic,adasyn,1.1278982135958784,0.3239415383927994
synthetic,adasyn,1.1335842460061225,0.11900395497238712
synthetic,adasyn,1.1424608399865235,0.19230989218178746
synthetic,adasyn,1.131720236875591,1.3984602669273054
synthetic,adasyn,1.1418120765837745,0.8195392255234311
synthetic,adasyn,1.1422490252061592,0.8096317739009162
synthetic,adasyn,1.1390399526170885,0.8823948627415912
synthetic,adasyn,1.136813416613464,1.0876615176081217
synthetic,adasyn,1.1352542222623476,1.0092921272824666
synthetic,adasyn,1.1209958702587854,-0.036729774961026085
synthetic,adasyn,-5.253361913132661,1.8197997254293965
synthetic,adasyn,1.1502666188776036,-0.2285755370399991
synthetic,adasyn,-1.1317540722697899,0.36025687820064634
synthetic,adasyn,1.127325254222737,-0.13881940095414647
synthetic,adasyn,1.155916034670968,-0.2656028263756109
synthetic,adasyn,1.0873702030391528,-0.20990146687517813
synthetic,adasyn,1.0886680769890087,0.06347664626760156
synthetic,adasyn,1.078105444545117,-0.14739279678914888
synthetic,adasyn,1.0775053182276082,-0.14481340583391678
synthetic,adasyn,1.0959523603927934,0.20723370553734954
synthetic,adasyn,1.0890753380167042,-0.21642870221385546
synthetic,adasyn,0.9998503409306647,2.5083740861964197
synthetic,adasyn,-4.3879877485263545,3.3078650603870288
synthetic,adasyn,-10.895020619632003,4.637402067932301
synthetic,adasyn,1.0839278555746694,2.1333599315832688
synthetic,adasyn,-4.580058709796037,3.5071056019838336
synthetic,adasyn,-4.3329841644890585,3.299689041246932
synthetic,adasyn,1.0829106101398014,0.33695867695251525
synthetic,adasyn,1.0922677939380916,0.26642603848440516
synthetic,adasyn,1.0627067686397242,0.3285884470617826
synthetic,adasyn,1.0910977575107113,0.3013756364905906
synthetic,adasyn,1.0876636772399346,0.31908954181649807
synthetic,adasyn,1.102545292325248,0.5265748707555404
synthetic,adasyn,-8.19729257197892,1.9824446793942982
synthetic,adasyn,-7.778100871451807,0.9735279241346881
synthetic,adasyn,-8.083005535227747,1.3651669655145746
synthetic,adasyn,-8.690473366097327,2.1454374802539222
synthetic,adasyn,-7.868320522398937,0.8554797837960212
synthetic,adasyn,-6.849777010245178,0.3462584141281948
synthetic,adasyn,1.093614218316313,2.5282820827972077
synthetic,adasyn,1.1469501927882828,2.0481825108233327
synthetic,adasyn,-10.160518028614035,4.443746750980465
synthetic,adasyn,-9.71939109012032,4.330539578048398
synthetic,adasyn,-7.841774606993583,3.8486835965677844
synthetic,adasyn,-9.147373631300436,4.340299009820593
synthetic,adasyn,-10.086352633611968,4.424713556756955
synthetic,adasyn,-5.3830920243336635,3.455782541543819
synthetic,adasyn,1.112823092984491,0.4113498250980556
synthetic,adasyn,1.1366623749898581,0.27764603798106213
synthetic,adasyn,1.1198917143037517,-0.0051837715356957
synthetic,adasyn,1.141331732344206,0.26698694837316383
synthetic,adasyn,1.1229679793024534,0.3412232349997846
synthetic,adasyn,1.1291480880009106,0.2692547135086622
synthetic,adasyn,-14.904884411878507,4.185801628818587
synthetic,adasyn,-20.591080291973746,4.4984363254091795
synthetic,adasyn,1.1293405155172156,0.3949740663924456
synthetic,adasyn,1.1269086180045522,0.7475211519702674
synthetic,adasyn,1.159510443148218,0.4700188481501275
synthetic,adasyn,1.1226195976101878,0.8035964919737504
synthetic,adasyn,1.112557369410672,0.5421775424087127
synthetic,adasyn,1.164127852270677,0.465445382192635
synthetic,adasyn,1.0895615946257111,-1.6266131047537435
synthetic,adasyn,1.0772892695155991,-2.266505107874759
synthetic,adasyn,1.0779745239392815,-2.248208293022677
synthetic,adasyn,1.0996706672612442,-0.9566267449870239
synthetic,adasyn,1.1180902159022712,0.13908327131962717
synthetic,adasyn,1.1023077474569851,-1.322728180024812
synthetic,adasyn,1.1419983319929086,1.912518424690513
synthetic,adasyn,1.082616612150658,-0.19170478048876866
synthetic,adasyn,1.0955333139064607,0.1297440774759
synthetic,adasyn,1.101330597892213,0.09421357844030033
synthetic,adasyn,1.1110300378270836,0.6010920051314373
synthetic,adasyn,1.1022339883412045,0.14142343102430466
synthetic,adasyn,1.0799367385430254,-0.18144625788192614
synthetic,adasyn,1.0819431418644474,0.009872954278974208
synthetic,adasyn,1.0800323236011757,-0.8197370177317218
synthetic,adasyn,1.0817177702070413,-0.08797547954977782
synthetic,adasyn,1.089252198096589,0.6349762104555462
synthetic,adasyn,1.090963579144237,0.6080995044028403
synthetic,adasyn,1.0996566905780383,0.22427012460133933
synthetic,adasyn,-6.1656415981912165,0.7090289822816005
synthetic,adasyn,-5.3903577870246595,1.4503809806303545
synthetic,adasyn,1.0953586194257336,2.388939364457504
synthetic,adasyn,-23.669083532715526,5.56603454527396
synthetic,adasyn,-16.893436608147624,4.295134902881725
synthetic,adasyn,-19.833632586517105,4.428482689008738
synthetic,adasyn,1.136035707877225,0.4022071092153049
synthetic,adasyn,1.1135384184941481,0.33308345606089584
synthetic,adasyn,1.1087909063712402,0.5313576861964351
synthetic,adasyn,1.1174375356154662,0.35259412370995524
synthetic,adasyn,1.1315432477124867,0.582838112673578
synthetic,adasyn,-20.591080291973746,4.4984363254091795
synthetic,adasyn,-20.591080291973746,4.4984363254091795
synthetic,adasyn,1.1533240844852921,0.16477819410658234
synthetic,adasyn,1.1136376761062627,0.2326874628734597
synthetic,adasyn,1.1419075360651105,0.21493686329211048
synthetic,adasyn,1.1128362769454394,0.4894152138046399
synthetic,adasyn,1.1275144106629225,0.008651735070401831
synthetic,adasyn,1.1341699272575758,0.2654253639566277
synthetic,adasyn,1.098472580063295,0.5650273170198981
synthetic,adasyn,1.1087482026949995,0.5356038144070188
synthetic,adasyn,1.1273845850822273,0.4687057115810843
synthetic,adasyn,1.1135093410720143,0.8540956775388389
synthetic,adasyn,1.1212946006370759,0.3687483290566284
synthetic,adasyn,1.1159630429096348,0.511806179599916
synthetic,adasyn,1.1147799659353,2.168775314002998
synthetic,adasyn,1.1379926951817263,2.567700941267066
synthetic,adasyn,1.100675053885516,0.5527705704244733
synthetic,adasyn,1.098584313524178,0.5610743638059098
synthetic,adasyn,1.1202161240498971,0.3751858208911539
synthetic,adasyn,1.1117270425379504,0.5194372722523215
synthetic,adasyn,1.096952226629688,0.5686934092816764
synthetic,adasyn,1.1076942125960436,0.4770961893948298
synthetic,adasyn,1.1344024728593416,0.74221469245528
synthetic,adasyn,1.113401823591357,0.7768296939025958
synthetic,adasyn,-9.345123233255679,-4.324488520416622
synthetic,adasyn,-8.130984087209878,-1.2144894449815045
synthetic,adasyn,-8.862889194519129,-3.0605540881514157
synthetic,adasyn,-11.42685925167815,-9.234591234961895
synthetic,adasyn,-11.313050349777594,-5.981689465912397
synthetic,adasyn,-7.582722448243976,1.5390957612695833
synthetic,adasyn,1.0988745750557913,0.32485085682658016
synthetic,adasyn,1.0994411872137482,0.2118732064906117
synthetic,adasyn,1.0999998037190184,0.24138451201448452
synthetic,adasyn,1.098745491901195,0.33442588761196146
synthetic,adasyn,1.1106124729793068,0.2706724837048165
synthetic,adasyn,1.1000591473822208,0.23698256348868513
synthetic,adasyn,1.1410045984274453,1.3648273398000832
synthetic,adasyn,1.1271552329192507,0.659975752123417
synthetic,adasyn,1.1286887813740383,0.6787570155329766
synthetic,adasyn,1.1281634835805727,0.6670915569223909
synthetic,adasyn,1.1256800812327836,0.5723848156130307
synthetic,adasyn,1.1227612284962343,0.7417007057844336
synthetic,adasyn,1.1298400002020503,0.6861148735641648
synthetic,adasyn,1.0855266712826204,-1.8665725550137715
synthetic,adasyn,1.0783620057672139,-2.043094562303222
synthetic,adasyn,1.0767735438609698,-2.2802753755171143
synthetic,adasyn,1.0910128353421766,-1.6087045418562331
synthetic,adasyn,1.0964569086514189,-1.3528149343821547
synthetic,adasyn,1.0794948445253925,-1.8831040141625168
synthetic,adasyn,1.125886363616532,1.2914510167851767
synthetic,adasyn,1.133479060277413,0.8270332949340664
synthetic,adasyn,1.107548750784143,1.053380613597501
synthetic,adasyn,1.1012970470969166,1.1448343019044371
synthetic,adasyn,1.1341889607076452,0.9829852964953485
synthetic,adasyn,1.1298943031713609,0.8820633287411609
synthetic,adasyn,1.1470675032151376,0.6080531007826874
synthetic,adasyn,1.1435848405659423,0.5663070217191408
synthetic,adasyn,1.131586839664654,0.3903391884842271
synthetic,adasyn,1.1436642752345934,0.6778032714073803
synthetic,adasyn,1.1486558822577757,0.6904449750971247
synthetic,adasyn,1.1415648682548678,0.12064101987141844
synthetic,adasyn,1.1374852346432482,0.05438866164929308
synthetic,adasyn,1.1211355763639654,0.05695461648330645
synthetic,adasyn,1.1342483322077437,0.2351157895431794
synthetic,adasyn,1.1339566236720375,0.3611468377920836
synthetic,adasyn,1.1346282743116587,0.07096391954576566
synthetic,adasyn,-20.591080291973746,4.4984363254091795
synthetic,adasyn,-20.591080291973746,4.4984363254091795
synthetic,adasyn,1.1334792498246868,0.4103370842546902
synthetic,adasyn,1.1323702056338947,0.42601804272289634
synthetic,adasyn,1.1140010574316064,0.4923011134825702
synthetic,adasyn,1.1204552007586375,0.7450670716875625
synthetic,adasyn,1.1240184743426949,0.6546431252060909
synthetic,adasyn,1.1563457712875342,0.3486566461041824
synthetic,adasyn,1.1358250438118083,0.40639144080866474
synthetic,adasyn,1.1356252037342545,0.40769448936883157
synthetic,adasyn,1.16691091725643,0.3340304330333226
synthetic,adasyn,1.1663948868727432,0.2792074127653773
synthetic,adasyn,1.155296000412248,0.2291449081965476
synthetic,adasyn,1.1112692965870814,0.450946944525466
synthetic,adasyn,1.109076984379856,0.309170338391199
synthetic,adasyn,1.1103014623337928,0.7245002076559264
synthetic,adasyn,1.1151413081686758,0.3416748839328725
synthetic,adasyn,1.103992560307141,0.3398248436736289
synthetic,adasyn,1.1127588736016345,0.20473911143971368
synthetic,adasyn,1.1222010568989655,0.05330632164280878
synthetic,adasyn,1.1059049266835161,0.5020711194306756
synthetic,adasyn,1.1266441435283987,0.038092819853176516
synthetic,adasyn,1.1294466971250676,0.028496640954474836
synthetic,adasyn,1.121916926291685,0.0542792087059865
synthetic,adasyn,1.1316957227792654,-0.3343451216638299
synthetic,adasyn,1.0291405586208122,-3.754704091911178
synthetic,adasyn,1.0485427302254862,-3.1838477951065443
synthetic,adasyn,1.084490462534794,-1.1957558187693784
synthetic,adasyn,1.0221674186753233,-3.9641068911784476
synthetic,adasyn,1.0201461693651324,-3.9597027857296556
synthetic,adasyn,1.1234085525100808,0.46313503808782674
synthetic,adasyn,1.1093825891581264,0.5341884940364815
synthetic,adasyn,1.0962490768427298,0.5703716175865186
synthetic,adasyn,1.1259848861215662,0.5663826631208705
synthetic,adasyn,1.123801055391759,0.4895167516252572
synthetic,adasyn,1.1233254048794876,0.4564671263776453
synthetic,adasyn,-8.472460282340279,-9.988408133497497
synthetic,adasyn,0.8326014824876853,-9.39463908398636
synthetic,adasyn,0.9052469196968917,-7.345932889814634
synthetic,adasyn,0.898394299338332,-7.455142524799496
synthetic,adasyn,0.9629535153673416,-5.718523591496991
synthetic,adasyn,-3.8423099924109856,-2.5742777262217484
synthetic,adasyn,1.0787960734499837,0.15896901208441372
synthetic,adasyn,1.076162141825792,0.0703953079780613
synthetic,adasyn,1.0772316526910461,0.03124023393198848
synthetic,adasyn,1.0772918804854703,0.10838609590922298
synthetic,adasyn,1.0836860315625922,0.3234082477049083
synthetic,adasyn,1.0819220477186278,0.26408909848755435
synthetic,adasyn,1.1370655897745323,0.11681361469984307
synthetic,adasyn,1.132850799330451,0.4192228492956628
synthetic,adasyn,1.133172661397587,0.41467198851919074
synthetic,adasyn,1.1338329744918205,0.40533571292922166
synthetic,adasyn,1.1373818336986499,0.10144295439638105
synthetic,adasyn,1.1294711813143694,0.45232760778466585
synthetic,adasyn,-7.208181175840581,1.8778977016971883
synthetic,adasyn,1.077222775574015,0.024286783968532608
synthetic,adasyn,1.1014720495222194,0.08075326152513711
synthetic,adasyn,1.1106973084403426,0.07731182442037747
synthetic,adasyn,1.0481386899737184,0.2874861442686445
synthetic,adasyn,0.9973203551377782,0.12348496609711433
synthetic,adasyn,1.0907410485618947,0.08475640823395379
synthetic,adasyn,1.1254490966423352,0.4825626765183745
synthetic,adasyn,1.1049502525288815,0.5122252629650534
synthetic,adasyn,1.1247355501300826,0.48620257850552595
synthetic,adasyn,1.1129573293452049,0.8271351579755076
synthetic,adasyn,1.1021090109723275,0.40291784952523796
synthetic,adasyn,1.1125012714047493,0.5084215666528534
synthetic,adasyn,1.1097732008530161,0.5230745926607456
synthetic,adasyn,1.1027551170878511,0.544509183514879
synthetic,adasyn,1.1077725514858767,0.5338204904128179
synthetic,adasyn,1.1153904996499064,0.49696164214791305
synthetic,adasyn,1.118895551159398,0.4174102445758603
synthetic,adasyn,1.1355525021614206,1.4034814803993756
synthetic,adasyn,1.1344651825425556,1.0261835933999146
synthetic,adasyn,1.134292299869842,1.198606174823018
synthetic,adasyn,1.1399167521871778,0.7868570465985849
synthetic,adasyn,1.1325774915732103,1.4234130626872248
synthetic,adasyn,1.1366264435237534,0.8463751896529114
synthetic,adasyn,1.1366743811066167,0.843040341627549
synthetic,diffusion,0.7971656973880756,0.474783338209839
synthetic,diffusion,-3.657893184146136,1.6848688815044097
synthetic,diffusion,1.356914896808704,-0.21610070414378246
synthetic,diffusion,1.2413586153211513,-0.06330316791904479
synthetic,diffusion,0.712894177516675,-0.08498268357398121
synthetic,diffusion,1.320571920396148,0.4322715999506348
synthetic,diffusion,1.1329883807421335,0.5082953067268506
synthetic,diffusion,1.2345748753299002,0.4727415693934871
synthetic,diffusion,1.085329665129018,1.0324629559490184
synthetic,diffusion,-9.582806779610102,1.6948182287438167
synthetic,diffusion,0.6728946969898032,0.3807310934485818
synthetic,diffusion,0.8881313661470753,0.21329904599474964
synthetic,diffusion,-6.4020727810857005,2.2289211824856
synthetic,diffusion,1.10594165764731,-0.3043554476009866
synthetic,diffusion,1.7105271280581587,-3.7556314154229122
synthetic,diffusion,1.4944478090447713,0.4657746544534477
synthetic,diffusion,1.4675939964509848,0.3632142873804699
synthetic,diffusion,1.1300476808202884,0.26823933934884037
synthetic,diffusion,0.6859000752633662,-1.8073564270724092
synthetic,diffusion,-6.34546714764823,1.6859940442170642
synthetic,diffusion,0.8731782290534061,-0.03478824379728597
synthetic,diffusion,1.0245125834962152,0.35870786251559383
synthetic,diffusion,0.8294612645388233,-1.7320554348928687
synthetic,diffusion,1.0585032931530445,1.3433266925480343
synthetic,diffusion,1.0351315214440922,0.08794215470944076
synthetic,diffusion,-2.929730108028391,1.456760953530401
synthetic,diffusion,0.7673301288545928,1.3392077236891107
synthetic,diffusion,1.0389708268487234,-0.39894951921777944
synthetic,diffusion,0.622018051209622,1.349040140849501
synthetic,diffusion,0.8984316014882918,0.539695913160985
synthetic,diffusion,1.1382828727064258,0.21942704712632877
synthetic,diffusion,1.6013217175342236,0.6143014262521214
synthetic,diffusion,-1.9048767930092667,1.098905927807528
synthetic,diffusion,-6.238547267617071,2.1626043019630687
synthetic,diffusion,0.6988001440702744,0.09719916234483676
synthetic,diffusion,0.9026594090839616,0.240400461630409
synthetic,diffusion,1.304924013758877,0.43940082595341456
synthetic,diffusion,1.1581587964988316,0.5205907489503853
synthetic,diffusion,1.3730929975049277,0.6894809709546417
synthetic,diffusion,0.7710718153160827,0.013030562915868057
synthetic,diffusion,0.9803981675137428,0.2566533908622427
synthetic,diffusion,1.1163948651377105,0.4004404175179245
synthetic,diffusion,1.081697419593233,0.8556598510882636
synthetic,diffusion,1.1076668613269391,0.18069508576400906
synthetic,diffusion,1.0411382266706934,-0.1025186559602669
synthetic,diffusion,0.2845897122361396,0.5055002202350755
synthetic,diffusion,1.331246129537025,0.4802546843961617
synthetic,diffusion,1.2538303404757993,-0.07225679033707018
synthetic,diffusion,0.970815391917969,0.7839555944793807
synthetic,diffusion,0.8232515555176778,0.572289773448434
synthetic,diffusion,-5.046910551471654,1.6388650871951562
synthetic,diffusion,0.7573164131183507,-3.9046068270779166
synthetic,diffusion,1.5234650389121247,-1.3105494800705417
synthetic,diffusion,1.0832248799300486,0.3309676262855671
synthetic,diffusion,1.280613835763326,0.2777290370553114
synthetic,diffusion,1.3056387931926121,0.4242814094797863
synthetic,diffusion,0.8786206589099267,-0.03493378354249983
synthetic,diffusion,1.339606909457788,0.4222774715553912
synthetic,diffusion,1.3080855897380532,0.4442715827966346
synthetic,diffusion,1.1508711328925212,-0.31327416150762555
synthetic,diffusion,1.0188753079874484,0.5678905793402207
synthetic,diffusion,1.221992352054552,0.2375360235618167
synthetic,diffusion,1.0624843634676955,0.3331179288169067
synthetic,diffusion,1.0123565070952187,0.6499121853009464
synthetic,diffusion,-7.818935108208134,2.6398083318884646
synthetic,diffusion,0.3834108835491966,0.5245815822235321
synthetic,diffusion,-5.339553898519995,2.0268649221860797
synthetic,diffusion,0.8715370843121917,0.6394455018844869
synthetic,diffusion,0.8332907773678494,-0.8680189563521882
synthetic,diffusion,-3.024021796206312,2.1120660021244806
synthetic,diffusion,1.0457937709751772,0.27663739559814116
synthetic,diffusion,1.3035917440159157,1.1873802482680826
synthetic,diffusion,0.9204665699321586,0.5319655636771179
synthetic,diffusion,0.9618803888046552,0.5578972331117915
synthetic,diffusion,1.3155712917041258,0.43742841857467396
synthetic,diffusion,-6.466885176200153,1.9702175783967064
synthetic,diffusion,1.0071245580116994,0.41165605838473973
synthetic,diffusion,0.9032299835126855,-3.5769859582280343
synthetic,diffusion,-1.1313496825218718,1.0121330686905867
synthetic,diffusion,1.1457079726684374,0.6597882693328253
synthetic,diffusion,0.9792125577216866,0.5700951131137593
synthetic,diffusion,1.0601448270198004,-0.0898807582367831
synthetic,diffusion,1.093074102510724,0.37258440910673757
synthetic,diffusion,-0.8541701829512174,-4.146182311422141
synthetic,diffusion,-7.7677209894331245,2.1461429512141392
synthetic,diffusion,0.6723380759409759,0.3695650803125393
synthetic,diffusion,1.2492218073029382,0.40215621509817157
synthetic,diffusion,1.2504668178370388,0.3360855635762412
synthetic,diffusion,1.3929561527823293,0.2918931416812631
synthetic,diffusion,0.724206903054849,0.13736407284357943
synthetic,diffusion,-0.5743456641700737,1.4941291659206088
synthetic,diffusion,0.765195686949003,-1.889410849732465
synthetic,diffusion,-4.064166463227764,-0.4358926605667408
synthetic,diffusion,1.04083772147049,0.7132718638945769
synthetic,diffusion,-5.3776003076034975,1.7931272900200823
synthetic,diffusion,1.0349251327094307,1.0644188092439912
synthetic,diffusion,-3.883459897856542,-3.3218112610777237
synthetic,diffusion,1.0046585914227968,0.07535249877133189
synthetic,diffusion,1.340695207539669,0.06813358980393423
synthetic,diffusion,-8.002401325062428,2.5314330586763814
synthetic,diffusion,1.0490517728124378,0.4601858867593315
synthetic,diffusion,-4.421105486477584,1.8384449020435683
synthetic,diffusion,1.252125305846957,0.5688179169925275
synthetic,diffusion,1.119028912951769,1.3215195807685158
synthetic,diffusion,-2.746769725952168,0.9932870011690982
synthetic,diffusion,-7.652582394639145,2.0311435322166265
synthetic,diffusion,-0.07549624028267665,0.9833553742032106
synthetic,diffusion,1.014075613884486,-3.5740692681086186
synthetic,diffusion,1.0257308503813791,1.1306868970371104
synthetic,diffusion,1.4378385562905602,0.2367387422976655
synthetic,diffusion,0.9951194935776873,-0.047690306056928755
synthetic,diffusion,1.1950586766415796,-0.03953900885193164
synthetic,diffusion,1.4537733895558933,0.21890209333653254
synthetic,diffusion,1.2062553416571073,0.3371939662280265
synthetic,diffusion,0.835780114758016,0.4836856556232515
synthetic,diffusion,1.3969202195490085,0.3016280988681205
synthetic,diffusion,1.00605634784925,0.1349447301661496
synthetic,diffusion,1.0264624526887787,1.0458226555489842
synthetic,diffusion,0.9799848154463385,-0.3006382650368621
synthetic,diffusion,1.1402049042879354,0.46004909801150085
synthetic,diffusion,-2.2999834828200676,1.1543718272683554
synthetic,diffusion,0.17879816128959902,0.3289447955087739
synthetic,diffusion,1.0982098586394398,0.46225139647225
synthetic,diffusion,0.9054326562636433,0.8877735972649493
synthetic,diffusion,1.2107331807734119,0.08040283794988311
synthetic,diffusion,1.1475070354633152,-0.07301099587251632
synthetic,diffusion,1.1492556967539187,0.41748126142015307
synthetic,diffusion,-1.0534434632809224,1.07980229510899
synthetic,diffusion,0.9970471582999932,-2.515953069426689
synthetic,diffusion,1.0081853250706014,-1.8268159253345408
synthetic,diffusion,-6.4499701448374,1.508914404116542
synthetic,diffusion,0.7264631850218352,-0.06435608086838422
synthetic,diffusion,-5.772343280239048,2.260082368359327
synthetic,diffusion,1.0562685284120321,0.7298399981309605
synthetic,diffusion,1.0060098659784216,1.0329944973963636
synthetic,diffusion,0.7888006702269286,0.39879536445535213
synthetic,diffusion,1.0515810461535153,-3.383748102599176
synthetic,diffusion,0.9350673537314911,0.4673893181057842
synthetic,diffusion,0.9800188680724339,0.3664347502976655
synthetic,diffusion,0.6986513242196766,-3.4629822435016573
synthetic,diffusion,-7.87441648772997,2.284392987093011
synthetic,diffusion,1.2014859779349092,-2.1636101816477242
synthetic,diffusion,-3.6910445935497744,1.3388809445370553
synthetic,diffusion,0.9990455838643217,-0.22805105150535698
synthetic,diffusion,0.9214256480027476,1.0242103501046682
synthetic,diffusion,1.163681935081974,0.12581901675420604
synthetic,diffusion,1.0359621477109848,-2.92202624127202
synthetic,diffusion,1.323469806224629,0.6869757304275572
synthetic,diffusion,1.2582083533342607,1.044732929276434
synthetic,diffusion,0.8983028566180102,1.377190814979128
synthetic,diffusion,1.3093744462209533,0.05414064687014723
synthetic,diffusion,1.1672948386176927,0.20094101423452904
synthetic,diffusion,0.8740034895678708,-1.771275780542237
synthetic,diffusion,-3.529195637920541,0.7546065867129605
synthetic,diffusion,-4.6289909064683545,1.7002406559578855
synthetic,diffusion,1.425507308635669,0.20259657680450904
synthetic,diffusion,0.8238577275821066,0.686411391127453
synthetic,diffusion,1.1083437354670616,-0.19650391951562374
synthetic,diffusion,0.9872205587424769,0.08794595704493428
synthetic,diffusion,1.2537261618718074,0.5040045807212968
synthetic,diffusion,1.0127161642596143,0.17206837076125803
synthetic,diffusion,0.7667538840970283,0.3719739877018724
synthetic,diffusion,1.373593267829551,-0.23588014358564424
synthetic,diffusion,0.10988553138835078,-3.3583471512274325
synthetic,diffusion,0.29397003190136284,-1.7246987939352865
synthetic,diffusion,1.276682207560734,0.2138410325423702
synthetic,diffusion,1.0540845848921692,0.06399518954382215
synthetic,diffusion,1.11613688826194,-0.018518674395584703
synthetic,diffusion,-7.144397744797715,1.5416815462499458
synthetic,diffusion,-2.3337362057985604,1.403886413689409
synthetic,diffusion,0.859539147585307,0.07762128002564526
synthetic,diffusion,-6.485673870250952,3.454388510391533
synthetic,diffusion,-2.35299561402718,0.7986128003322577
synthetic,diffusion,0.8601708145340019,-1.6927975447733643
synthetic,diffusion,-4.0732782498519,1.7835632728058388
synthetic,diffusion,-6.7007475936618235,0.694920722213454
synthetic,diffusion,-7.821099206715299,1.5734262837150592
synthetic,diffusion,1.0577207039852397,-0.08205037647552683
synthetic,diffusion,-0.5280792932829332,0.8324794659448667
synthetic,diffusion,-5.084295265305536,-3.400810059133383
synthetic,diffusion,1.2111394888339286,0.7055559644990479
synthetic,diffusion,-2.375843230759009,1.9408716748043364
synthetic,diffusion,1.0896837557025647,0.46821877871461115
synthetic,diffusion,1.3752789623104642,0.43870732267545187
synthetic,diffusion,1.430136758504581,0.36285284447353766
synthetic,diffusion,1.1308670171680806,0.14294821052536105
synthetic,diffusion,0.9598866754567423,-2.924606159946009
synthetic,diffusion,-0.18802488838229459,0.46315102829236676
synthetic,diffusion,1.2728403950066576,0.3297998008530195
synthetic,diffusion,-3.078196964468627,1.5955847007701038
synthetic,diffusion,1.0221054716676063,0.41416944128422395
synthetic,diffusion,1.0735325204807473,0.3788419327657284
synthetic,diffusion,0.7920520731849524,0.24155261224255398
synthetic,diffusion,1.2045066828469009,0.2975878490977222
synthetic,diffusion,-7.276588282102727,1.9865127168413963
synthetic,diffusion,-5.937687914872066,1.03107346479963
synthetic,diffusion,1.0224292000441961,0.5233252030681668
synthetic,diffusion,1.1303265011662964,0.6632063035485336
synthetic,diffusion,0.7296629403814849,0.3505740392065694
synthetic,diffusion,0.9937351511962582,0.09783497156292285
synthetic,diffusion,1.125584046097488,0.4119600455049397
synthetic,diffusion,1.1873178828718458,0.11527301278996525
synthetic,diffusion,-3.5856127770877864,0.2564725275635237
synthetic,diffusion,0.8820278544723212,-1.376177858891848
synthetic,diffusion,1.2222484191624963,0.4047040877803541
synthetic,diffusion,0.4533722190423368,0.18756732772515772
synthetic,diffusion,1.0610203938356244,0.2016595131095399
synthetic,diffusion,1.0714877954036368,0.3761631642402057
synthetic,diffusion,0.8074357681163797,0.29030868964274564
synthetic,diffusion,0.9078334175202611,0.5907809844939103
synthetic,diffusion,1.113357688689078,-0.09486236503544938
synthetic,diffusion,-4.971936824542924,1.6018906295938766
synthetic,diffusion,1.0241817736181362,0.03419046922348111
synthetic,diffusion,1.0867168219399161,0.11210116026640711
synthetic,diffusion,1.0489190588662485,0.42630346679502495
synthetic,diffusion,-4.726782606796389,1.883114795697433
synthetic,diffusion,1.4496656674912387,0.8933908226508226
synthetic,diffusion,1.2500118976097394,0.541496208813543
synthetic,diffusion,0.9063715747162531,-2.0564155989075403
synthetic,diffusion,1.005697248340076,0.19358950108329548
synthetic,diffusion,-6.675185133154048,-0.15755401070847908
synthetic,diffusion,-4.3608506686445585,1.8493958633117447
synthetic,diffusion,0.8962558466856374,0.3677906921441006
synthetic,diffusion,1.152707663611919,-0.4402127614889224
synthetic,diffusion,1.1590003594294982,1.2326673980176373
synthetic,diffusion,0.7890424238375636,0.7904613567805363
synthetic,diffusion,0.9200271095669623,0.7710488282526031
synthetic,diffusion,-2.028662268772024,0.7280148638235138
synthetic,diffusion,-5.74005199602425,2.943500031403409
synthetic,diffusion,-2.8530018564141724,-2.76108627953988
synthetic,diffusion,1.2175389033713284,1.032090841716851
synthetic,diffusion,1.1171101980906404,-2.384268445894384
synthetic,diffusion,1.0934591774919662,0.8241837481567116
synthetic,diffusion,-3.7168364871919586,1.83822293023204
synthetic,diffusion,-4.595052533221779,1.9102120508665625
synthetic,diffusion,1.051188157089581,0.4958362730895154
synthetic,diffusion,0.9586165981198832,-1.9455078078740464
synthetic,diffusion,0.9856460188577877,0.09847800010428064
synthetic,diffusion,1.1225532459152188,0.5076439575809875
synthetic,diffusion,1.2238023583459523,0.03345275173922001
synthetic,diffusion,1.229015694237848,-1.9658656013998892
synthetic,diffusion,1.1657263234568498,0.5637739375974153
synthetic,diffusion,1.0341255015395445,-1.6696087428385589
synthetic,diffusion,-0.28428287453042267,1.589277565493097
synthetic,diffusion,1.0645854405797055,0.4926749427187521
synthetic,diffusion,0.8485336467032456,1.3762095919573376
synthetic,diffusion,1.1624514428652164,0.3050819374844711
synthetic,diffusion,1.3974949168063684,0.17929214666953774
synthetic,diffusion,1.2621817184503275,0.13121174581995076
synthetic,diffusion,1.0593124961252771,0.48357765912288275
synthetic,diffusion,1.1241167742853475,0.5066933658498806
synthetic,diffusion,1.247790322530183,0.10802828896908047
synthetic,diffusion,-4.188022867450451,1.5349548885778688
synthetic,diffusion,1.3504289024883338,0.09427542963137613
synthetic,diffusion,1.2646376418928922,0.510256864220467
synthetic,diffusion,0.9108568148219228,0.43951923612066246
synthetic,diffusion,1.0913636083572662,0.8161898051455276
synthetic,diffusion,-11.920997818800359,3.479603636497277
synthetic,diffusion,0.18591086682459457,0.36044291726944366
synthetic,diffusion,1.5332130736140426,1.1557790313585363
synthetic,diffusion,0.948307074936916,0.2993053587260913
synthetic,diffusion,1.2161212481346526,0.4763028044999542
synthetic,diffusion,0.8093291070795237,-0.35535605455005514
synthetic,diffusion,1.1178388324057362,0.4067751758703063
synthetic,diffusion,0.6624171620403541,1.7301942694313546
synthetic,diffusion,0.9694460354836735,0.08581396911844806
synthetic,diffusion,0.9665295841867783,-3.1534646017991843
synthetic,diffusion,0.9027170868842155,-0.08198740226318442
synthetic,diffusion,0.9082561439973768,0.16534322441024085
synthetic,diffusion,1.2370861280602528,0.49328831326222344
synthetic,diffusion,0.7427823278928406,-2.8462929256691405
synthetic,diffusion,1.0102668640605375,0.6017916704395003
synthetic,diffusion,1.133427404481227,0.5743671155927379
synthetic,diffusion,0.7649853806439935,0.555162454860564
synthetic,diffusion,1.0445381043106954,0.3122990962887414
synthetic,diffusion,1.3263096403810613,0.3071410188363839
synthetic,diffusion,1.4441538822041577,0.07703901606502915
synthetic,diffusion,1.0052992414511923,-0.024761341032508835
synthetic,diffusion,0.9532357001341212,0.2683781053914347
synthetic,diffusion,-8.33146446446236,1.8010354291730628
synthetic,diffusion,1.2651554139374643,0.27896294437938285
synthetic,diffusion,1.1564323355431076,0.39277922356962114
synthetic,diffusion,1.1847242900953634,0.2970523333356616
synthetic,diffusion,1.2446785041112307,1.078177738019333
synthetic,diffusion,-2.1496975773719926,0.7116937737440876
synthetic,diffusion,1.2840467696520785,0.23105646348832343
synthetic,diffusion,1.177026778398104,-0.016646498149142208
synthetic,diffusion,-8.461432534014888,2.6408991904470795
synthetic,diffusion,-4.831207062849083,1.9166183937428998
synthetic,diffusion,1.1258853033267056,-0.256815584277592
synthetic,diffusion,1.3668541746442728,-0.09972349945601776
synthetic,diffusion,1.2336952692902912,0.5251946702814516
synthetic,diffusion,-8.31634868296676,1.8231752162381227
synthetic,diffusion,0.40892402102979286,1.0720457032150188
synthetic,diffusion,1.0791100235888949,0.5448438423452908
synthetic,diffusion,0.6316348113725379,0.12436912913777702
synthetic,diffusion,0.8652271811317487,0.5570464505833188
synthetic,diffusion,1.195833699370112,0.12227779733404741
synthetic,diffusion,1.199432374503771,0.4382964931170792
synthetic,diffusion,0.9829339488296434,-1.8014492769667605
synthetic,diffusion,0.5510447189584997,0.6830226494924685
synthetic,diffusion,-6.641285055392643,0.3422013113236637
synthetic,diffusion,1.007727430448166,0.37303407261891836
synthetic,diffusion,0.7662344475130026,0.32103858124849743
synthetic,diffusion,1.1627590396140968,0.5521352734819733
synthetic,diffusion,1.065857422549507,-0.004491158004327159
synthetic,diffusion,0.8478387214192467,0.6120339470863223
synthetic,diffusion,0.8159901334910229,0.6288216143442356
synthetic,diffusion,-6.994153254570657,2.028682413058913
synthetic,diffusion,0.8009913358163586,-1.4331311444103818
synthetic,diffusion,1.2667227631287539,0.2636858417950989
synthetic,diffusion,1.0167384025410522,0.7949341468265878
synthetic,diffusion,1.0675919667642686,0.3299120496275575
synthetic,diffusion,1.2131814099294977,0.2056103787806075
synthetic,diffusion,-8.21167504957932,2.539025556681667
synthetic,diffusion,1.0939516875860165,0.4816842038925119
synthetic,diffusion,1.37604320214153,0.5936824059165939
synthetic,diffusion,1.2805997811821865,0.25105690793586677
synthetic,diffusion,1.2123422432198716,0.7496727629322468
synthetic,diffusion,0.9026004850050784,0.734537757608409
synthetic,diffusion,1.2961649690217132,-0.13263272215148025
synthetic,diffusion,-5.895588200256982,1.8871030482356876
synthetic,diffusion,0.9614901817993757,-0.1350296193410409
synthetic,diffusion,1.1768738499254474,0.35338199474643783
synthetic,diffusion,1.1888444757262735,0.20642161492157285
synthetic,diffusion,1.292894728020995,-0.00036115571748775166
synthetic,diffusion,0.8116306337704094,-2.4313889513828704
synthetic,diffusion,1.5122306323988297,0.8406976865968336
synthetic,diffusion,0.9728986018977435,0.3358585763872346
synthetic,diffusion,0.9939946928740058,0.13103119791950235
synthetic,diffusion,1.2213831438071812,0.1512422513123418
synthetic,diffusion,1.3989731226394075,0.21773445317014473
synthetic,diffusion,1.0629363115065398,0.4794860642825971
synthetic,diffusion,0.8160245963003587,0.6685017419686389
synthetic,diffusion,1.0170660483562974,0.31734699379456516
synthetic,diffusion,1.1044479756441454,0.3971369619717121
synthetic,diffusion,1.0261845032976962,0.3693735865311374
synthetic,diffusion,1.3062511193093806,0.8062359978363909
synthetic,diffusion,-4.4843795821639665,2.5691411215885767
synthetic,diffusion,1.019058014746461,0.08546222147823455
synthetic,diffusion,-4.07624359993113,1.6737031505252404
synthetic,diffusion,1.0261351259868363,1.0740937024976087
synthetic,diffusion,-5.945670993124874,1.9479285391718921
synthetic,diffusion,0.9239504071812051,-0.0026353272253116927
synthetic,ctgan,-20.068622306692014,8.620872227706988
synthetic,ctgan,-6.514077349044208,-0.33227154222242117
synthetic,ctgan,-14.193082700127738,7.168293917830891
synthetic,ctgan,-2.018649520057818,2.37547270873268
synthetic,ctgan,-21.164828249410053,3.5044167722642676
synthetic,ctgan,-4.348758383355969,1.110474939675258
synthetic,ctgan,-8.39952489193537,-3.5905864990234204
synthetic,ctgan,-20.489525814583736,7.94475712571982
synthetic,ctgan,-25.190643196327677,7.306424373521129
synthetic,ctgan,-6.748824842155097,1.7038992665542105
synthetic,ctgan,-6.123258317252207,4.619516587472554
synthetic,ctgan,-10.957672915454705,3.9227807860801596
synthetic,ctgan,-7.641958054119575,-2.6408334599361627
synthetic,ctgan,-14.681921857309245,1.8179878286457452
synthetic,ctgan,-6.1118443111657665,2.804791061852873
synthetic,ctgan,-11.629743014600967,4.177923508876035
synthetic,ctgan,-10.247291733544108,-0.25299043660275977
synthetic,ctgan,-14.564598177003617,7.201399183989008
synthetic,ctgan,-3.2349274798204615,0.5717963734162851
synthetic,ctgan,-10.606338718939673,4.67345274953309
synthetic,ctgan,-9.600384000959446,5.242416933543455
synthetic,ctgan,-8.390723920134082,-6.085883266218657
synthetic,ctgan,-20.86540598505295,-3.249916736247798
synthetic,ctgan,-17.245189863754852,-4.982645962517341
synthetic,ctgan,-15.579259867261383,-4.383928722700204
synthetic,ctgan,-12.563720148898234,7.399875937179191
synthetic,ctgan,1.6267847632867103,0.6464865400091986
synthetic,ctgan,-3.8791579229972566,1.4314964515025745
synthetic,ctgan,-12.849611813299248,5.89719993702078
synthetic,ctgan,-11.486903678267756,-0.865534991604554
synthetic,ctgan,-9.28897650197307,0.7599673077559141
synthetic,ctgan,-7.886511613963636,-0.38416750049918935
synthetic,ctgan,-12.379401565424686,0.1428378151383456
synthetic,ctgan,-16.15811739689517,8.590948375104462
synthetic,ctgan,-12.466751657411988,-0.6501311511601541
synthetic,ctgan,-10.124721868815502,-0.8042922852148231
synthetic,ctgan,-6.06929329825893,2.0836341178991464
synthetic,ctgan,-4.730588593939642,-0.14285608892783874
synthetic,ctgan,-13.958588790241423,2.0380002456081296
synthetic,ctgan,-9.637676975434278,7.753656612105228
synthetic,ctgan,-13.686739185831424,12.595217219952469
synthetic,ctgan,-11.225172750273694,4.863834856601701
synthetic,ctgan,-4.064717893094,-0.8232660648076742
synthetic,ctgan,-11.617932598889288,5.789288336985468
synthetic,ctgan,-23.566002839360323,7.321643826868126
synthetic,ctgan,-11.641281724641244,9.234584300806043
synthetic,ctgan,-15.987016921535238,2.1355010934114196
synthetic,ctgan,-15.67633117188475,0.29078574393404466
synthetic,ctgan,-12.732968930266859,2.201951873525187
synthetic,ctgan,-9.227770862516023,5.364912078512382
synthetic,ctgan,-16.389745712644118,2.0735397634558215
synthetic,ctgan,-13.45310402524754,2.6805129283027465
synthetic,ctgan,-15.091046792248227,1.396825803322402
synthetic,ctgan,-13.720222704718312,14.489964206710175
synthetic,ctgan,-6.662029765088103,-1.9066669173303843
synthetic,ctgan,-17.84065515143951,0.4924653900013811
synthetic,ctgan,-21.41390602740504,4.90607600119736
synthetic,ctgan,-11.854315288354819,3.023473976147834
synthetic,ctgan,-11.610415176869685,0.300857582458115
synthetic,ctgan,-14.127721705945433,0.15198710725577624
synthetic,ctgan,-8.423337590063554,-0.4136192307031048
synthetic,ctgan,-14.869655034421037,-1.937784380343082
synthetic,ctgan,-21.94024147860501,7.25304292751358
synthetic,ctgan,-11.316691257895798,1.8873813969880446
synthetic,ctgan,-5.031903488924538,-1.1762643944681568
synthetic,ctgan,-13.097682847236017,-4.056319119720475
synthetic,ctgan,1.892386597500882,2.2509726504846137
synthetic,ctgan,-6.295383303022691,1.567438209120638
synthetic,ctgan,-20.07869798121797,2.3575879020866406
synthetic,ctgan,-6.41151361563007,4.65438811645388
synthetic,ctgan,-17.417535951233848,3.2761275325252672
synthetic,ctgan,-9.888669122266313,4.322250448719436
synthetic,ctgan,-15.942708011459844,5.796504673802896
synthetic,ctgan,-14.781053236484448,5.2126438925760965
synthetic,ctgan,-20.202770051284585,2.195071770008582
synthetic,ctgan,-17.216965175727992,6.0649708013408405
synthetic,ctgan,-14.767535886513985,7.16661973497772
synthetic,ctgan,-2.6345351839234956,-4.601443417306812
synthetic,ctgan,-1.4150450742235903,-3.092932228173806
synthetic,ctgan,-18.9290678830742,0.5968805460060012
synthetic,ctgan,-4.784593057426873,4.622411248979393
synthetic,ctgan,-1.4495071233376382,2.1218925764369296
synthetic,ctgan,-16.975430282680087,9.141262719092047
synthetic,ctgan,-17.611466285837988,0.23876297398042956
synthetic,ctgan,-12.468548550647382,-13.069129776194712
synthetic,ctgan,-8.248473791982198,5.474481267792855
synthetic,ctgan,-17.362219159855936,0.7708176410590254
synthetic,ctgan,-17.835025751377326,8.6728174623288
synthetic,ctgan,-9.738851498205305,0.6419615266936061
synthetic,ctgan,-21.46947007987147,-9.205440442765463
synthetic,ctgan,-6.3031186376639665,-2.486557233004202
synthetic,ctgan,-15.31087122297789,1.0017837302454602
synthetic,ctgan,-17.240782380775357,0.23489436487672322
synthetic,ctgan,-7.508776891310523,4.570082133582267
synthetic,ctgan,-15.704224713887138,4.783376759553807
synthetic,ctgan,-12.27357967146346,3.6650207932480487
synthetic,ctgan,-12.135920817614883,1.3866869452970625
synthetic,ctgan,-24.97596346676343,5.020443591003766
synthetic,ctgan,-18.546140945779683,7.790408240721943
synthetic,ctgan,-0.39032696044268156,-13.776485931642524
synthetic,ctgan,-3.9322570189738553,-3.448615978478259
synthetic,ctgan,-13.392672206279075,-5.0813730067889775
synthetic,ctgan,-14.649079201313297,3.721932602523761
synthetic,ctgan,-8.693937964199637,8.184070744643245
synthetic,ctgan,-5.696116972147567,7.752703861333086
synthetic,ctgan,-18.041743580787198,1.7641845071279634
synthetic,ctgan,-11.46448566407691,1.4297031819512895
synthetic,ctgan,-5.67846762345,5.487518693839894
synthetic,ctgan,-13.536636774250853,9.28873114684808
synthetic,ctgan,-15.406299768867074,7.637827411292296
synthetic,ctgan,-4.1638895573080035,6.856809848494912
synthetic,ctgan,-16.830795671039546,10.19991656588744
synthetic,ctgan,-13.978925980472182,6.635596009270446
synthetic,ctgan,-2.846860028716419,-7.934854525070672
synthetic,ctgan,-15.40313058743268,7.931388409079884
synthetic,ctgan,-18.977756710787062,0.9820857898017052
synthetic,ctgan,-2.7624662057659375,1.4340967857148819
synthetic,ctgan,-1.3647418513785425,1.7664281852494725
synthetic,ctgan,-5.950776495817011,2.600984888404997
synthetic,ctgan,-17.306988146602766,2.8392747601106025
synthetic,ctgan,-9.466807404167916,1.2826520712117768
synthetic,ctgan,-14.032218666158718,4.247918520984723
synthetic,ctgan,-8.927802791130315,8.135016733093183
synthetic,ctgan,-4.331516170593616,3.595631589913363
synthetic,ctgan,-3.074640582825273,1.424879555185703
synthetic,ctgan,-3.505496925712981,2.5584004556753177
synthetic,ctgan,-2.9650988458075025,-0.36133505273441635
synthetic,ctgan,-5.423383276882949,-1.6330962041155508
synthetic,ctgan,-8.21024457834954,4.598705823050625
synthetic,ctgan,-8.999643558858775,3.3577521482161545
synthetic,ctgan,-14.211736424490214,-1.5580432139192488
synthetic,ctgan,-16.58626851959793,3.209900759696694
synthetic,ctgan,-9.154380053039363,4.178149631508776
synthetic,ctgan,-7.82338445448692,3.9043484299109714
synthetic,ctgan,-7.046506099050228,4.179575772665071
synthetic,ctgan,-7.479390770599906,2.3240722107003466
synthetic,ctgan,-7.233630130077083,4.315296038533655
synthetic,ctgan,-10.633329078656446,3.6741153205355097
synthetic,ctgan,-19.889941368700512,4.87467658763489
synthetic,ctgan,-13.359613494880321,3.4439584881343195
synthetic,ctgan,-11.336956812124898,5.735170628823855
synthetic,ctgan,-16.775457689955545,6.23074285461046
synthetic,ctgan,-12.605022510602437,2.2376552325422603
synthetic,ctgan,-15.13192792638255,3.3297911397806894
synthetic,ctgan,-6.55080952335758,5.28086406893065
synthetic,ctgan,-4.482169316440789,-3.646781107598884
synthetic,ctgan,-9.15942746247423,1.4255457795800437
synthetic,ctgan,-8.872048341877724,-0.15567927296999562
synthetic,ctgan,-22.167445931201605,5.947717274454156
synthetic,ctgan,-6.890261196261766,8.30723110322078
synthetic,ctgan,-19.08120384729351,0.2788437200398377
synthetic,ctgan,-5.037734748910623,3.6273081064585355
synthetic,ctgan,-0.7816731506579069,4.7504616676002565
synthetic,ctgan,-11.092892195821642,0.9447175647735473
synthetic,ctgan,-7.353398519371469,1.063191143264433
synthetic,ctgan,-22.82497302390542,2.468337817578659
synthetic,ctgan,-7.9303001817028935,1.1310224035369174
synthetic,ctgan,-14.459415879125855,1.7051174254510275
synthetic,ctgan,-13.51326884411158,-5.118118206271827
synthetic,ctgan,-7.086604902879433,1.8739254545991133
synthetic,ctgan,-5.511808900728876,0.6888699072662059
synthetic,ctgan,-10.125967086341321,1.6153569377986399
synthetic,ctgan,-3.773865102301726,1.0079040189963133
synthetic,ctgan,-3.4754535147096153,3.479096703788743
synthetic,ctgan,-17.077299574108082,8.899488482703386
synthetic,ctgan,-17.47960670588494,2.253854140451409
synthetic,ctgan,-15.439367648018129,5.992590507494956
synthetic,ctgan,-14.215460950836432,4.612848860097766
synthetic,ctgan,-10.684805769108491,5.129554963369681
synthetic,ctgan,-15.68685795438517,0.8810417756815001
synthetic,ctgan,-17.613563003306467,6.790509117186666
synthetic,ctgan,-5.506449743864742,-3.0302246841276848
synthetic,ctgan,-10.455924216495593,-0.37370645833154503
synthetic,ctgan,-11.982486348251607,2.938762737314294
synthetic,ctgan,-21.126589837785442,3.1352181534269254
synthetic,ctgan,-17.041065612188,5.123382663846804
synthetic,ctgan,-21.409048788280305,2.658852229831429
synthetic,ctgan,-6.537253427433285,-1.3180762516377191
synthetic,ctgan,-9.525522709926905,1.9709465317830186
synthetic,ctgan,-12.873570310927404,3.683322519434335
synthetic,ctgan,-12.37780714893488,10.939340173602524
synthetic,ctgan,-8.469261953123,-0.9515814933050941
synthetic,ctgan,-19.31745319976273,1.7087183927215066
synthetic,ctgan,-15.26676298016064,4.779612002813224
synthetic,ctgan,-6.99183994495054,0.2990154561573126
synthetic,ctgan,-17.64209494404661,0.8813835030541171
synthetic,ctgan,-10.620602204188886,1.7080659245473226
synthetic,ctgan,-7.923405871884624,5.985211865487896
synthetic,ctgan,-25.7288756482015,3.9896659807116395
synthetic,ctgan,-7.488608590562652,-3.1844540036819478
synthetic,ctgan,3.390437040751083,0.8426894564650391
synthetic,ctgan,-11.103248318795659,-3.603340395344651
synthetic,ctgan,-6.841662122862073,1.7787517444483887
synthetic,ctgan,-16.826306397537138,0.40148609575666816
synthetic,ctgan,-11.71749947661249,2.9691419848563876
synthetic,ctgan,0.45612383216914076,-1.8709241565834431
synthetic,ctgan,-24.35271240184379,2.434123169844618
synthetic,ctgan,-19.482969257849156,3.2216015249221863
synthetic,ctgan,-0.9870215451473536,-8.928978146586765
synthetic,ctgan,-1.2419139064876574,-0.49423712678259935
synthetic,ctgan,-16.178930353007065,6.879330038401686
synthetic,ctgan,-18.408655946980396,5.597271259828533
synthetic,ctgan,-9.940622001593168,1.159828520031478
synthetic,ctgan,-8.635674653462473,3.8720000231801848
synthetic,ctgan,-22.903891287570694,1.3787237150651497
synthetic,ctgan,-12.200091125324894,4.278818476703143
synthetic,ctgan,-6.233956167160064,9.455341484746492
synthetic,ctgan,-8.464284019045717,4.7919998396608525
synthetic,ctgan,-3.1344874312332482,5.132962859122201
synthetic,ctgan,-17.32714758946927,6.635274859938078
synthetic,ctgan,-2.1632726030283056,6.982260855225959
synthetic,ctgan,-3.7919164914714134,2.0611782064857023
synthetic,ctgan,-18.57667683629787,5.6423194862343085
synthetic,ctgan,-12.12100294121513,-0.17212989969364667
synthetic,ctgan,-20.019672075810448,4.53549822443707
synthetic,ctgan,-8.34886255138691,-1.2996183018094651
synthetic,ctgan,-13.902491571939999,-0.7328626002978087
synthetic,ctgan,-10.798492088509484,2.1350481329903968
synthetic,ctgan,-30.487328449668766,1.157352770779008
synthetic,ctgan,-8.878825799725231,6.025436079206984
synthetic,ctgan,-17.311090735898773,9.256432788936147
synthetic,ctgan,-11.349691268615143,3.990002048578652
synthetic,ctgan,-16.773128632812924,4.665687823796236
synthetic,ctgan,-15.975251738162344,-2.489462374010799
synthetic,ctgan,-6.763185757598585,1.580036423390756
synthetic,ctgan,-19.225106908786536,6.449454950624749
synthetic,ctgan,-4.001857278574561,-1.0282464915700418
synthetic,ctgan,-8.271164605441049,1.336527488245287
synthetic,ctgan,-16.327022368239675,2.144922956375363
synthetic,ctgan,-11.129418523988356,2.7160595204752314
synthetic,ctgan,-10.914330188282817,-1.4017742590731832
synthetic,ctgan,-18.85714890534723,-0.9375351992522767
synthetic,ctgan,-1.031700561136012,0.4450550369984274
synthetic,ctgan,-10.094639284595594,-1.0361414913864255
synthetic,ctgan,-6.897845769842787,-0.9717907832473529
synthetic,ctgan,-9.896407763585023,3.484685499867209
synthetic,ctgan,-8.174235140426024,-3.7718899082376245
synthetic,ctgan,-18.16851474664541,-5.974819970516417
synthetic,ctgan,-11.422101544566441,2.029120825093305
synthetic,ctgan,-5.585711501301207,8.00424803572573
synthetic,ctgan,-20.409996959232778,-1.899620163470727
synthetic,ctgan,-23.95825077515106,6.0751440933237175
synthetic,ctgan,-6.45079354476288,4.585995969207511
synthetic,ctgan,-12.744410838475911,6.969982939340281
synthetic,ctgan,-22.783522586432518,1.0442007471050014
synthetic,ctgan,-13.57712441135087,3.4132790893354943
synthetic,ctgan,-3.780857274624605,2.6884119386992484
synthetic,ctgan,-19.8664265654063,-1.2255624561443241
synthetic,ctgan,-4.822869083343029,1.0349840524404328
synthetic,ctgan,-22.666059580512062,-5.943452553993455
synthetic,ctgan,-22.154229052428605,4.010271830129866
synthetic,ctgan,-4.334276095455998,5.088990638791574
synthetic,ctgan,-6.935281612073878,5.832215420247605
synthetic,ctgan,-9.201198631160622,9.038654942323463
synthetic,ctgan,-24.139139105322915,-0.2673288011713466
synthetic,ctgan,-11.722371602819624,4.432068777299285
synthetic,ctgan,-17.710762659035414,6.030166341276604
synthetic,ctgan,-17.650232625513087,4.5075797792631755
synthetic,ctgan,-20.597524982046107,2.962160009865132
synthetic,ctgan,-10.55621572068049,2.1190062287834106
synthetic,ctgan,-6.745802514634982,-7.108138462953673
synthetic,ctgan,-13.096885962292554,-1.002161786550143
synthetic,ctgan,-4.319874273477504,-1.5162150669812662
synthetic,ctgan,-10.233874449109189,-0.47156885705723894
synthetic,ctgan,-25.308127208837803,-7.490677225520461
synthetic,ctgan,-16.379027252798927,2.650669496223907
synthetic,ctgan,-6.7433806094147,-0.4743585517105129
synthetic,ctgan,-13.035985614179518,5.749226818991738
synthetic,ctgan,-16.89003563504372,-2.3273764554977383
synthetic,ctgan,-10.008876289049878,-1.984780432369051
synthetic,ctgan,-3.7768403012123493,3.8804789461026683
synthetic,ctgan,-8.246263837279693,0.23314436476517875
synthetic,ctgan,-11.727337442396353,5.8500761395324234
synthetic,ctgan,-16.255246100993887,3.528762010924123
synthetic,ctgan,-10.553348402577702,6.403151454571125
synthetic,ctgan,-9.644079493098669,4.190077657770981
synthetic,ctgan,-4.296010920674362,0.7896654716161211
synthetic,ctgan,-9.094513998337638,-4.421563023819858
synthetic,ctgan,-8.072598692198989,-4.124466186182799
synthetic,ctgan,-12.054541682423775,-2.5373132989371205
synthetic,ctgan,-9.588660663723783,0.4087589886650189
synthetic,ctgan,-10.502121348643433,-1.7551318411424712
synthetic,ctgan,-19.481042878638306,5.5152666325215804
synthetic,ctgan,-13.049592310526132,-0.49964887962300786
synthetic,ctgan,-5.090492605951399,2.6277739848215735
synthetic,ctgan,-4.109036205443622,-6.188122228443704
synthetic,ctgan,-14.881752287828325,1.4229878006437615
synthetic,ctgan,-8.424077113022031,2.0595106755040398
synthetic,ctgan,-10.208907907888209,0.4271340675858881
synthetic,ctgan,-18.481656548188823,6.585130641491051
synthetic,ctgan,-12.43750998648673,1.0726317594566135
synthetic,ctgan,-22.28337621699638,7.007240269450291
synthetic,ctgan,-6.719564962753416,0.6164687502794597
synthetic,ctgan,-13.451390357158845,-0.5431212346193257
synthetic,ctgan,-9.925229988672326,-2.191101916030987
synthetic,ctgan,-5.828576868481076,1.271098002237229
synthetic,ctgan,-8.302893632901192,2.5977530943819827
synthetic,ctgan,-14.531981306833009,0.5920116370386781
synthetic,ctgan,-5.002283179787371,2.1557050976242125
synthetic,ctgan,-9.404215224462598,-1.4238479554703076
synthetic,ctgan,-16.46361998176082,5.491940840510767
synthetic,ctgan,-13.407415315011468,6.558178869062098
synthetic,ctgan,-16.441490678596782,1.9168077867345898
synthetic,ctgan,-11.139447411796775,3.989603305485952
synthetic,ctgan,-14.501450907437498,-4.272508989107021
synthetic,ctgan,-5.1556871960617245,1.4002476650532025
synthetic,ctgan,0.8592658136799358,0.7053024046396847
synthetic,ctgan,-7.901202083800252,-2.1322205678450636
synthetic,ctgan,-24.39301744434856,1.2351620814825255
synthetic,ctgan,-14.248389785578446,2.566268569605834
synthetic,ctgan,-27.58993185314698,9.935187126914341
synthetic,ctgan,-0.4467145212018344,5.991304415438141
synthetic,ctgan,-18.110618533446708,0.29713523459694907
synthetic,ctgan,-20.92687269836547,-6.215705987930034
synthetic,ctgan,-9.51972666934779,7.434919401795007
synthetic,ctgan,-2.2641676203656393,2.969607714157576
synthetic,ctgan,-22.004045191038863,4.562315793805134
synthetic,ctgan,-6.235928433618428,2.0276691288459086
synthetic,ctgan,-21.13665498517782,0.42192515302336897
synthetic,ctgan,-16.553249594986003,-5.2563761331570324
synthetic,ctgan,-10.94866907968682,0.5280617945978772
synthetic,ctgan,-17.835139669454314,2.981027836572463
synthetic,ctgan,-9.46059094310498,6.823651007499162
synthetic,ctgan,-1.9956942033641825,-0.8563856597319257
synthetic,ctgan,-19.09486299134732,15.672889400239464
synthetic,ctgan,-9.84979215151407,4.024896794022919
synthetic,ctgan,-8.6262250462021,2.5940751315651607
synthetic,ctgan,-0.9051294049478995,-0.34420670467850356
synthetic,ctgan,-20.185287479111444,-6.118942910390426
synthetic,ctgan,-18.996211031145066,0.7409668581266595
synthetic,ctgan,-3.1018184614294757,5.827916342863726
synthetic,ctgan,-18.117064460639185,1.52500592114981
synthetic,ctgan,4.029263647848773,-0.6321812717337951
synthetic,ctgan,-6.0504586070473305,2.4126090613053686
synthetic,ctgan,-16.1243249783656,10.889121960586603
synthetic,ctgan,-6.579921964940009,-0.7122622427673038
synthetic,ctgan,-15.144783056227316,1.162800660976251
synthetic,ctgan,-9.219074534583909,-4.750498982609927
synthetic,ctgan,-4.056829721529356,-1.909621410444018
synthetic,ctgan,-9.356322693976745,2.2613422128729526
synthetic,ctgan,-10.45554070455683,-1.8117354101802494
synthetic,ctgan,-21.61101976370199,-5.737827666628301
synthetic,ctgan,-18.811228651212588,2.354895823239458
synthetic,ctgan,-5.229172340006196,2.848661915570999
