seed,epoch,loss
100,1,1.8516530352969502
100,2,1.0890106073645658
100,3,0.9706594001415164
100,4,0.8754478734593059
100,5,0.8495489539102067
100,6,0.7886835378269816
100,7,0.7373139608738034
100,8,0.743271273235942
100,9,0.7430807338204495
100,10,0.7093969528065172
100,11,0.7290805411893267
100,12,0.7106536543646524
100,13,0.6739331456117852
100,14,0.7102121184038561
100,15,0.6442006355108216
100,16,0.6667425507722899
100,17,0.6576251068780589
100,18,0.6383207024529923
100,19,0.6377475663673046
100,20,0.6206644967544911
100,21,0.6206052497375844
100,22,0.6491396773693173
100,23,0.6052145084669424
100,24,0.5952991940254388
100,25,0.588329087856204
100,26,0.6300608210785444
100,27,0.5685645466627076
100,28,0.574305139308752
100,29,0.5914238372514414
100,30,0.6299769947695177
100,31,0.5783875390540721
100,32,0.5950012692185336
100,33,0.5860554873943329
100,34,0.5832971071088037
100,35,0.5605878940848417
100,36,0.5792587558890498
100,37,0.5449254817740862
100,38,0.5561305409254029
100,39,0.5842398058536441
100,40,0.609875526539115
100,41,0.5514252255129259
100,42,0.599293053150177
100,43,0.5570614490398141
100,44,0.5611765467843344
100,45,0.5517667185428531
100,46,0.5527242352796156
100,47,0.5446027101472367
100,48,0.531608100547347
100,49,0.5302894683771355
100,50,0.5370708606963934
100,51,0.543152300424354
100,52,0.547328115895737
100,53,0.5440306739751682
100,54,0.5381671550662018
100,55,0.5354377530341925
100,56,0.5333689659140831
100,57,0.5369103620218676
100,58,0.5216948265253112
100,59,0.5064032867897389
100,60,0.5425325396449067
100,61,0.5119439509025839
100,62,0.5153913650401803
100,63,0.49002301554347194
100,64,0.5006607285765714
100,65,0.5390671027261157
100,66,0.5009646498879721
100,67,0.5234382097111192
100,68,0.4971822299236475
100,69,0.4819727013277453
100,70,0.5094434050626533
100,71,0.5088369492874589
100,72,0.49157026548718297
100,73,0.4857689765996711
100,74,0.485636877459149
100,75,0.5048083614471347
100,76,0.5009058575297511
100,77,0.492186356422513
100,78,0.4992355829061464
100,79,0.4879245453102644
100,80,0.4983050511326901
100,81,0.49584834658822347
100,82,0.508195816084396
100,83,0.49963047753932865
100,84,0.5044451141080191
100,85,0.48751680795536484
100,86,0.5003109040648438
100,87,0.4876665126445682
100,88,0.4773560103981994
100,89,0.49703444713769956
100,90,0.5001789026482161
100,91,0.4916923753050871
100,92,0.4728382049604904
100,93,0.5012634361899176
100,94,0.5129141100617343
100,95,0.5003777070100918
100,96,0.49294108568235884
100,97,0.47881371753160346
100,98,0.500933053881623
100,99,0.4732525681340417
100,100,0.490293366271396
100,101,0.4882816776286724
100,102,0.4470591676789661
100,103,0.43570949241172435
100,104,0.48409027692883516
100,105,0.47194360439167465
100,106,0.47161440447319386
100,107,0.46181724099225774
100,108,0.4540976778019306
100,109,0.4649344183677851
100,110,0.47753680722658026
100,111,0.45921386466469877
100,112,0.4502816858679749
100,113,0.4319801690966584
100,114,0.4709322452545166
100,115,0.45407425525576567
100,116,0.4893768894117932
100,117,0.4490851912387582
100,118,0.43026057162950204
100,119,0.46166744620301003
100,120,0.47693865521009576
100,121,0.4522580753925235
100,122,0.4445815266564835
100,123,0.45228399232376454
100,124,0.4524887876455174
100,125,0.45967649997666826
100,126,0.4419886740141137
100,127,0.4265304679094359
100,128,0.41922767495000085
100,129,0.43124634443327436
100,130,0.4470715404942978
100,131,0.45195467042368515
100,132,0.4334631666194561
100,133,0.46691159453502923
100,134,0.4667461292688237
100,135,0.43467112890509674
100,136,0.45545543764912805
100,137,0.44721424718235814
100,138,0.44221576355224435
100,139,0.4516210410484048
100,140,0.4494593587032584
100,141,0.4737103318059167
100,142,0.465248248604841
100,143,0.45744689536649125
100,144,0.4230958043142807
100,145,0.4368258936460628
100,146,0.4442657384761544
100,147,0.45087031292360885
100,148,0.42693215400673623
100,149,0.4313094969405684
100,150,0.4530780454014623
100,151,0.44476173783457557
100,152,0.42973426261613534
100,153,0.4708378779333691
100,154,0.45094457615253536
100,155,0.4622445356014163
100,156,0.4057060916756475
100,157,0.4316649118135142
100,158,0.45092642307281494
100,159,0.42081437000008515
100,160,0.45021298597025317
100,161,0.43131376906882885
100,162,0.4450188237567281
100,163,0.43255687245102814
100,164,0.4024181774882383
100,165,0.4483885307644689
100,166,0.40630911810453546
100,167,0.44598882558733915
100,168,0.4670867725860241
100,169,0.4263879726099413
100,170,0.45296445766160653
100,171,0.4014694704565891
100,172,0.3998032357803611
100,173,0.42777716073878974
100,174,0.4259518260179564
100,175,0.4196850213893624
100,176,0.4323377117168072
100,177,0.44636000727498254
100,178,0.42696679123612336
100,179,0.44068984652674476
100,180,0.4210251444994017
100,181,0.4102747176968774
100,182,0.4056943828283354
100,183,0.43643789582474285
100,184,0.4119394587915997
100,185,0.42190244863199633
100,186,0.41558692760245747
100,187,0.39916097424751107
100,188,0.4132607253484948
100,189,0.4096984482088754
100,190,0.4437884487384974
100,191,0.4282679107300071
100,192,0.42608766777570856
100,193,0.42000256236209427
100,194,0.409217611301777
100,195,0.4066689125327177
100,196,0.4209219023238781
100,197,0.4221982034139855
100,198,0.42805557680684464
100,199,0.4247376530669456
100,200,0.4169424481170122
100,201,0.40368931445964545
100,202,0.42343167232912643
100,203,0.4160204183223636
100,204,0.4146189890628637
100,205,0.40696549484896105
100,206,0.39444872806238573
100,207,0.40862933355708453
100,208,0.417377571033877
100,209,0.40531881673391473
100,210,0.41832483715789265
100,211,0.4239095255385998
100,212,0.4082943713942239
100,213,0.4175719819789709
100,214,0.4233769926913949
100,215,0.41529345027236053
100,216,0.42446789492008297
100,217,0.40710248503574104
100,218,0.4010597266430079
100,219,0.41098076728887334
100,220,0.4091666555681894
100,221,0.40252581169438917
100,222,0.40992006936738656
100,223,0.4040130550085112
100,224,0.41647851328517116
100,225,0.3899435199970423
100,226,0.3952647807986237
100,227,0.3896446477535159
100,228,0.40097728995389714
100,229,0.3948779660601949
100,230,0.3813221004120139
100,231,0.4172293626984885
100,232,0.4127660310545633
100,233,0.3843594595443371
100,234,0.3987819094990575
100,235,0.4292694143084593
100,236,0.40257398333660394
100,237,0.38995555528374604
100,238,0.4194747292718222
100,239,0.39505290084106975
100,240,0.3853020771991375
100,241,0.38467513683230375
100,242,0.36742856959963954
100,243,0.40100940992665846
100,244,0.3825103682140971
100,245,0.4148178668909295
100,246,0.4026588880738547
100,247,0.40029320467350094
100,248,0.385178686574448
100,249,0.3979711955369905
100,250,0.3832851738430733
100,251,0.3781222160472426
100,252,0.389140201169391
100,253,0.4090214357819668
100,254,0.39812429977017777
100,255,0.39011342650236086
100,256,0.40133969589721324
100,257,0.39045744164045465
100,258,0.3948503961396772
100,259,0.400768939838853
100,260,0.3684022405812907
100,261,0.3830116439697354
100,262,0.39537896250569543
100,263,0.38469103463860443
100,264,0.37428192898284557
100,265,0.38085788072541704
100,266,0.3865971288015676
100,267,0.3761296168316242
100,268,0.37275600710580514
100,269,0.37471447503843974
100,270,0.3927046767500944
100,271,0.38207907801450686
100,272,0.39003748117491255
100,273,0.39345422595046287
100,274,0.3908464867015218
100,275,0.39066055694291757
100,276,0.3718398871809937
100,277,0.41185502742612085
100,278,0.3999511453994485
100,279,0.3850889088109482
100,280,0.37399818592293316
100,281,0.40818226822586945
100,282,0.3914994521196498
100,283,0.3776723596938821
100,284,0.3722022861935372
100,285,0.3814711549947428
100,286,0.373618098885514
100,287,0.40161184793294863
100,288,0.4155840645002764
100,289,0.37472003975579904
100,290,0.37289708506229313
100,291,0.36498768385066543
100,292,0.3651206417139186
100,293,0.3844021905300229
100,294,0.35534722652546197
100,295,0.4082361958747686
100,296,0.38017441366994104
100,297,0.3635323470415071
100,298,0.36340636708015617
100,299,0.390548157830571
100,300,0.35301857909490897
100,301,0.39547109811805015
100,302,0.38509493858315225
100,303,0.37822029756945236
100,304,0.3745046091634174
100,305,0.39287533385809076
100,306,0.37102838380392206
100,307,0.3718024734840837
100,308,0.3992972935354987
100,309,0.37866834568422897
100,310,0.37157996102820995
100,311,0.37561394516811814
100,312,0.3843165830124256
100,313,0.3896117882673131
100,314,0.37363581047501676
100,315,0.3898785987565684
100,316,0.39699004833088364
100,317,0.38847007723741755
100,318,0.3819005080433779
100,319,0.3722733986932178
100,320,0.39515338041061576
100,321,0.3695591057455817
100,322,0.3811242012090461
100,323,0.40690680298694343
100,324,0.37264099786447924
100,325,0.3614282718924589
100,326,0.3678522532762483
100,327,0.3794011660786562
100,328,0.38839919830477515
100,329,0.3802159075127092
100,330,0.38374623933503793
100,331,0.35514686377935634
100,332,0.3509135371030763
100,333,0.36615080611650336
100,334,0.3735407473042954
100,335,0.3612251254015191
100,336,0.3484753460385079
100,337,0.3568530450033587
100,338,0.3612935674744983
100,339,0.3708463186441466
100,340,0.4004365628541902
100,341,0.36887573641400007
100,342,0.37182165786277416
100,343,0.37200996626255123
100,344,0.374457833378814
100,345,0.3714724702890529
100,346,0.36967539302138397
100,347,0.37959301263787026
100,348,0.3681664279727049
100,349,0.4050184467504191
100,350,0.35073407028996667
100,351,0.3739539523457372
100,352,0.35601023671238924
100,353,0.38307460380154984
100,354,0.37395489493081735
100,355,0.35271915238957074
100,356,0.3472157273181649
100,357,0.369039410075476
100,358,0.36891713946364646
100,359,0.34540834121925884
100,360,0.3585407844809599
100,361,0.3670619102411492
100,362,0.373744071223015
100,363,0.3749641339446223
100,364,0.36426797439885694
100,365,0.38908580707949264
100,366,0.3641840864059537
100,367,0.34906615836675775
100,368,0.33935589083405426
100,369,0.3658376966798028
100,370,0.3558687179587608
100,371,0.3673965612123179
100,372,0.3821497462516607
100,373,0.3687226661415987
100,374,0.34254117691239644
100,375,0.33470736825188924
100,376,0.3722756075304608
100,377,0.3462104014185972
100,378,0.3399925127972004
100,379,0.3463636962480323
100,380,0.3524353649727134
100,381,0.3605104407598806
100,382,0.34907822276270667
100,383,0.3472936728665995
100,384,0.3545397222042084
100,385,0.34678095994993696
100,386,0.37068276627119195
100,387,0.3609127935975097
100,388,0.35135156193444894
100,389,0.3890617316545442
100,390,0.3382591632909553
100,391,0.35540154922840206
100,392,0.3528045658455339
100,393,0.35523189777551695
100,394,0.34674815521683805
100,395,0.36444644664609155
100,396,0.3663226643273997
100,397,0.3583108124344848
100,398,0.35742812725000606
100,399,0.34809292333070624
100,400,0.3797570806603099
100,401,0.3663793164630269
100,402,0.36852834737578105
100,403,0.34688872514769087
100,404,0.3644721764464711
100,405,0.3139396801937458
100,406,0.33568324945693795
100,407,0.3467710801335268
100,408,0.36647928246231964
100,409,0.35048727171365607
100,410,0.3634010380090669
100,411,0.36493491572003034
100,412,0.35999494375184526
100,413,0.3497280963631563
100,414,0.37104448121647504
100,415,0.3565692291703335
100,416,0.3617914325969164
100,417,0.36164283197979596
100,418,0.36027787313904874
100,419,0.3562734889429669
100,420,0.3646933159162832
100,421,0.36360612927481184
100,422,0.3398860748424086
100,423,0.3756144088368083
100,424,0.3482507397962171
100,425,0.3643869598244512
100,426,0.3439685120139011
100,427,0.34202322710392086
100,428,0.3449686232001282
100,429,0.37668983811555906
100,430,0.35861134944960127
100,431,0.3654990078404892
100,432,0.37836888986964556
100,433,0.36255313282789187
100,434,0.3551268057767735
100,435,0.3426715267259021
100,436,0.3518668038900508
100,437,0.3590734344582225
100,438,0.3723381328028302
100,439,0.3642266462015551
100,440,0.3259812163752179
100,441,0.3378560044044672
100,442,0.30911914761676346
100,443,0.3409342634123425
100,444,0.353190308393434
100,445,0.354833559934483
100,446,0.3532357604004616
100,447,0.36503247674121414
100,448,0.36396558686744335
100,449,0.36906224697135215
100,450,0.345207798619603
100,451,0.37959227797596956
100,452,0.3680608175521673
100,453,0.35171242786008255
100,454,0.3486552765203077
100,455,0.34142567182696143
100,456,0.35410172509592636
100,457,0.3520167982855508
100,458,0.33902823439864227
100,459,0.3643764888131341
100,460,0.3443195133708244
100,461,0.33763647010160047
100,462,0.3354885307855384
100,463,0.35690013891042666
100,464,0.34940270074578217
100,465,0.3537993791491486
100,466,0.3709288274132928
100,467,0.34520668830982476
100,468,0.34425722027933875
100,469,0.35453129230543623
100,470,0.3386405006397602
100,471,0.3449863070665404
100,472,0.3449509712152703
100,473,0.33438049707301826
100,474,0.3504296880821849
100,475,0.36238816519116246
100,476,0.3620207524576852
100,477,0.3306227943231893
100,478,0.3508031021716983
100,479,0.34966412949007614
100,480,0.3251579944477525
100,481,0.350539306568545
100,482,0.3480594324511151
100,483,0.3505365917848986
100,484,0.36525204361871233
100,485,0.3596131281797276
100,486,0.37081387292507084
100,487,0.3454823868219243
100,488,0.37523777609647707
100,489,0.3902708832607713
100,490,0.3186892063118691
100,491,0.3496390941531159
100,492,0.33410203179647757
100,493,0.3341251279032508
100,494,0.3396752275699793
100,495,0.3421520500682121
100,496,0.34500802325647933
100,497,0.34074052960373635
100,498,0.31620619186135224
100,499,0.34351245816363846
100,500,0.3441188266110975
100,501,0.3572750022245008
100,502,0.32920061225114866
100,503,0.3388232214506282
100,504,0.33032583982445474
100,505,0.3390732830347017
100,506,0.35488590251567753
100,507,0.35752981831861097
100,508,0.3267093148342399
100,509,0.3164853457101556
100,510,0.3419879868973133
100,511,0.3647504344929096
100,512,0.32314948356428813
100,513,0.3231852858565574
100,514,0.31729951362277187
100,515,0.3529326167217521
100,516,0.3461468462334123
100,517,0.3292430791743966
100,518,0.33424625840297967
100,519,0.3070057893908301
100,520,0.34991681229236515
100,521,0.3425137268942456
100,522,0.33592317686524503
100,523,0.3439100765904715
100,524,0.3690652965113174
100,525,0.31641388043414714
100,526,0.3593013515306074
100,527,0.3554834390795508
100,528,0.3548511523146962
100,529,0.3449786208396734
100,530,0.348215508599614
100,531,0.3478014933508496
100,532,0.3184417257475298
100,533,0.3477242838504703
100,534,0.3299022809017536
100,535,0.3209360928036446
100,536,0.33595231036807216
100,537,0.3296869293201801
100,538,0.32248625921648605
100,539,0.340441963700361
100,540,0.3473860967990964
100,541,0.3298168438811635
100,542,0.3337377101876015
100,543,0.32388170860534493
100,544,0.3301065065139948
100,545,0.340055093515751
100,546,0.3236141017703123
100,547,0.3545314586439798
100,548,0.3335195405538692
100,549,0.3463426308576451
100,550,0.3474359311336695
100,551,0.33298282914383465
100,552,0.32492192054903785
100,553,0.3111557648625485
100,554,0.30116400087988654
100,555,0.3432424740735875
100,556,0.3369873256184334
100,557,0.3381220511225767
100,558,0.31925230663876203
100,559,0.3077847139779912
100,560,0.3346242939316949
100,561,0.33518585909244625
100,562,0.331675507301508
100,563,0.33047171664792435
100,564,0.3395992295686589
100,565,0.3398395139117574
100,566,0.34026552286258965
100,567,0.36086395729419796
100,568,0.3406962003818778
100,569,0.30444845418597377
100,570,0.3137690473434537
100,571,0.3149834427722665
100,572,0.32435267678526947
100,573,0.32397292935571004
100,574,0.3041075197763221
100,575,0.3231072904065598
100,576,0.3222281295199727
100,577,0.3122610269590866
100,578,0.33430970616118855
100,579,0.3110085684199666
100,580,0.3278844044652096
100,581,0.3347970891830533
100,582,0.31442064220129057
100,583,0.33409411338872685
100,584,0.3138433708701023
100,585,0.33583948570628497
100,586,0.31433605108150214
100,587,0.3275469915811406
100,588,0.30522079245988715
100,589,0.3299186375252036
100,590,0.32122364778851353
100,591,0.35724643427272174
100,592,0.3242791703967161
100,593,0.31110060492227243
100,594,0.297319887682449
100,595,0.3218014545218889
100,596,0.3298444505347762
100,597,0.33535554242688553
100,598,0.32469986587069755
100,599,0.3134470491908317
100,600,0.3230325732120248
100,601,0.3110618840816409
100,602,0.3376582098561664
100,603,0.3062777817249298
100,604,0.3193044697129449
100,605,0.31203980917154356
100,606,0.3419933402261069
100,607,0.3276592728703521
100,608,0.3189128547213798
100,609,0.29060774417810664
100,610,0.318607954091804
100,611,0.32413510042567584
100,612,0.33337652198103973
100,613,0.30891139562739883
100,614,0.3111269259175589
100,615,0.3087411841680837
100,616,0.307214685650759
100,617,0.33342054971428803
100,618,0.3003888275734214
100,619,0.3377965716428535
100,620,0.31744029563526777
100,621,0.3164814419524614
100,622,0.32679299351780916
100,623,0.32042430791743964
100,624,0.30388965301735454
100,625,0.31955397406289743
100,626,0.32165815802507625
100,627,0.3245176333327626
100,628,0.30500561830609346
100,629,0.3265640853449356
100,630,0.31331750404003056
100,631,0.33199851041616396
100,632,0.3341306468775106
100,633,0.3280078741007073
100,634,0.34669430311336075
100,635,0.3427188576653946
100,636,0.3483325513296349
100,637,0.31491131907285647
100,638,0.3182118438010992
100,639,0.30647456091503766
100,640,0.31508905388588127
100,641,0.3322768370772517
100,642,0.3192945088064948
100,643,0.3217089252416478
100,644,0.33670364424239757
100,645,0.3554478052050568
100,646,0.2974579396635987
100,647,0.3258069906123849
100,648,0.3246804136176442
100,649,0.3087571249451748
100,650,0.3248974847239117
100,651,0.3275588542916054
100,652,0.3249372022096501
100,653,0.3257929613423902
100,654,0.3085158224715743
100,655,0.3213366914627164
100,656,0.3017688594585241
100,657,0.29878824394802717
100,658,0.31522790775742643
100,659,0.32849639515544093
100,660,0.3054139385389727
100,661,0.32931001934894294
100,662,0.3238414442816446
100,663,0.3465455902177234
100,664,0.3015590559604556
100,665,0.33172206130138665
100,666,0.31366078798160996
100,667,0.32182235218757804
100,668,0.3175215672614963
100,669,0.3318024450956389
100,670,0.32735592612000397
100,671,0.30756877674612887
100,672,0.3082968135212743
100,673,0.3423613490060318
100,674,0.2958665261434954
100,675,0.3081218433934589
100,676,0.31343835661577624
100,677,0.32502558342246124
100,678,0.3163191475147425
100,679,0.32510366134865337
100,680,0.3044968774152357
100,681,0.32594038164892863
100,682,0.3064123468343602
100,683,0.2905871272087097
100,684,0.3117313551348309
100,685,0.32818119401155516
100,686,0.31426641067793204
100,687,0.3077192299587782
100,688,0.3361516671125279
100,689,0.3553429121194884
100,690,0.32981867914976076
100,691,0.29981395463610805
100,692,0.29889791718749115
100,693,0.3176068816074105
100,694,0.29379573117854985
100,695,0.32092335681582607
100,696,0.2933588000231011
100,697,0.3250350550163624
100,698,0.33415578340375146
100,699,0.30985400704450383
100,700,0.31649030710375586
100,701,0.30974158159522125
100,702,0.3311331611733104
100,703,0.3015114547208298
100,704,0.3002360567103985
100,705,0.2984925397606783
100,706,0.3078570483728897
100,707,0.30341892602831816
100,708,0.318136942941089
100,709,0.3057975547258244
100,710,0.2937672353068063
100,711,0.2899607371452243
100,712,0.2866972449213959
100,713,0.3170533367367678
100,714,0.3181184876796811
100,715,0.3338637566843698
100,716,0.32896211604739345
100,717,0.3134272978749386
100,718,0.3137281675671422
100,719,0.31388155734816264
100,720,0.3273642756218134
100,721,0.307551022878913
100,722,0.32792871774629107
100,723,0.2968865993411042
100,724,0.3197546116141386
100,725,0.31441024846808857
100,726,0.2903910002043081
100,727,0.30031097974888116
100,728,0.2959225572818934
100,729,0.3099214164323585
100,730,0.28586110195448233
100,731,0.30411822782006376
100,732,0.3121918252734251
100,733,0.30116843969322915
100,734,0.28439942071604174
100,735,0.30590110809303994
100,736,0.30735452022663384
100,737,0.296607501978098
100,738,0.30852831588235013
100,739,0.3089575344739958
100,740,0.2883386618869249
100,741,0.30179442084112834
100,742,0.2958446484665538
100,743,0.31316290969072386
100,744,0.3220418587673542
100,745,0.29866386222284896
100,746,0.2926407421744147
100,747,0.2963579927766046
100,748,0.32331301930338835
100,749,0.340472808410955
100,750,0.3140055294646773
100,751,0.2990995964338613
100,752,0.3006557420242664
100,753,0.30280231875042585
100,754,0.297297386235969
100,755,0.2925492386485255
100,756,0.2893879995789639
100,757,0.29966225111207295
100,758,0.2950778707515362
100,759,0.31279089284497635
100,760,0.321739514206731
100,761,0.2941620429587919
100,762,0.3078497759131498
100,763,0.31338785831318344
100,764,0.31682994407276777
100,765,0.3030040437398955
100,766,0.30391573698021646
100,767,0.329408994247747
100,768,0.3011957434720771
100,769,0.3011165538499522
100,770,0.29165498253911043
100,771,0.29272192092828975
100,772,0.2816372271194014
100,773,0.31758456105409666
100,774,0.3137092493301214
100,775,0.2846047843611518
100,776,0.30469929167004517
100,777,0.30786257011945856
100,778,0.30020804114119953
100,779,0.29978172238482986
100,780,0.2947647446809813
100,781,0.2948372530382733
100,782,0.3067455465017363
100,783,0.2957697891911795
100,784,0.3018507818843043
100,785,0.32253239390461946
100,786,0.2944520646056464
100,787,0.30945637822151184
100,788,0.29238171494284343
100,789,0.29854297499324
100,790,0.30351965649183404
100,791,0.3289345752361209
100,792,0.3185699575169142
100,793,0.3266794348871985
100,794,0.3093422218117603
100,795,0.3060160514920257
100,796,0.28423299796359486
100,797,0.305153290199679
100,798,0.3023086100123649
100,799,0.2832137907660285
100,800,0.28895660125932027
100,801,0.3023322335509367
100,802,0.2860511056212492
100,803,0.310883468666742
100,804,0.30079012208206707
100,805,0.30177128661510555
100,806,0.28893868867741074
100,807,0.29152011386183807
100,808,0.3036518824654956
100,809,0.30171401209609455
100,810,0.29839516621689466
100,811,0.29997573896896007
100,812,0.2921990156173706
100,813,0.2923823456431544
100,814,0.3153342167998469
100,815,0.3034201299035272
100,816,0.3299481944982396
100,817,0.30800289123557334
100,818,0.3101875719635986
100,819,0.31090316938799484
100,820,0.3031761001708896
100,821,0.28550958425499673
100,822,0.26797888133414954
100,823,0.295578962148622
100,824,0.28370592829793
100,825,0.2906416495179021
100,826,0.3039013393396555
100,827,0.2883166047029717
100,828,0.27660852878592734
100,829,0.29053676405618356
100,830,0.3104266059953113
100,831,0.2765414513820826
100,832,0.29375453951746916
100,833,0.31619847721831745
100,834,0.305002256881359
100,835,0.3069781785787538
100,836,0.30893254765244416
100,837,0.29734038128409274
100,838,0.29574291789254475
100,839,0.3038785596226537
100,840,0.28203002761962803
100,841,0.2789287781992624
100,842,0.293112097091453
100,843,0.27948758837788606
100,844,0.29546683056409967
100,845,0.29334124437598297
100,846,0.3135333948357161
100,847,0.29053092973176825
100,848,0.2887082155360732
100,849,0.323363755331483
100,850,0.30519460176312646
100,851,0.29697591412899105
100,852,0.30595119297504425
100,853,0.2997443745302599
100,854,0.30091428964637046
100,855,0.3023748522581056
100,856,0.3151585958724798
100,857,0.27538161222324814
100,858,0.2934443756591442
100,859,0.29752942989038866
100,860,0.3020766287348991
100,861,0.2985995391080546
100,862,0.28362720442372696
100,863,0.3103441436623418
100,864,0.3005514526089957
100,865,0.29786160449649013
100,866,0.30102406684742417
100,867,0.307011610893316
100,868,0.2855411386767099
100,869,0.28158989063529083
100,870,0.30625633652820144
100,871,0.28837524804958076
100,872,0.29415209487427113
100,873,0.29750797152519226
100,874,0.30267389777094816
100,875,0.2823099327641864
100,876,0.2907446317894514
100,877,0.3124470994916073
100,878,0.29604134587354436
100,879,0.2901360843070718
100,880,0.29114053831544034
100,881,0.307573631752369
100,882,0.3000508456729179
100,883,0.2822678865388382
100,884,0.3131795615650887
100,885,0.3169043175009794
100,886,0.30282657298930854
100,887,0.28691191451494086
100,888,0.2855776881062707
100,889,0.30230759465417195
100,890,0.29506362939989844
100,891,0.28400601827821065
100,892,0.30355727880500083
100,893,0.28221187827199007
100,894,0.3167846098888752
100,895,0.3071267778097197
100,896,0.3061435285002686
100,897,0.27004946421745213
100,898,0.3078246373076772
100,899,0.2906175976575807
100,900,0.2702566302099893
100,901,0.29908717233081195
100,902,0.28442056269146676
100,903,0.2966965762681739
100,904,0.2941436123016269
100,905,0.2808738198391227
100,906,0.29368959679160006
100,907,0.2958067925863488
100,908,0.3040310757797818
100,909,0.2854674167411272
100,910,0.28804598367491435
100,911,0.28840211588282916
100,912,0.25809146706448044
100,913,0.2918527597604796
100,914,0.266121438769407
100,915,0.29095960009929744
100,916,0.30830704472785775
100,917,0.30011167290598845
100,918,0.3000097177749456
100,919,0.31092679639195286
100,920,0.30602744290995043
100,921,0.30262137845505116
100,922,0.28607416915339096
100,923,0.3061780056288076
100,924,0.2944968502188838
100,925,0.2585481793381447
100,926,0.2788277684256088
100,927,0.2935510139132655
100,928,0.2875582801048146
100,929,0.27300001507581667
100,930,0.2721909748953442
100,931,0.28849962977475896
100,932,0.29665960267532704
100,933,0.2868969890960427
100,934,0.2838910769584567
100,935,0.29794360662615577
100,936,0.28403396869814673
100,937,0.31497718774995137
100,938,0.28557072129360467
100,939,0.3005046643490015
100,940,0.28716448781102205
100,941,0.2915556694186011
100,942,0.29171088545821433
100,943,0.2895511530859526
100,944,0.28949311860772065
100,945,0.29893416443536447
100,946,0.3043748098750447
100,947,0.2915293920871823
100,948,0.2917677496754846
100,949,0.2963994588962821
100,950,0.3050428836844688
100,951,0.29814114127048225
100,952,0.27126023727794024
100,953,0.28008519979410396
100,954,0.2940229725006015
100,955,0.28293854136799657
100,956,0.2734476210072983
100,957,0.26786422937415366
100,958,0.2738767293996589
100,959,0.27813404001468833
100,960,0.2807619786539743
100,961,0.27504220604896545
100,962,0.2713604319927304
100,963,0.2918973076482152
100,964,0.3006169962328534
100,965,0.29385929675989375
100,966,0.28132841337558834
100,967,0.2608237457136775
100,968,0.28441589239031767
100,969,0.28476005757963935
100,970,0.2579043971937756
100,971,0.29404387363167694
100,972,0.3024242367855338
100,973,0.3005731126596761
100,974,0.2956715399442717
100,975,0.270882518485535
100,976,0.267505475254946
100,977,0.27618841307107794
100,978,0.2941512548646262
100,979,0.2977752720200738
100,980,0.2941954087379367
100,981,0.31699420754299606
100,982,0.30735124474348025
100,983,0.2864175113134606
100,984,0.28138160913489585
100,985,0.2867142779882564
100,986,0.26450967095619027
100,987,0.2695186401522437
100,988,0.28475831275762514
100,989,0.28619585688724075
100,990,0.3151048338690469
100,991,0.3094685341036597
100,992,0.2871843167515688
100,993,0.295223216677821
100,994,0.2847329197927963
100,995,0.27459941908370616
100,996,0.2949889482453812
100,997,0.2776534072188444
100,998,0.2869998181975165
100,999,0.27838768792706864
100,1000,0.28497805498367135
100,1001,0.29951055382573327
100,1002,0.277212789585424
100,1003,0.30256209955659025
100,1004,0.28593293594759567
100,1005,0.29365875208100606
100,1006,0.2818564633990443
100,1007,0.26495594617932344
100,1008,0.29678790721782417
100,1009,0.29803359508514404
100,1010,0.27838891259459564
100,1011,0.2841055885303852
100,1012,0.2902404659016188
100,1013,0.29411299630653026
100,1014,0.29450449486111485
100,1015,0.28789707671764286
100,1016,0.28341390504393466
100,1017,0.2760094539370648
100,1018,0.2841968792815541
100,1019,0.2720641673997391
100,1020,0.29540607194567836
100,1021,0.3054026247457016
100,1022,0.2825997097547664
100,1023,0.2975559934627178
100,1024,0.2701517010844031
100,1025,0.30535247506097307
100,1026,0.2600300811057867
100,1027,0.28364111794981844
100,1028,0.27129149575566136
100,1029,0.29068184592003043
100,1030,0.3247813762620438
100,1031,0.2717227443706158
100,1032,0.2904564856096756
100,1033,0.2811369175134703
100,1034,0.2572083812813426
100,1035,0.2743344778238341
100,1036,0.2774933507276136
100,1037,0.276479737010113
100,1038,0.2851653244606284
100,1039,0.26693784948005234
100,1040,0.2823376364486162
100,1041,0.2648081821064616
100,1042,0.2879461216372113
100,1043,0.2712636222673017
100,1044,0.2820736731207648
100,1045,0.27095855807149133
100,1046,0.26225106556748234
100,1047,0.30389129699662676
100,1048,0.2927560237951057
100,1049,0.2740852825863417
100,1050,0.29693496019341226
100,1051,0.28349937325300173
100,1052,0.2708474647167117
100,1053,0.27382064038930937
100,1054,0.25920353448668193
100,1055,0.2599169459453849
100,1056,0.26681203204532
100,1057,0.2674627103084742
100,1058,0.2889553086702214
100,1059,0.27061388589615043
100,1060,0.2761017167290976
100,1061,0.2776101335536602
100,1062,0.2790993029295012
100,1063,0.28100584724614786
100,1064,0.2837793806264567
100,1065,0.2850105000096698
100,1066,0.2782878342062928
100,1067,0.302475304104561
100,1068,0.29592251431110295
100,1069,0.278816893696785
100,1070,0.29192245630330815
100,1071,0.30101148888122203
100,1072,0.25729413018670194
100,1073,0.28783380084259563
100,1074,0.2642358964265779
100,1075,0.2962745878585549
100,1076,0.25866838977780454
100,1077,0.2813777216645174
100,1078,0.27676413780034975
100,1079,0.254805700723515
100,1080,0.2716947149398715
100,1081,0.27569288292596505
100,1082,0.279194759768109
100,1083,0.2889475337294645
100,1084,0.2846247585013855
100,1085,0.26276031968205477
100,1086,0.26244265534156974
100,1087,0.2673330203045246
100,1088,0.27768826346064723
100,1089,0.2808567458807036
100,1090,0.28264499680940497
100,1091,0.26438287454982135
100,1092,0.27613728822663774
100,1093,0.2817836986031643
100,1094,0.2976160333600155
100,1095,0.286720382612805
100,1096,0.2770024891509566
100,1097,0.28581120143103045
100,1098,0.2780137630396111
100,1099,0.272269711244938
100,1100,0.28690398016641305
100,1101,0.2749032398989034
100,1102,0.2701162196869074
100,1103,0.272734708564226
100,1104,0.2655621056639871
100,1105,0.2824429128059121
100,1106,0.2853329195532688
100,1107,0.2803219678096993
100,1108,0.2735746301883875
100,1109,0.3053268658560376
100,1110,0.27310162990592246
100,1111,0.2941985019417696
100,1112,0.2964133717292963
100,1113,0.2776269649350366
100,1114,0.2873244548952857
100,1115,0.28165043994437816
100,1116,0.2732846230961556
100,1117,0.29166296124458313
100,1118,0.2797039431888004
100,1119,0.2890128611132156
100,1120,0.2938332536885905
100,1121,0.2871685637984165
100,1122,0.29667595236800437
100,1123,0.2773183965405753
100,1124,0.2941358706285787
100,1125,0.289822255802709
100,1126,0.2938672491284304
100,1127,0.2827598345141078
100,1128,0.25630748687788496
100,1129,0.2805992558945057
100,1130,0.2556508862695029
100,1131,0.264658005431641
100,1132,0.2722934075566225
100,1133,0.2895942011544871
100,1134,0.26392122652641564
100,1135,0.2719792834548063
100,1136,0.2846045563387316
100,1137,0.26371479658193364
100,1138,0.26491365113923715
100,1139,0.2517852356960607
100,1140,0.26232321040574896
100,1141,0.28465567494547644
100,1142,0.27868461470271266
100,1143,0.2848326698985211
100,1144,0.272866812556289
100,1145,0.2704603533412135
100,1146,0.2825300014296243
100,1147,0.2743080535600352
100,1148,0.27986109256744385
100,1149,0.27209834234659064
100,1150,0.2741263092950333
100,1151,0.2689511259627897
100,1152,0.2540907793959906
100,1153,0.2746056359867717
100,1154,0.26727711184080255
100,1155,0.2755850241627804
100,1156,0.26835094981415325
100,1157,0.26694789459539014
100,1158,0.2766798242580059
100,1159,0.2686124104400014
100,1160,0.27343692474587017
100,1161,0.25658426451128585
100,1162,0.25926767462907835
100,1163,0.26205846459366555
100,1164,0.25666573297145756
100,1165,0.2760804295539856
100,1166,0.2657317009776138
100,1167,0.2572916881289593
100,1168,0.27806090546208756
100,1169,0.29599110886108043
100,1170,0.25945773547471956
100,1171,0.2840960067371989
100,1172,0.2805485046187112
100,1173,0.2623117774031883
100,1174,0.2758787094160568
100,1175,0.2754496086475461
100,1176,0.2673836856387382
100,1177,0.2709214493285778
100,1178,0.2829954353875892
100,1179,0.2755444029042887
100,1180,0.2886616643085036
100,1181,0.2987450395905694
100,1182,0.28276642394620316
100,1183,0.2641984466896501
100,1184,0.2713001744691716
100,1185,0.2564047387866087
100,1186,0.27155632543009384
100,1187,0.2794643637052802
100,1188,0.2706681614698366
100,1189,0.2594397833874059
100,1190,0.2686015360577162
100,1191,0.27240100156429203
100,1192,0.2563720560351083
100,1193,0.2718524690284285
100,1194,0.2850057732227237
100,1195,0.2929542459720789
100,1196,0.2772305406803309
100,1197,0.26356184967728546
100,1198,0.2797747091498486
100,1199,0.28102485627629037
100,1200,0.2670913574307464
100,1201,0.268802713169608
100,1202,0.27718331370242805
100,1203,0.2617478855820589
100,1204,0.2723173235738
100,1205,0.2869134912657183
100,1206,0.27604868626871776
100,1207,0.2832057281982067
100,1208,0.28664942259012266
100,1209,0.27913773544999054
100,1210,0.2709743810254474
100,1211,0.26786263391029
100,1212,0.279946893453598
100,1213,0.27390494214933975
100,1214,0.26657714122949644
100,1215,0.281211526587952
100,1216,0.28442960908246595
100,1217,0.2785761498434599
100,1218,0.25936371088027954
100,1219,0.27934584645337834
100,1220,0.2663375471913537
100,1221,0.26506263814693276
100,1222,0.2624172544063524
100,1223,0.2712650208972221
100,1224,0.2985500887382862
100,1225,0.28081860861112906
100,1226,0.2707615456608839
100,1227,0.2710969656012779
100,1228,0.2727493158606596
100,1229,0.27722580800222796
100,1230,0.2631679007480311
100,1231,0.2589713847914407
100,1232,0.2631757744522982
100,1233,0.2768374459688054
100,1234,0.2889507003994875
100,1235,0.2643714387749517
100,1236,0.2545353420252024
100,1237,0.28157403164131695
100,1238,0.28207933417586395
100,1239,0.29396847930065423
100,1240,0.25949572962383893
100,1241,0.25475228699140773
100,1242,0.26433783215145734
100,1243,0.27069494128227234
100,1244,0.2662260691786921
100,1245,0.2746556623037471
100,1246,0.2735828480055166
100,1247,0.2602330155150835
100,1248,0.25871906793394756
100,1249,0.28932316358699356
100,1250,0.25635646248972693
100,1251,0.2620736180349838
100,1252,0.26343663487323493
100,1253,0.27054356696993803
100,1254,0.2441806744697482
100,1255,0.2837227645308472
100,1256,0.27472542226314545
100,1257,0.28842201413110247
100,1258,0.2565013059349947
100,1259,0.2804850721082022
100,1260,0.2682283153367597
100,1261,0.2749273874038874
100,1262,0.26791701968326126
100,1263,0.28880171581756237
100,1264,0.2873765036117199
100,1265,0.24799079985119576
100,1266,0.26306573110957476
100,1267,0.26724393839059873
100,1268,0.26427375265332154
100,1269,0.2567948796028315
100,1270,0.2992613377959229
100,1271,0.26578233339065727
100,1272,0.2809458770031153
100,1273,0.2802903659121935
100,1274,0.2385310523731764
100,1275,0.2631955101739529
100,1276,0.2601321661888167
100,1277,0.266435829012893
100,1278,0.25462190148442293
100,1279,0.251425820727681
100,1280,0.2535817661257677
100,1281,0.2617998303369034
100,1282,0.24802056578702705
100,1283,0.26753272428069
100,1284,0.2619935922151388
100,1285,0.29427389592625375
100,1286,0.2646169350590817
100,1287,0.27437844941782397
100,1288,0.25771989863972333
100,1289,0.28791009270867635
100,1290,0.26804273558217423
100,1291,0.28539690964443737
100,1292,0.281984006596166
100,1293,0.2605584509844004
100,1294,0.2784369477005892
100,1295,0.25308174587959464
100,1296,0.26574101039143494
100,1297,0.25266146347966306
100,1298,0.2461237210867017
100,1299,0.24634333821230156
100,1300,0.2585869895857434
100,1301,0.2811989105025003
100,1302,0.2747076517620752
100,1303,0.2810205456822418
100,1304,0.25679864024007043
100,1305,0.27244983821414237
100,1306,0.29196643309537756
100,1307,0.2773736410362776
100,1308,0.2576094723718111
100,1309,0.24846405934455784
100,1310,0.2751338273979897
100,1311,0.26491945600786876
100,1312,0.2566984864168389
100,1313,0.2601626217365265
100,1314,0.25825069463530254
100,1315,0.24885130760281585
100,1316,0.26482820233633353
100,1317,0.273856311343437
100,1318,0.26648066140884574
100,1319,0.27098003584285113
100,1320,0.24889693773070046
100,1321,0.2551237088303233
100,1322,0.2483772188425064
100,1323,0.27237652138222096
100,1324,0.2484702970399413
100,1325,0.26139057306356206
100,1326,0.25816842497781267
100,1327,0.23994178272957026
100,1328,0.2573151089424311
100,1329,0.2725456758987072
100,1330,0.26159371331680653
100,1331,0.2562792432862659
100,1332,0.24994568561398706
100,1333,0.26178916872933855
100,1334,0.25850483983062034
100,1335,0.24337628691695457
100,1336,0.2615153886551081
100,1337,0.2614279417104499
100,1338,0.2976185388343279
100,1339,0.2415315494980923
100,1340,0.2825094024802363
100,1341,0.2702586172625076
100,1342,0.27511597580687946
100,1343,0.2904318487921426
100,1344,0.28126925022103066
100,1345,0.26937331986981766
100,1346,0.29433167881743855
100,1347,0.2756033498187398
100,1348,0.25992436810981395
100,1349,0.2606156357499056
100,1350,0.26268141214237656
100,1351,0.276935240903566
100,1352,0.2736796480278636
100,1353,0.2584689100121343
100,1354,0.26238279495128364
100,1355,0.29176547846128775
100,1356,0.273414647856424
100,1357,0.25191848603791966
100,1358,0.27016605471455774
100,1359,0.26564056097074995
100,1360,0.273274443870367
100,1361,0.25014779040979784
100,1362,0.24820174380790355
100,1363,0.26461546157681665
100,1364,0.2837030270764994
100,1365,0.2512498158355092
100,1366,0.26310951141423955
100,1367,0.25934838070425875
100,1368,0.27224694850832915
100,1369,0.2591439423172973
100,1370,0.2602749224319014
100,1371,0.25618408966896145
100,1372,0.24925298053164816
100,1373,0.28035153206004654
100,1374,0.25660659442114275
100,1375,0.26176526310832
100,1376,0.23803445627523023
100,1377,0.21769591334254243
100,1378,0.2681072291939758
100,1379,0.2488981142293575
100,1380,0.25389535136001057
100,1381,0.2552296948987384
100,1382,0.2640350603087004
100,1383,0.27274938308915425
100,1384,0.2430534515269967
100,1385,0.2692881829516832
100,1386,0.24864296060661936
100,1387,0.27682873190835466
100,1388,0.26732566883397657
100,1389,0.28419853989468064
100,1390,0.2709587597569754
100,1391,0.295240628164868
100,1392,0.2664764423009961
100,1393,0.25878162647402564
100,1394,0.26689232573952787
100,1395,0.24302691914314448
100,1396,0.2576310613820719
100,1397,0.24976185865180436
100,1398,0.24352194819339487
100,1399,0.2720503314983013
100,1400,0.2351473181746727
100,1401,0.25955947090026943
100,1402,0.2738666201746741
100,1403,0.24755591015483058
100,1404,0.24365976244904275
100,1405,0.2507671824721403
100,1406,0.26332121117170465
100,1407,0.24774448261704557
100,1408,0.2528201154498167
100,1409,0.2564959921116053
100,1410,0.24979450640290282
100,1411,0.2588867524335551
100,1412,0.25150189566057785
100,1413,0.24676757184571999
100,1414,0.26386585970257603
100,1415,0.24778202661248142
100,1416,0.24464815855026245
100,1417,0.26358712828436565
100,1418,0.23593533836131872
100,1419,0.2626083181347958
100,1420,0.2524443625710731
100,1421,0.2749688815931941
100,1422,0.2450903903606326
100,1423,0.25688897107922753
100,1424,0.2572920270437418
100,1425,0.2678126983864363
100,1426,0.255305606958478
100,1427,0.2575589792672978
100,1428,0.25417395733123604
100,1429,0.26323731624802876
100,1430,0.25776113743005796
100,1431,0.2807940528836361
100,1432,0.2723344332256982
100,1433,0.23846282827299695
100,1434,0.2383365111295567
100,1435,0.25879206213840217
100,1436,0.27509375574976896
100,1437,0.25930000529732816
100,1438,0.26369293900423274
100,1439,0.2536657570406448
100,1440,0.2731322251087011
100,1441,0.2574128771937171
100,1442,0.24369654995064402
100,1443,0.2697571543760078
100,1444,0.2558889295472655
100,1445,0.2765487255745156
100,1446,0.27161034803057826
100,1447,0.27004714136899904
100,1448,0.26480467582857886
100,1449,0.26684452766595884
100,1450,0.259620712940083
100,1451,0.25553294184596037
100,1452,0.27665180245111154
100,1453,0.2763020590294239
100,1454,0.2623660928288171
100,1455,0.2767382520575856
100,1456,0.2579993633336799
100,1457,0.24383194675279218
100,1458,0.26798321618590243
100,1459,0.24611615302950837
100,1460,0.25857385161311125
100,1461,0.25879827107107917
100,1462,0.25973811295143395
100,1463,0.25639806965062784
100,1464,0.2601439956315728
100,1465,0.22325968880986058
100,1466,0.2516572562068008
100,1467,0.24695893013200096
100,1468,0.2511743369490601
100,1469,0.2566349093997201
100,1470,0.2543923452843067
100,1471,0.23676660033159477
100,1472,0.23873598007268684
100,1473,0.25338448272194974
100,1474,0.2364355180152627
100,1475,0.2387297586646191
100,1476,0.23932781988798185
100,1477,0.24514911964882252
100,1478,0.2453444880801578
100,1479,0.2572475935137549
100,1480,0.2530053036157475
100,1481,0.2724594598592714
100,1482,0.257753464371659
100,1483,0.267215630342794
100,1484,0.25735542316769444
100,1485,0.25525467894798104
100,1486,0.267578907484232
100,1487,0.28472581783006357
100,1488,0.2802640026391939
100,1489,0.2547850116740826
100,1490,0.29174689186173813
100,1491,0.25802696167036543
100,1492,0.267437057439671
100,1493,0.24151938391286273
100,1494,0.22519197505573893
100,1495,0.23723964011946388
100,1496,0.23975091964699502
100,1497,0.24533112866933957
100,1498,0.24174515937649926
100,1499,0.2519179638042006
100,1500,0.25136306570019834
100,1501,0.27074864506721497
100,1502,0.26119299856729283
100,1503,0.2583346581736276
100,1504,0.2600320674652277
100,1505,0.24826123756031657
100,1506,0.2629924700703732
100,1507,0.2507136477980503
100,1508,0.25735991985298867
100,1509,0.2501249105431313
100,1510,0.26965363878150317
100,1511,0.25256315705388094
100,1512,0.25603819517202153
100,1513,0.2405855932901072
100,1514,0.24335676951463833
100,1515,0.25080763115439303
100,1516,0.2684354650419812
100,1517,0.2380734138017477
100,1518,0.24677774483381315
100,1519,0.2552678176136904
100,1520,0.2502898296644521
100,1521,0.2212977121735728
100,1522,0.25416641665059464
100,1523,0.24590052733587664
100,1524,0.24375351916911991
100,1525,0.25861457128857457
100,1526,0.2716695687105489
100,1527,0.2423895663300226
100,1528,0.26309260240820953
100,1529,0.27303868740103965
100,1530,0.2625704702249793
100,1531,0.27496081244113835
100,1532,0.26465403167314305
100,1533,0.25183941112008207
100,1534,0.248060557038285
100,1535,0.25889386687167854
100,1536,0.23558632925499318
100,1537,0.25276802168336027
100,1538,0.2451971814382908
100,1539,0.24283060916634494
100,1540,0.26508122266725054
100,1541,0.23597601957099382
100,1542,0.24539136124211688
100,1543,0.26962747199590814
100,1544,0.27530957758426666
100,1545,0.2645171121802441
100,1546,0.26647855965204015
100,1547,0.2598344849985699
100,1548,0.2614213796549065
100,1549,0.2879884055880613
100,1550,0.25723088861897936
100,1551,0.26352192080298137
100,1552,0.24888425303059955
100,1553,0.2550944017116414
100,1554,0.257385321827822
100,1555,0.2684222376623819
100,1556,0.2606946950735048
100,1557,0.2484729480604793
100,1558,0.25417759875918544
100,1559,0.25088092754053515
100,1560,0.23277597163998803
100,1561,0.23227872716826062
100,1562,0.26371803533199223
100,1563,0.2647001667078151
100,1564,0.2705588264520778
100,1565,0.25704005707141964
100,1566,0.25933493569839833
100,1567,0.23822258482145708
100,1568,0.24298716007277024
100,1569,0.25013894813005316
100,1570,0.2558982250995414
100,1571,0.2442981562642164
100,1572,0.26157616737277006
100,1573,0.2571550871050635
100,1574,0.2566178007874378
100,1575,0.24932792228321696
100,1576,0.24372874858767488
100,1577,0.2432280591754026
100,1578,0.25798408791076305
100,1579,0.25688711813716003
100,1580,0.25599781960942025
100,1581,0.2533751289511836
100,1582,0.25849444020626156
100,1583,0.24175212203070176
100,1584,0.24182523336521414
100,1585,0.2482483501351157
100,1586,0.26952985137007957
100,1587,0.26553670403569246
100,1588,0.2649459762628688
100,1589,0.24128635886103608
100,1590,0.2442707537218582
100,1591,0.2562089749546938
100,1592,0.24870909577192263
100,1593,0.23607247929240383
100,1594,0.24024495759675668
100,1595,0.23866389310637184
100,1596,0.24052967824215113
100,1597,0.2637000160161839
100,1598,0.26393339176510655
100,1599,0.2582936761684196
100,1600,0.26107593469841534
100,1601,0.24656303885371186
100,1602,0.24988363995108492
100,1603,0.24342143847498782
100,1604,0.24354972811632378
100,1605,0.24263881666715756
100,1606,0.24492611025654992
100,1607,0.2534545361995697
100,1608,0.256240238977033
100,1609,0.24289532976095066
100,1610,0.2694757483726324
100,1611,0.23647978901863098
100,1612,0.2873839881531028
100,1613,0.2484077416187109
100,1614,0.25978728920914407
100,1615,0.25000571372897124
100,1616,0.2555183747480082
100,1617,0.2536410294299902
100,1618,0.24073581050994786
100,1619,0.24457159880981888
100,1620,0.24218946903250937
100,1621,0.249441102493641
100,1622,0.2517967158278754
100,1623,0.23054522969001948
100,1624,0.2448960029801657
100,1625,0.24549434524635935
100,1626,0.22644219218298448
100,1627,0.25350512945374776
100,1628,0.2321883051894432
100,1629,0.25593855214673417
100,1630,0.2563093013541643
100,1631,0.27069330908531364
100,1632,0.24595936682335165
100,1633,0.24733167436233786
100,1634,0.22911853637806204
100,1635,0.2639003046030222
100,1636,0.2586033160603324
100,1637,0.25993410341961437
100,1638,0.240224257458088
100,1639,0.2311222778503285
100,1640,0.27103740669960197
100,1641,0.23568429572637692
100,1642,0.2610035756992739
100,1643,0.25746906427449956
100,1644,0.23136219001093575
100,1645,0.24176253239775813
100,1646,0.2447778991488523
100,1647,0.26435973477918046
100,1648,0.23394031580104385
100,1649,0.2360081360783688
100,1650,0.2398907843717309
100,1651,0.24265947244888128
100,1652,0.25130287956359776
100,1653,0.26349352404128673
100,1654,0.2535808575014735
100,1655,0.24996146594369134
100,1656,0.2432547589374143
100,1657,0.23107200375823087
100,1658,0.2487126384363618
100,1659,0.24152442882227343
100,1660,0.23614110225854917
100,1661,0.2336139249247174
100,1662,0.25580226993838023
100,1663,0.23049140981463498
100,1664,0.25588799631872844
100,1665,0.2409891926271971
100,1666,0.24842401923135268
100,1667,0.23651523264341576
100,1668,0.25280719302421395
100,1669,0.22775007091289343
100,1670,0.2648524562286776
100,1671,0.2567774175211441
100,1672,0.24202702627625577
100,1673,0.25590604474378187
100,1674,0.26179137548734976
100,1675,0.267139243525128
100,1676,0.23752029621323875
100,1677,0.24994390197964603
100,1678,0.23300840584344643
100,1679,0.24087600860484812
100,1680,0.251417173895725
100,1681,0.263855179381925
100,1682,0.2457143712875455
100,1683,0.23955375995746878
100,1684,0.2512842212305513
100,1685,0.22127449962981913
100,1686,0.2586657831142115
100,1687,0.2456810387761094
100,1688,0.2596276984658352
100,1689,0.24063911271649738
100,1690,0.24091136316920436
100,1691,0.22199287456135416
100,1692,0.25007635528265043
100,1693,0.2628999283147413
100,1694,0.24116117316623067
100,1695,0.23562309249889019
100,1696,0.27096251207728717
100,1697,0.24057375691657842
100,1698,0.24351729036763656
100,1699,0.24151342379492383
100,1700,0.23711445789004482
100,1701,0.25541273036668466
100,1702,0.25045572810394817
100,1703,0.22315357278945835
100,1704,0.24292574788248816
100,1705,0.24572320663651756
100,1706,0.24827136099338531
100,1707,0.26145674912042394
100,1708,0.2535367109054743
100,1709,0.2350231890761575
100,1710,0.23971039819162945
100,1711,0.2500066382940425
100,1712,0.23426060101320578
100,1713,0.24337890259055203
100,1714,0.2629171367301497
100,1715,0.26062192230723624
100,1716,0.24973989468674326
100,1717,0.24090570869833924
100,1718,0.2515738211398901
100,1719,0.22172359602395877
100,1720,0.2434068828128105
100,1721,0.24191668698954027
100,1722,0.263015546770983
100,1723,0.2452262217222258
100,1724,0.25173390604728874
100,1725,0.24954543730547263
100,1726,0.24047305001768954
100,1727,0.26904585056526714
100,1728,0.25479769256225854
100,1729,0.26211712526720626
100,1730,0.2543158201977264
100,1731,0.23628608224003814
100,1732,0.23540933395540992
100,1733,0.2632383312596831
100,1734,0.2508348004762517
100,1735,0.21973011452098226
100,1736,0.25131962534993196
100,1737,0.2415346905242565
100,1738,0.24304995079373204
100,1739,0.2389488095460936
100,1740,0.23076374447622963
100,1741,0.24127105502195137
100,1742,0.24081809229628984
100,1743,0.275846965091173
100,1744,0.2765584906866384
100,1745,0.2451494273751281
100,1746,0.23985995109691177
100,1747,0.2411978937858759
100,1748,0.23538097739219666
100,1749,0.24447317386782447
100,1750,0.2383381585742152
100,1751,0.2606456498073977
100,1752,0.24766068472418673
100,1753,0.24648091335629307
100,1754,0.25723715230476024
100,1755,0.23714673588442248
100,1756,0.2519131503825964
100,1757,0.26115991660328797
100,1758,0.25174592781898586
100,1759,0.23132505389147026
100,1760,0.24158633656279985
100,1761,0.24856419584085776
100,1762,0.25279737593129625
100,1763,0.24009960751200832
100,1764,0.24898055126500684
100,1765,0.249589005875033
100,1766,0.2404546456974606
100,1767,0.26016972612502964
100,1768,0.2447679008162299
100,1769,0.2279642016388649
100,1770,0.2337526737950569
100,1771,0.24996600663939186
100,1772,0.2660547224588172
100,1773,0.24743773424348167
100,1774,0.24814711476481238
100,1775,0.23977272247159204
100,1776,0.2685349056887072
100,1777,0.2724000347215076
100,1778,0.2688885185607644
100,1779,0.2555637130903643
100,1780,0.2464745023915934
100,1781,0.23825678991716961
100,1782,0.26981981445190517
100,1783,0.24738411605358124
100,1784,0.25229857827341834
100,1785,0.23165076451246128
100,1786,0.23826283597668937
100,1787,0.23610067090322806
100,1788,0.23328865752663724
100,1789,0.26430783507435823
100,1790,0.2550099998019462
100,1791,0.23349954569062523
100,1792,0.2415581726750662
100,1793,0.24871051692685417
100,1794,0.22755834460258484
100,1795,0.2473584666501644
100,1796,0.24418852391631105
100,1797,0.24028442696083424
100,1798,0.2382946977781695
100,1799,0.24082932777183
100,1800,0.2677158352940582
100,1801,0.2562954952550489
100,1802,0.22674382460671802
100,1803,0.24208228740581247
100,1804,0.24125278411909593
100,1805,0.2499776669712954
100,1806,0.24544272103974984
100,1807,0.25701553669086724
100,1808,0.24021766490714494
100,1809,0.24309280861255733
100,1810,0.23975727551205214
100,1811,0.250565534414247
100,1812,0.25314050774241603
100,1813,0.22458772499893986
100,1814,0.2424726340659829
100,1815,0.2351417572692383
100,1816,0.24713517205659732
100,1817,0.2399506360985512
100,1818,0.24200679327166358
100,1819,0.23960451885711315
100,1820,0.248661958200987
100,1821,0.25560108658879305
100,1822,0.24475704514703087
100,1823,0.24080025387364765
100,1824,0.2570988771527313
100,1825,0.25999481594839763
100,1826,0.25558682271214417
100,1827,0.2433497167603914
100,1828,0.2365152406138043
100,1829,0.2684340241343476
100,1830,0.24311565867690152
100,1831,0.25049228515735894
100,1832,0.23929602670115094
100,1833,0.23743300035942433
100,1834,0.24030789178471232
100,1835,0.2547465375689573
100,1836,0.23725444424984066
100,1837,0.24829056096631427
100,1838,0.2496205249498057
100,1839,0.2461934522833935
100,1840,0.23741886227629905
100,1841,0.22276703770770584
100,1842,0.23192465236020643
100,1843,0.24712986447090327
100,1844,0.2570155775824258
100,1845,0.2422798095747482
100,1846,0.2364846682825754
100,1847,0.25048926749894784
100,1848,0.2347486985977306
100,1849,0.2307737237492273
100,1850,0.22564458153968633
100,1851,0.25146746670090875
100,1852,0.22620288334613622
100,1853,0.23444924694161082
100,1854,0.2448428446470305
100,1855,0.2306264531473781
100,1856,0.24520282308722652
100,1857,0.25273150344227635
100,1858,0.21909443375676177
100,1859,0.238229222768961
100,1860,0.2331748091897299
100,1861,0.2504162892352703
100,1862,0.24828894990821218
100,1863,0.22832573984944543
100,1864,0.2217504499956619
100,1865,0.2476011712190717
100,1866,0.24373239278793335
100,1867,0.23702268752940867
100,1868,0.23164163114026534
100,1869,0.2499534508516622
100,1870,0.24344214866327685
100,1871,0.24945142518642338
100,1872,0.23886241261349167
100,1873,0.2671304338200148
100,1874,0.2603833522907523
100,1875,0.24325434898221215
100,1876,0.2510471933109816
100,1877,0.24480736498222794
100,1878,0.2464155263678972
100,1879,0.25178737002749774
100,1880,0.25249943483707515
100,1881,0.22108917943266934
100,1882,0.23853437879750894
100,1883,0.23384342394595922
100,1884,0.23639164622439895
100,1885,0.25637893898542535
100,1886,0.24229296626046645
100,1887,0.24247334654941116
100,1888,0.24337480685045554
100,1889,0.2532217052093772
100,1890,0.24203292124493178
100,1891,0.23751794806746548
100,1892,0.2496062680039295
100,1893,0.23899660761966263
100,1894,0.23426366684048675
100,1895,0.22814888663070146
100,1896,0.25032668993916624
100,1897,0.24822694063186646
100,1898,0.2541453924983047
100,1899,0.24894203522870706
100,1900,0.25739554748978727
100,1901,0.2511120362337245
100,1902,0.22430074422858481
100,1903,0.2503358077171237
100,1904,0.2220068154639976
100,1905,0.23653638778730882
100,1906,0.23132252519906954
100,1907,0.23267972815868465
100,1908,0.2553085310514583
100,1909,0.22427012407502464
100,1910,0.2318256788475569
100,1911,0.24384999309861383
100,1912,0.23244742910529292
100,1913,0.2510618106570355
100,1914,0.2397634594939476
100,1915,0.24486593312995378
100,1916,0.231365081182746
100,1917,0.2377636294032252
100,1918,0.2517913514098456
100,1919,0.2300998963588892
100,1920,0.25312458221302475
100,1921,0.2569587528705597
100,1922,0.2407310410987499
100,1923,0.24576109509135402
100,1924,0.2306402498899504
100,1925,0.252236393301986
100,1926,0.2378850464904031
100,1927,0.22464965457140013
100,1928,0.2608888176984565
100,1929,0.23986691790957784
100,1930,0.21743316393952036
100,1931,0.23945314766362655
100,1932,0.24085095524787903
100,1933,0.22841698451097622
100,1934,0.2172677184260169
100,1935,0.2431634394235389
100,1936,0.2479220902503923
100,1937,0.23798085437264554
100,1938,0.22767684868601865
100,1939,0.2459347414415936
100,1940,0.24159517468408095
100,1941,0.2319280657657357
100,1942,0.24981640313946923
100,1943,0.22792255601217581
100,1944,0.22677186685939169
100,1945,0.23378223839194276
100,1946,0.24674677571585013
100,1947,0.21173176481280215
100,1948,0.25001464333645135
100,1949,0.24148301745569983
100,1950,0.22662051056706628
100,1951,0.2531584667605023
100,1952,0.2405943052713261
100,1953,0.24134767402050106
100,1954,0.25646690088649127
100,1955,0.22774294607861098
100,1956,0.24589668387590452
100,1957,0.24019682476686877
100,1958,0.2556221405434054
100,1959,0.25034295195756956
100,1960,0.253024734036867
100,1961,0.26074230116467145
100,1962,0.23914116690325182
100,1963,0.24806641700655915
100,1964,0.246074226706527
100,1965,0.22237809834092162
100,1966,0.2522235471148824
100,1967,0.24816372366838677
100,1968,0.223334348132444
100,1969,0.24674537639285243
100,1970,0.25104217058004336
100,1971,0.2403821307559346
100,1972,0.23280748378398808
100,1973,0.24180946377820747
100,1974,0.21763031808442848
100,1975,0.22028451568858567
100,1976,0.23758331772892974
100,1977,0.25024489885152773
100,1978,0.24181316862272662
100,1979,0.23478395301242208
100,1980,0.2156095012675884
100,1981,0.2348704483619956
100,1982,0.23429005367811337
100,1983,0.2264585793018341
100,1984,0.2460388395675393
100,1985,0.23499644876912582
100,1986,0.23661305252895798
100,1987,0.24477113887321117
100,1988,0.23498080740141314
100,1989,0.24886884141800014
100,1990,0.24031897409017697
100,1991,0.22758078159287917
100,1992,0.2554088851740194
100,1993,0.24889775278956391
100,1994,0.2414427025373592
100,1995,0.2510451539311298
100,1996,0.2532421603452328
100,1997,0.24127060036326564
100,1998,0.2398977321247722
100,1999,0.23544841277044873
100,2000,0.24507415918416756
100,2001,0.2404273620178533
100,2002,0.2431966198045154
100,2003,0.24618842643360758
100,2004,0.24092831306679305
100,2005,0.25794489820336186
100,2006,0.24045547045940577
100,2007,0.22732227555541104
100,2008,0.2556752666484478
100,2009,0.2330246241979821
100,2010,0.24410364724868952
100,2011,0.23231756929741348
100,2012,0.2331314433452695
100,2013,0.24662651780039765
100,2014,0.21375466363374576
100,2015,0.2426165259161661
100,2016,0.2331622249858324
100,2017,0.23653537242911582
100,2018,0.25578912607459137
100,2019,0.248460125091464
100,2020,0.22417280459126762
100,2021,0.21590466242890025
100,2022,0.21104355745537337
100,2023,0.23311159014701843
100,2024,0.22747971775919892
100,2025,0.22778181835662487
100,2026,0.23143188863299613
100,2027,0.23955396788064823
100,2028,0.23969232446925584
100,2029,0.23511926275353098
100,2030,0.22389352529547935
100,2031,0.25279653488203535
100,2032,0.21561683194581852
100,2033,0.2288511655358381
100,2034,0.2320727678232415
100,2035,0.2299408940381782
100,2036,0.24492696690004925
100,2037,0.22155005710069522
100,2038,0.2402591636014539
100,2039,0.23742855738761814
100,2040,0.2428343826255133
100,2041,0.2211744220450867
100,2042,0.22608912337658016
100,2043,0.21860868570416472
100,2044,0.2176145055266314
100,2045,0.23102630432261978
100,2046,0.21611242931942606
100,2047,0.2317903686401456
100,2048,0.23257064472797306
100,2049,0.22890716929768407
100,2050,0.23862888300141624
100,2051,0.2267445097135943
100,2052,0.2412062741296236
100,2053,0.22529187486615293
100,2054,0.24063939791779185
100,2055,0.2354823316252509
100,2056,0.2547440185796383
100,2057,0.2330741650143335
100,2058,0.24518573214841444
100,2059,0.2322600355675054
100,2060,0.22813168861145197
100,2061,0.25674510972444403
100,2062,0.23958695974460867
100,2063,0.2229020553965901
100,2064,0.24827586772829988
100,2065,0.2532337276741516
100,2066,0.22625926830047785
100,2067,0.2233190082533415
100,2068,0.22812457174755807
100,2069,0.21186817662660465
100,2070,0.23918369273806728
100,2071,0.22565249890782113
100,2072,0.23625826211862785
100,2073,0.21939516968505327
100,2074,0.22285157580708348
100,2075,0.24116589510163597
100,2076,0.24868767621905305
100,2077,0.26351575449455616
100,2078,0.2292763750220454
100,2079,0.23447155363337938
100,2080,0.257029440513877
100,2081,0.230803006610205
100,2082,0.22202468091665312
100,2083,0.23861652820609336
100,2084,0.23468863686849906
100,2085,0.25287872344948525
100,2086,0.2327493706414866
100,2087,0.22895456330720768
100,2088,0.22347483628017958
100,2089,0.2276543025360551
100,2090,0.24290446347968522
100,2091,0.23965696713259055
100,2092,0.2521822605022164
100,2093,0.2224036905654641
100,2094,0.27514502683351205
100,2095,0.215012606839801
100,2096,0.2337128020996271
100,2097,0.23365700591442196
100,2098,0.25144715572512427
100,2099,0.23238525071809457
100,2100,0.2367179740306943
101,1,1.5541506534398988
101,2,1.0996549656224806
101,3,0.9131862909294838
101,4,0.8887132835942645
101,5,0.8051452193149301
101,6,0.8073492826417435
101,7,0.7403863765472589
101,8,0.7416332322497701
101,9,0.6956715431324271
101,10,0.7058171754659608
101,11,0.683011626088342
101,12,0.6957198478454767
101,13,0.6487974621528803
101,14,0.6772073438001234
101,15,0.6806567643964013
101,16,0.6586308049601178
101,17,0.6886031793993573
101,18,0.662456847900568
101,19,0.6506335056105326
101,20,0.6565494301707245
101,21,0.6541527883951054
101,22,0.6224902466286061
101,23,0.6126434040624041
101,24,0.600360490554987
101,25,0.5869837722112966
101,26,0.5860018619271212
101,27,0.5877925462500994
101,28,0.6142157621161882
101,29,0.5479685664176941
101,30,0.5657081714896268
101,31,0.591866580552833
101,32,0.6030637580294942
101,33,0.568984376829724
101,34,0.5604768374631571
101,35,0.5662357543790063
101,36,0.5589189030403314
101,37,0.595110627107842
101,38,0.5882607448932736
101,39,0.5538424142571383
101,40,0.5722134037073269
101,41,0.5463982612587684
101,42,0.5576307648836181
101,43,0.5412640474563422
101,44,0.5632444925086443
101,45,0.5373578043871148
101,46,0.5312887305437133
101,47,0.5312246444613434
101,48,0.5528797853824704
101,49,0.5396528576695642
101,50,0.5697467909302822
101,51,0.5119877714057302
101,52,0.543701360392016
101,53,0.5128718337347341
101,54,0.5080911773581838
101,55,0.5385284479274306
101,56,0.530907481215721
101,57,0.49515442376913027
101,58,0.5449971958648326
101,59,0.516854849665664
101,60,0.5293683187906132
101,61,0.507790495489919
101,62,0.5209797995035038
101,63,0.5346404161564139
101,64,0.5382067658180414
101,65,0.524094435364701
101,66,0.5010272832803948
101,67,0.5097738130148067
101,68,0.49692151920739996
101,69,0.4942022652127022
101,70,0.4862427614455999
101,71,0.5086363138154496
101,72,0.48878627253133194
101,73,0.4894296707108963
101,74,0.524076115946437
101,75,0.485290642394576
101,76,0.5077576983806699
101,77,0.4873940279317457
101,78,0.522935921369597
101,79,0.5089361681494602
101,80,0.5088153599306594
101,81,0.49286128961762715
101,82,0.49107121104417845
101,83,0.48567335550175156
101,84,0.48798557422881905
101,85,0.497298750766488
101,86,0.48497146368026733
101,87,0.47021566227424977
101,88,0.4760126145773156
101,89,0.4793388739574787
101,90,0.4587043094080548
101,91,0.4839134195516276
101,92,0.4790159138136132
101,93,0.47572696070338405
101,94,0.46301084618235744
101,95,0.4704183755918991
101,96,0.4994096409442813
101,97,0.48462580456290133
101,98,0.4720997768779134
101,99,0.4985698184301687
101,100,0.47043451944062875
101,101,0.4882350647172263
101,102,0.49575118963108505
101,103,0.4625439941883087
101,104,0.4719998420670975
101,105,0.44757200049799545
101,106,0.4731223832729251
101,107,0.45445945789647657
101,108,0.4409636806610019
101,109,0.4584574394447859
101,110,0.4483851922112842
101,111,0.46976158854573274
101,112,0.473165268814841
101,113,0.473040709661883
101,114,0.44777644789496135
101,115,0.4708901068498922
101,116,0.48829555788705514
101,117,0.44344875147176344
101,118,0.43544582294863327
101,119,0.45256242017413295
101,120,0.46282223906627923
101,121,0.41860445086346115
101,122,0.41433274330094805
101,123,0.44980339948521103
101,124,0.4485871022523836
101,125,0.47987147056779195
101,126,0.4769269824028015
101,127,0.46127281840457474
101,128,0.46379722065703816
101,129,0.44890124021574507
101,130,0.430838874606199
101,131,0.4351737374483153
101,132,0.4575051831644635
101,133,0.43589807527009833
101,134,0.43161585303240046
101,135,0.4564482077609661
101,136,0.4654119153355443
101,137,0.4588261842727661
101,138,0.4387504264365795
101,139,0.4462036109247873
101,140,0.45361832546633346
101,141,0.45098656693170236
101,142,0.4099476864171583
101,143,0.4217215769512709
101,144,0.42918673365615134
101,145,0.4547329510367194
101,146,0.43039385315983797
101,147,0.4648579996685649
101,148,0.4287962393705235
101,149,0.43286768641582757
101,150,0.4441275839195695
101,151,0.4325753935547762
101,152,0.43070601100145384
101,153,0.4377182403276133
101,154,0.4366294831730599
101,155,0.4374852630981179
101,156,0.44052409848501517
101,157,0.4307135967321174
101,158,0.4278700982415399
101,159,0.41924506980319354
101,160,0.42852451842884687
101,161,0.41360708170158916
101,162,0.4391151084456333
101,163,0.4295961316241774
101,164,0.4193656680195831
101,165,0.4356757277666136
101,166,0.4278990383758101
101,167,0.4422260210957638
101,168,0.43606220428333725
101,169,0.4246543479520221
101,170,0.44294487043868663
101,171,0.42618442413418794
101,172,0.4393057774665744
101,173,0.43965766665547396
101,174,0.44310459355975307
101,175,0.43549986772759014
101,176,0.4413260138312051
101,177,0.42408442913099775
101,178,0.42324302847995315
101,179,0.40893836215484974
101,180,0.43179894879806874
101,181,0.43864254064338154
101,182,0.4240453173947889
101,183,0.3894357313943464
101,184,0.4166994697825853
101,185,0.4098393397275792
101,186,0.40923422852227853
101,187,0.4267496757729109
101,188,0.4156461053116377
101,189,0.4075560618278592
101,190,0.4314513178758843
101,191,0.3870893120765686
101,192,0.40783634712529737
101,193,0.39659567835719084
101,194,0.4105410298635793
101,195,0.4177017710929693
101,196,0.4040302121362021
101,197,0.4074208126511685
101,198,0.4189996317375538
101,199,0.40846349888069683
101,200,0.41476770819619646
101,201,0.4375083654425865
101,202,0.41356698302335515
101,203,0.42327695391898934
101,204,0.3888473635496095
101,205,0.38458835316258805
101,206,0.4195676452891771
101,207,0.4017656133618466
101,208,0.4094640695771506
101,209,0.42237704715063407
101,210,0.40341095938238986
101,211,0.39943189468494683
101,212,0.40493987535321435
101,213,0.3966820045959118
101,214,0.42093863806059195
101,215,0.4320214300654655
101,216,0.41668467882067656
101,217,0.39399797625319904
101,218,0.4067167709040087
101,219,0.3840890415879183
101,220,0.40653066718301106
101,221,0.408057618972867
101,222,0.4021592909513518
101,223,0.3816226346548213
101,224,0.42574122478795606
101,225,0.4204654111418613
101,226,0.42158564440039703
101,227,0.40169265450433245
101,228,0.39245205563168195
101,229,0.40128707123357193
101,230,0.40785347583682036
101,231,0.3922975596993469
101,232,0.3784912949384645
101,233,0.3646145012489585
101,234,0.3843898398931636
101,235,0.38824295651081
101,236,0.4101669344791146
101,237,0.42010424857915835
101,238,0.3892513506634291
101,239,0.4115843960019045
101,240,0.3847935872022496
101,241,0.39794632861780566
101,242,0.42171093267063764
101,243,0.4085715267547341
101,244,0.4112087987190069
101,245,0.387801049753677
101,246,0.39588862172392913
101,247,0.3890104002730791
101,248,0.3882484754850698
101,249,0.39764429109041083
101,250,0.3955444118311239
101,251,0.4230314853579499
101,252,0.42745358930077665
101,253,0.39893862327864005
101,254,0.399654513181642
101,255,0.3928772564544234
101,256,0.40711928037709966
101,257,0.4037190987620243
101,258,0.41946431093437725
101,259,0.3974561476430228
101,260,0.3815600033416304
101,261,0.39189750441285065
101,262,0.3712489667326905
101,263,0.38807925789855247
101,264,0.3790182360382967
101,265,0.4009512004464172
101,266,0.39002361755038417
101,267,0.38829497819723086
101,268,0.3901830468066903
101,269,0.36788381670796594
101,270,0.40376460968061934
101,271,0.36779460449551427
101,272,0.35546090644459394
101,273,0.37551607226216516
101,274,0.38037246257759805
101,275,0.3855459003947502
101,276,0.3840918728085451
101,277,0.41127106270124747
101,278,0.3797459200371143
101,279,0.39886387143024177
101,280,0.4006918239039044
101,281,0.38339123545691023
101,282,0.42462006904358085
101,283,0.3844738678876744
101,284,0.376298505899518
101,285,0.37142791443092876
101,286,0.39375381968742196
101,287,0.4064182944076006
101,288,0.4087029924226362
101,289,0.37824967919394026
101,290,0.4055250813794691
101,291,0.38540632572284966
101,292,0.40131468689718913
101,293,0.39333650677703147
101,294,0.37769052039745243
101,295,0.37127444633217743
101,296,0.3990732237350109
101,297,0.4126478641532188
101,298,0.40679401089978773
101,299,0.390026985212814
101,300,0.3822703021903371
101,301,0.39993325430293414
101,302,0.3881355184455251
101,303,0.3746310971504034
101,304,0.3861384745254073
101,305,0.37923411089320513
101,306,0.38402204596719075
101,307,0.3904570687648862
101,308,0.3547125458717346
101,309,0.3675373487694319
101,310,0.3707917727703272
101,311,0.3577406073725501
101,312,0.3681297420069229
101,313,0.36596442169921345
101,314,0.36634791451831195
101,315,0.3750331942425218
101,316,0.3662169229152591
101,317,0.3839034694571828
101,318,0.36969831793807273
101,319,0.38806521199470345
101,320,0.36075310790261556
101,321,0.3794208369975866
101,322,0.3787291230157364
101,323,0.37988506569418795
101,324,0.3876500448515249
101,325,0.366822864427123
101,326,0.38504742536433906
101,327,0.4013741910457611
101,328,0.37777113567951115
101,329,0.3701848623364471
101,330,0.3826105352057967
101,331,0.3773094533487808
101,332,0.37483704367349313
101,333,0.3993228965027388
101,334,0.396651029586792
101,335,0.3741715072199356
101,336,0.3823363815629205
101,337,0.37601701534071635
101,338,0.3809550279794737
101,339,0.3755899688532186
101,340,0.36959670102873515
101,341,0.35571382142776664
101,342,0.3563826569291048
101,343,0.35930855260338895
101,344,0.3551985926406328
101,345,0.3834226304708525
101,346,0.377210411221482
101,347,0.3465902299381966
101,348,0.39494207570719164
101,349,0.3739874044130015
101,350,0.3635935707147731
101,351,0.3789323381213255
101,352,0.37369455015936565
101,353,0.4004655965538912
101,354,0.3539141284865002
101,355,0.3941343128681183
101,356,0.3926076923691949
101,357,0.3661178461340971
101,358,0.374177370653596
101,359,0.3512463084487028
101,360,0.3652445258096207
101,361,0.34739724841228753
101,362,0.3677191318467606
101,363,0.38494527270627577
101,364,0.4077906982843266
101,365,0.37279036571813184
101,366,0.3787443623986355
101,367,0.3649607176004454
101,368,0.36289847936741143
101,369,0.38959057940993197
101,370,0.37201057339823523
101,371,0.36949569957200873
101,372,0.38310813487962236
101,373,0.366390585899353
101,374,0.365539294342662
101,375,0.365257122488909
101,376,0.36886788384858954
101,377,0.35680636139803157
101,378,0.3926206238048021
101,379,0.34613006683283076
101,380,0.38282491024150406
101,381,0.3760818492534549
101,382,0.3583507399226344
101,383,0.3744219548480455
101,384,0.372825097206027
101,385,0.37055969307588976
101,386,0.35342038370842155
101,387,0.3512666377910348
101,388,0.3649224777554357
101,389,0.3723576335712921
101,390,0.34291450436725174
101,391,0.35084131221438564
101,392,0.3385204451028691
101,393,0.3617113766282104
101,394,0.33245438406633776
101,395,0.3700111307377039
101,396,0.3727530303389527
101,397,0.35290463788564813
101,398,0.38695403586986454
101,399,0.3630471479061038
101,400,0.3829347359579663
101,401,0.3459563525610192
101,402,0.3541731189849765
101,403,0.3826321204041326
101,404,0.3499565436396488
101,405,0.3680867954742077
101,406,0.3655935997186705
101,407,0.36923686917438064
101,408,0.36565104334853415
101,409,0.3743713941684989
101,410,0.34207488977631856
101,411,0.3651779349460158
101,412,0.3629219816174618
101,413,0.35156565627386405
101,414,0.36638915261556937
101,415,0.36465268772701886
101,416,0.3627584063729575
101,417,0.3856608167637226
101,418,0.3604736972686856
101,419,0.3759296009706896
101,420,0.35856444683185845
101,421,0.3659537254377853
101,422,0.35810398708942326
101,423,0.3465770510740058
101,424,0.3666160591813021
101,425,0.3453401715256447
101,426,0.3574470073677773
101,427,0.3535196074219637
101,428,0.33687189498613046
101,429,0.34664443135261536
101,430,0.37688161883243293
101,431,0.3688665635364
101,432,0.3348078048506448
101,433,0.3511368445185728
101,434,0.3411247085693271
101,435,0.36407707458318667
101,436,0.35950200571570284
101,437,0.3827803862649341
101,438,0.3480402397554974
101,439,0.3669901836750119
101,440,0.33732849428820055
101,441,0.3678958194200383
101,442,0.36095557309860404
101,443,0.35910901773807613
101,444,0.3433881797069727
101,445,0.3513623385928398
101,446,0.35664633193681405
101,447,0.37217132158057636
101,448,0.3462704731974491
101,449,0.3581446180509966
101,450,0.37094552641691164
101,451,0.3622905106045479
101,452,0.3434886551180551
101,453,0.35852334873620856
101,454,0.3523957604585692
101,455,0.3514818008555922
101,456,0.3598007261753082
101,457,0.33494110717329867
101,458,0.3721036086248797
101,459,0.33806880268939704
101,460,0.3476978838443756
101,461,0.34840002240136614
101,462,0.36059988792552505
101,463,0.33264586468075596
101,464,0.3376164831394373
101,465,0.35539189119671666
101,466,0.3476429124211156
101,467,0.3328029631182205
101,468,0.3211322433726732
101,469,0.3445357652597649
101,470,0.34224306358847506
101,471,0.33329137120135993
101,472,0.36207047174143236
101,473,0.3339930717335191
101,474,0.3282643667487211
101,475,0.3316912470861923
101,476,0.321323728145555
101,477,0.35516615108002064
101,478,0.32376226990721946
101,479,0.32889158157415166
101,480,0.3341061472892761
101,481,0.3652226100134295
101,482,0.3459200339261876
101,483,0.35053227391353875
101,484,0.3586436919001646
101,485,0.35399242195972175
101,486,0.3544343820838041
101,487,0.31602550661841106
101,488,0.32958941681440485
101,489,0.3222013129744419
101,490,0.3182279952736788
101,491,0.34744037583816884
101,492,0.3648313512635786
101,493,0.32530647654866063
101,494,0.32999376987302026
101,495,0.33358725766802944
101,496,0.3480673508588658
101,497,0.3343353098215059
101,498,0.3598409163397412
101,499,0.33642256051995034
101,500,0.3374056330946989
101,501,0.3503766413344893
101,502,0.32466366263323054
101,503,0.3419396378273188
101,504,0.34304844293483466
101,505,0.32371113328046575
101,506,0.3386142025160235
101,507,0.33827154373013696
101,508,0.3330037295818329
101,509,0.35680130401323007
101,510,0.31859808605770734
101,511,0.33659051185430483
101,512,0.34316047402315364
101,513,0.32857205216274704
101,514,0.34812907008237615
101,515,0.3307575028996135
101,516,0.33280453432437984
101,517,0.3258939461652623
101,518,0.3407762029836344
101,519,0.3411753482596819
101,520,0.3651026244773421
101,521,0.33268831843553587
101,522,0.3744908099950746
101,523,0.3334022296029468
101,524,0.3328453406345013
101,525,0.34829747330310734
101,526,0.3258389442466026
101,527,0.3132225101770357
101,528,0.3426785607670629
101,529,0.31803556514340775
101,530,0.3363280171571776
101,531,0.3250103849311208
101,532,0.32605373097020524
101,533,0.3218426863814509
101,534,0.34321502266928205
101,535,0.33828954571901365
101,536,0.33151794450227606
101,537,0.335767783397852
101,538,0.33597914146822555
101,539,0.33768228874650114
101,540,0.3381858849248221
101,541,0.33774221983066827
101,542,0.32027029783226724
101,543,0.33773675907489864
101,544,0.32405371998631677
101,545,0.3217770762221758
101,546,0.31701428945674454
101,547,0.3328008312125539
101,548,0.3353301834228427
101,549,0.3272281982177912
101,550,0.3344524038392444
101,551,0.3276573710663374
101,552,0.3345250993273979
101,553,0.32471979634706366
101,554,0.348372969516488
101,555,0.3005396848501161
101,556,0.32462400613829145
101,557,0.32031395546225616
101,558,0.33698651471803354
101,559,0.33503738877385164
101,560,0.36879224624744683
101,561,0.34199827355007795
101,562,0.340080329845118
101,563,0.3325163167576457
101,564,0.3464423792306767
101,565,0.3380116265873576
101,566,0.3167265057563782
101,567,0.3201554403748623
101,568,0.31870116605315096
101,569,0.3151471905930098
101,570,0.3481074516163316
101,571,0.32688287732213045
101,572,0.32724233318206875
101,573,0.3460386984570082
101,574,0.331230467835138
101,575,0.32033188814340635
101,576,0.32600709795951843
101,577,0.31205142237419303
101,578,0.31100755791331447
101,579,0.33016645839047987
101,580,0.3393529556518377
101,581,0.3341713034829428
101,582,0.32787479564201
101,583,0.3110432077285855
101,584,0.3105616087830344
101,585,0.29933576008608176
101,586,0.35150534676951034
101,587,0.3422419366448425
101,588,0.3277985779351966
101,589,0.3358482933321664
101,590,0.335200602925101
101,591,0.3263402775276539
101,592,0.3329179432503013
101,593,0.3299887180328369
101,594,0.31244787157968035
101,595,0.3145124738992647
101,596,0.3502646358900292
101,597,0.32788944660231123
101,598,0.31393846384314605
101,599,0.31902538829071575
101,600,0.3235146167666413
101,601,0.33595963758091596
101,602,0.3128180032552675
101,603,0.345974056526672
101,604,0.33476041084112124
101,605,0.312301940696184
101,606,0.3344075652055962
101,607,0.30691512240919955
101,608,0.322504565466282
101,609,0.35754178776297457
101,610,0.31637884364571683
101,611,0.3159744628640108
101,612,0.30485700313435043
101,613,0.3018868115059165
101,614,0.3318226323571316
101,615,0.3179052964199421
101,616,0.30622247831766
101,617,0.3173022956349129
101,618,0.31311117424521334
101,619,0.3276962104231812
101,620,0.30496051145154374
101,621,0.3040051799873973
101,622,0.31438648423483206
101,623,0.3284067490766215
101,624,0.32300624944442924
101,625,0.32060978024504905
101,626,0.3453936888728031
101,627,0.3116306198197742
101,628,0.3431135776431061
101,629,0.31789720751518424
101,630,0.3184029619361079
101,631,0.3355530264765717
101,632,0.33399240291395854
101,633,0.33625525998514755
101,634,0.33451989916867986
101,635,0.3285779176756393
101,636,0.3283252362595048
101,637,0.32916800643122474
101,638,0.3294816710228144
101,639,0.319558908773023
101,640,0.33167209736136505
101,641,0.3198315515074619
101,642,0.329187260810719
101,643,0.3014845182729322
101,644,0.31937218405479606
101,645,0.3202003122762192
101,646,0.29055705597234327
101,647,0.3235504155935243
101,648,0.300587231336638
101,649,0.32007602203723995
101,650,0.304706227640773
101,651,0.332033937753633
101,652,0.3200348088907641
101,653,0.30735501854918723
101,654,0.3125820305458335
101,655,0.3195770687835161
101,656,0.3197417390900989
101,657,0.3019480989422909
101,658,0.3096176815587421
101,659,0.32311016390489977
101,660,0.32000854472781337
101,661,0.33252936185792437
101,662,0.31071136025495305
101,663,0.30852198600769043
101,664,0.2911579179209332
101,665,0.3169826359249825
101,666,0.30710293941719585
101,667,0.29503271815388704
101,668,0.3374961940355079
101,669,0.3058901862349621
101,670,0.3294095459372498
101,671,0.30803812173909917
101,672,0.29812762903612716
101,673,0.3348407585953557
101,674,0.3268199978872787
101,675,0.33793692464052244
101,676,0.3331348445526389
101,677,0.33057279295699543
101,678,0.31111795056697933
101,679,0.30023855178855186
101,680,0.3382390980110612
101,681,0.3206597899281701
101,682,0.3086614733518556
101,683,0.31935021905011907
101,684,0.31084959936696427
101,685,0.3173273503780365
101,686,0.3181806366110957
101,687,0.3124739278194516
101,688,0.33806418332942695
101,689,0.32183578125266143
101,690,0.32786529632501826
101,691,0.3233181543128435
101,692,0.3287913376508757
101,693,0.3226767175419386
101,694,0.32489244535911915
101,695,0.31473440486331317
101,696,0.3123017202976138
101,697,0.3084847802339598
101,698,0.3067984137424203
101,699,0.30975854812666426
101,700,0.2955999914989915
101,701,0.30740541774173114
101,702,0.3241575360298157
101,703,0.3277631381223368
101,704,0.3137170325878055
101,705,0.31174125782279083
101,706,0.29002035981000857
101,707,0.32255131214164023
101,708,0.31111674877100215
101,709,0.3120332173136778
101,710,0.3065034913462262
101,711,0.310457696055257
101,712,0.3122344093267308
101,713,0.3226138006809146
101,714,0.3040902247262556
101,715,0.306965401352838
101,716,0.2760899066925049
101,717,0.2976775418880374
101,718,0.2897919804550881
101,719,0.2941310786923697
101,720,0.2833523306735726
101,721,0.30709796450858895
101,722,0.31330472923988517
101,723,0.29774994697681695
101,724,0.30807211648586186
101,725,0.3032725051391956
101,726,0.3103521424670552
101,727,0.30092682325562764
101,728,0.32817473868991054
101,729,0.2982007674006529
101,730,0.29671689382819244
101,731,0.287213301242784
101,732,0.29144764639610465
101,733,0.29200313396232075
101,734,0.30629435389540915
101,735,0.32356822559999865
101,736,0.3186962029268575
101,737,0.2844384998776192
101,738,0.30655458153680315
101,739,0.30266378715980885
101,740,0.28379428871842316
101,741,0.31377097617748173
101,742,0.30340238920477935
101,743,0.29969406751699224
101,744,0.3089662824952325
101,745,0.300485116104747
101,746,0.322344723135926
101,747,0.31349310278892517
101,748,0.29314959534378937
101,749,0.31372076342272204
101,750,0.3055641540261202
101,751,0.3098766803741455
101,752,0.31001611989597944
101,753,0.32773661197618
101,754,0.3084228697211243
101,755,0.3042553212753562
101,756,0.30963185360265333
101,757,0.329988781102868
101,758,0.30044039668038836
101,759,0.30351656328800114
101,760,0.31962141879769257
101,761,0.32181514972864195
101,762,0.3218420168688131
101,763,0.3151610389698383
101,764,0.3289207254731378
101,765,0.2939204525115878
101,766,0.31614644374958306
101,767,0.3217001581607863
101,768,0.30979849155559097
101,769,0.3095384309458178
101,770,0.3142573168111402
101,771,0.3098930765029996
101,772,0.3219434605088345
101,773,0.29932522773742676
101,774,0.31648901867312057
101,775,0.30846327751181846
101,776,0.28922572454740836
101,777,0.29873161468394965
101,778,0.29467332709667293
101,779,0.3253832445588223
101,780,0.29748211004013236
101,781,0.3047679829043011
101,782,0.29784891771715744
101,783,0.3037777841091156
101,784,0.3036332802717076
101,785,0.29858247762502627
101,786,0.2997857734214428
101,787,0.299518872832143
101,788,0.2815635644419249
101,789,0.29631219353786736
101,790,0.3102404599966005
101,791,0.30261491065801577
101,792,0.31094567720280136
101,793,0.3107094404309295
101,794,0.31033019132392353
101,795,0.3123322732226793
101,796,0.2964833101560903
101,797,0.29799805962762166
101,798,0.32429522206616956
101,799,0.30150807874147284
101,800,0.3215212634829588
101,801,0.3196692404358886
101,802,0.29564990345821823
101,803,0.3056521124617998
101,804,0.32125628860883937
101,805,0.31233816715173945
101,806,0.30673279180083163
101,807,0.3103169805781786
101,808,0.3015024426371552
101,809,0.3134922911954481
101,810,0.31029308951178264
101,811,0.3051765928434771
101,812,0.3045311480067497
101,813,0.2888040209925452
101,814,0.3022575932879781
101,815,0.31050604789756064
101,816,0.31464212301165556
101,817,0.32211067579513375
101,818,0.2934768795967102
101,819,0.31284572149431983
101,820,0.32627858464107956
101,821,0.2984168023564095
101,822,0.3156751421994941
101,823,0.3001644486604735
101,824,0.2881600766680961
101,825,0.2973961746969888
101,826,0.3016782132692115
101,827,0.2881119071051132
101,828,0.3019867483959642
101,829,0.30172752225121785
101,830,0.2905004994813786
101,831,0.30521675597789677
101,832,0.2903256589590117
101,833,0.3103034967599913
101,834,0.3094671784445297
101,835,0.31548400396524473
101,836,0.3001996029255002
101,837,0.28912865734377574
101,838,0.2881844501162684
101,839,0.2950255101503328
101,840,0.2862094439739405
101,841,0.2828275498955749
101,842,0.2896059730718302
101,843,0.3144352255865585
101,844,0.2978530047937881
101,845,0.3082645663688349
101,846,0.292393566564072
101,847,0.32454683960870256
101,848,0.3252510996752007
101,849,0.3070718767338021
101,850,0.29178239994270855
101,851,0.3066966367322345
101,852,0.30462263836417086
101,853,0.30423912752506344
101,854,0.32353217310683674
101,855,0.2828327722327654
101,856,0.30260140327520146
101,857,0.2830655865891035
101,858,0.28403107717979786
101,859,0.2889523325964462
101,860,0.303562262030535
101,861,0.28437844958416253
101,862,0.29984203258226083
101,863,0.2931046208669973
101,864,0.30060216576554055
101,865,0.31460305909777797
101,866,0.28668628598368445
101,867,0.2812909504701925
101,868,0.28897567335949387
101,869,0.291232296893763
101,870,0.296026362236156
101,871,0.29468408642813215
101,872,0.3037133674288905
101,873,0.303670278815336
101,874,0.29640975317289664
101,875,0.2725271735080453
101,876,0.29600017292554986
101,877,0.2814164681490077
101,878,0.28457453708316005
101,879,0.2925082292667655
101,880,0.2923002624234488
101,881,0.29371231170587764
101,882,0.28238047901974167
101,883,0.30809485981630724
101,884,0.28498090976892515
101,885,0.28854046242181647
101,886,0.28116675656895307
101,887,0.2774571897678597
101,888,0.29488321099170417
101,889,0.30407893103222516
101,890,0.29773337411326034
101,891,0.283445734617322
101,892,0.31303075025247973
101,893,0.2915646925915119
101,894,0.29135842517364857
101,895,0.31138220360112745
101,896,0.29400813440943874
101,897,0.30140122701955396
101,898,0.30964203975921456
101,899,0.30047397835310113
101,900,0.296602958856627
101,901,0.3154016511384831
101,902,0.31736244087995485
101,903,0.28072867941024693
101,904,0.2855905467687651
101,905,0.2863675487595935
101,906,0.26710461114728173
101,907,0.28847541712051217
101,908,0.2790272658647493
101,909,0.28711656082508175
101,910,0.282074861748274
101,911,0.27372493924096575
101,912,0.2838020044010739
101,913,0.28076200707014215
101,914,0.2907104949618495
101,915,0.3031966000102287
101,916,0.29286031528960826
101,917,0.2900636071382567
101,918,0.30319711462009785
101,919,0.28915368678957915
101,920,0.28375795830127803
101,921,0.3212610857431279
101,922,0.29385841516561284
101,923,0.2902461290359497
101,924,0.2950734184231869
101,925,0.3060425783312598
101,926,0.28245112577150033
101,927,0.2893433085707731
101,928,0.28902635948602545
101,929,0.2981995836246845
101,930,0.3163384046665458
101,931,0.2969899974590124
101,932,0.29609561035799425
101,933,0.28895546461260596
101,934,0.2831389928279921
101,935,0.31081424341645353
101,936,0.3340109753054242
101,937,0.2977187113706456
101,938,0.28297607496727345
101,939,0.30010713671529016
101,940,0.31460272434145903
101,941,0.2664458834847739
101,942,0.28305816996929256
101,943,0.2894013641878616
101,944,0.29310129548228064
101,945,0.306573000065116
101,946,0.29532663489496985
101,947,0.3021450510551763
101,948,0.29418720339619836
101,949,0.29359567026759303
101,950,0.31068193080813383
101,951,0.29043124165645867
101,952,0.2919966238875722
101,953,0.29960792009220566
101,954,0.28719544168128525
101,955,0.3013763919819233
101,956,0.2713508162387582
101,957,0.28865445076033125
101,958,0.3007427155971527
101,959,0.2759859731724096
101,960,0.2884343661541163
101,961,0.286346050888993
101,962,0.30728086136108224
101,963,0.27691497844319013
101,964,0.2969153689783673
101,965,0.3044127153102742
101,966,0.2966692912024121
101,967,0.285617298165033
101,968,0.27890072104542757
101,969,0.29708724659542707
101,970,0.2956838850365129
101,971,0.2747218123702116
101,972,0.28384790725486225
101,973,0.29811220390852106
101,974,0.29520712827527246
101,975,0.2873922766641129
101,976,0.2879259336826413
101,977,0.28539345500081087
101,978,0.28710479861082033
101,979,0.2815241279990174
101,980,0.29694624764974725
101,981,0.2838888702004455
101,982,0.28849642845087276
101,983,0.29600359256877457
101,984,0.291436993105467
101,985,0.2859435739905335
101,986,0.2909221864023874
101,987,0.2796604279861894
101,988,0.3092320609924405
101,989,0.26603941030280537
101,990,0.25372600278189017
101,991,0.2875034098708352
101,992,0.3037965013537296
101,993,0.29588285088539124
101,994,0.2919374447922374
101,995,0.2791930603426556
101,996,0.2811388213967168
101,997,0.2593153001264084
101,998,0.2759037218814672
101,999,0.2856463207754978
101,1000,0.2862411647341972
101,1001,0.27839400879172393
101,1002,0.27928581002146696
101,1003,0.27317236121310745
101,1004,0.2800636596457903
101,1005,0.27523686511572015
101,1006,0.2881868544013001
101,1007,0.2837677383145621
101,1008,0.2761359956375388
101,1009,0.30245520832926726
101,1010,0.2990433213322662
101,1011,0.28201585037763727
101,1012,0.2719419016394504
101,1013,0.2966408285983773
101,1014,0.2981860187164573
101,1015,0.2754414518212163
101,1016,0.28709696025349374
101,1017,0.2972105436546858
101,1018,0.28312420359877655
101,1019,0.2863350233366323
101,1020,0.262961441694304
101,1021,0.29219130998434023
101,1022,0.26938455465228056
101,1023,0.2888951558013295
101,1024,0.29891172328660653
101,1025,0.2865127640408139
101,1026,0.2992669371671455
101,1027,0.27915890064350396
101,1028,0.29001085702763046
101,1029,0.28030284268911493
101,1030,0.28566685041715933
101,1031,0.2905665878639665
101,1032,0.27524328786273333
101,1033,0.28122247166411823
101,1034,0.2901569604873657
101,1035,0.2773701652537945
101,1036,0.2987974909848945
101,1037,0.30428235891253447
101,1038,0.28476267152054363
101,1039,0.2906185042026431
101,1040,0.2969156545262004
101,1041,0.2851254683594371
101,1042,0.28376357326673907
101,1043,0.29256508586018587
101,1044,0.26562663254349733
101,1045,0.2988932118859402
101,1046,0.2794592449831408
101,1047,0.28512305991594183
101,1048,0.29943085895028226
101,1049,0.2905529044395269
101,1050,0.29943645658881163
101,1051,0.29128162181654643
101,1052,0.27258870837300325
101,1053,0.266345506490663
101,1054,0.28394908198090485
101,1055,0.30140520944151766
101,1056,0.27773518132608993
101,1057,0.29946923533151315
101,1058,0.29720398090606515
101,1059,0.3085965070613595
101,1060,0.289627872234167
101,1061,0.29930427046709285
101,1062,0.2718253444100535
101,1063,0.2760680511940357
101,1064,0.25854316284490186
101,1065,0.2829358057920323
101,1066,0.2817578558311906
101,1067,0.29796855532845784
101,1068,0.2946922425613847
101,1069,0.2924617390299952
101,1070,0.2697664478490519
101,1071,0.2877185067465139
101,1072,0.28416035688200664
101,1073,0.2747532662957214
101,1074,0.28516341641891835
101,1075,0.30323119530844134
101,1076,0.28001715970593827
101,1077,0.2806655923987544
101,1078,0.27725838367329086
101,1079,0.2814677621043006
101,1080,0.2676616872465888
101,1081,0.2702969763168069
101,1082,0.29703574748926387
101,1083,0.2860731406267299
101,1084,0.2827348868514216
101,1085,0.28493346100629763
101,1086,0.28133466493251713
101,1087,0.2695417431897895
101,1088,0.2716563427171042
101,1089,0.2851236573485441
101,1090,0.27035403320955675
101,1091,0.28316242195839103
101,1092,0.27293725207794545
101,1093,0.27686537975488706
101,1094,0.27207674120747766
101,1095,0.28252806635790095
101,1096,0.2699454184188399
101,1097,0.26507230900054757
101,1098,0.28568519825159117
101,1099,0.2658044162184693
101,1100,0.2738577979941701
101,1101,0.2814179700474406
101,1102,0.28777435421943665
101,1103,0.26992529110853064
101,1104,0.2882649635159692
101,1105,0.2648900109668111
101,1106,0.28411891779234244
101,1107,0.2871990397919056
101,1108,0.2722464709780937
101,1109,0.2731560489466024
101,1110,0.2746726718059806
101,1111,0.25403343452963717
101,1112,0.2762604702350705
101,1113,0.26845267103161924
101,1114,0.2898019933423331
101,1115,0.2782917022705078
101,1116,0.2813675022402475
101,1117,0.2762518906316092
101,1118,0.28733812168587086
101,1119,0.28868170117222985
101,1120,0.27803341732468717
101,1121,0.27236718909685004
101,1122,0.2810036851916202
101,1123,0.28452530988427094
101,1124,0.2979468793370003
101,1125,0.2779370317625445
101,1126,0.26104598059210665
101,1127,0.28742626309394836
101,1128,0.28006136625312095
101,1129,0.2766058597453805
101,1130,0.2665343818276428
101,1131,0.26058100822360014
101,1132,0.2557738915432331
101,1133,0.28332661958627925
101,1134,0.29233048336450446
101,1135,0.28931181687255236
101,1136,0.27672842248927715
101,1137,0.3039993706137635
101,1138,0.278512739857962
101,1139,0.27427451693734456
101,1140,0.2894082242666289
101,1141,0.29024811054384986
101,1142,0.2796927732090617
101,1143,0.27231768328090045
101,1144,0.2838788787985957
101,1145,0.29832055333048796
101,1146,0.3040749382141025
101,1147,0.3051009316777074
101,1148,0.29551169692083845
101,1149,0.28374859552050746
101,1150,0.2971349618462629
101,1151,0.2745079723901527
101,1152,0.2807197120300559
101,1153,0.2778584679891897
101,1154,0.2795732693616734
101,1155,0.2735691354718319
101,1156,0.28924902095351107
101,1157,0.29327548589817315
101,1158,0.2801391191260759
101,1159,0.28809053329534307
101,1160,0.2896096013313116
101,1161,0.27356480512508125
101,1162,0.26691654324531555
101,1163,0.25603358378244
101,1164,0.27560025453567505
101,1165,0.2401089605896972
101,1166,0.2884400084961292
101,1167,0.2864981681801552
101,1168,0.2641034569851188
101,1169,0.26150235880252926
101,1170,0.290244139557661
101,1171,0.2821355624947437
101,1172,0.2646237071170363
101,1173,0.2696469859328381
101,1174,0.24471715439197628
101,1175,0.2897756238316381
101,1176,0.28098828258902525
101,1177,0.2602947395901347
101,1178,0.2718199865762578
101,1179,0.25616984207962834
101,1180,0.2758175834666851
101,1181,0.28269679740417836
101,1182,0.289064965275831
101,1183,0.2685238351655561
101,1184,0.27181793818640154
101,1185,0.2802016215268956
101,1186,0.2710704630197481
101,1187,0.2851894265690515
101,1188,0.2909217573875605
101,1189,0.2629609253517417
101,1190,0.27367580214212106
101,1191,0.2890330511470174
101,1192,0.2875731490379156
101,1193,0.2628656078216641
101,1194,0.26746563162914544
101,1195,0.27798596371051876
101,1196,0.28005591312120126
101,1197,0.2605019062757492
101,1198,0.2830868224764979
101,1199,0.279678950476092
101,1200,0.27702055906140527
101,1201,0.27848980593126876
101,1202,0.29261888251748197
101,1203,0.28339283965354745
101,1204,0.3024403889511907
101,1205,0.28868204979009404
101,1206,0.3035904196805732
101,1207,0.2827690264513326
101,1208,0.27005474026813064
101,1209,0.26995429639206375
101,1210,0.28021305175714717
101,1211,0.26507325505101403
101,1212,0.26010536593060163
101,1213,0.2713571277468704
101,1214,0.24619690623394277
101,1215,0.28083555435025415
101,1216,0.27801121251527655
101,1217,0.255540102373722
101,1218,0.26601403605106266
101,1219,0.27122413765552433
101,1220,0.25882643877073774
101,1221,0.27063078450602157
101,1222,0.2681292267732842
101,1223,0.26366689454677494
101,1224,0.2781241951986801
101,1225,0.27176712002865105
101,1226,0.267359483727189
101,1227,0.2897360518921253
101,1228,0.2835002423718918
101,1229,0.27198628388171975
101,1230,0.2512853155995524
101,1231,0.26039363617120787
101,1232,0.2566722576008287
101,1233,0.251325553239778
101,1234,0.2830530016921287
101,1235,0.2768840422463972
101,1236,0.2789341204388197
101,1237,0.2640091194662937
101,1238,0.2679048984549766
101,1239,0.2736894516057746
101,1240,0.28203171283699746
101,1241,0.28647360032381014
101,1242,0.27028270169746044
101,1243,0.270790858324184
101,1244,0.26935623690139415
101,1245,0.27869903140289837
101,1246,0.2689251539319061
101,1247,0.29894723864488826
101,1248,0.253297290829725
101,1249,0.29566050546113837
101,1250,0.2723503306854603
101,1251,0.2924778336702391
101,1252,0.2644103744695353
101,1253,0.2538781131422797
101,1254,0.26325538407924565
101,1255,0.27756199206030646
101,1256,0.26843698807927063
101,1257,0.25916838160780975
101,1258,0.24662829034550246
101,1259,0.2598654953546302
101,1260,0.2745894588703333
101,1261,0.2542053911575051
101,1262,0.2547695099614387
101,1263,0.2688570719125659
101,1264,0.2694214980962665
101,1265,0.2657951407654341
101,1266,0.2913168114285136
101,1267,0.2452698758868284
101,1268,0.27644517255383866
101,1269,0.2764521601588227
101,1270,0.2646655377953552
101,1271,0.26511838096518847
101,1272,0.2653170047804367
101,1273,0.2664713062519251
101,1274,0.2628001314263011
101,1275,0.2554839842541273
101,1276,0.2619026213191276
101,1277,0.2769314965536428
101,1278,0.2606633180795714
101,1279,0.2660750046718952
101,1280,0.26971453774807064
101,1281,0.2808887473372526
101,1282,0.24837386538816053
101,1283,0.2539306844389716
101,1284,0.2585696373568025
101,1285,0.25800200603729073
101,1286,0.2610342481801676
101,1287,0.26278892367385154
101,1288,0.2761759993641876
101,1289,0.2607904825099679
101,1290,0.28051811664603477
101,1291,0.2956641302552334
101,1292,0.258730037267818
101,1293,0.25259561039680656
101,1294,0.27084155450033587
101,1295,0.2587467702322228
101,1296,0.27629019631895907
101,1297,0.26797017801639644
101,1298,0.25568342208862305
101,1299,0.2727179991644482
101,1300,0.2640150196330492
101,1301,0.2520995347998863
101,1302,0.26347755831341413
101,1303,0.26476228063882784
101,1304,0.2795309472915738
101,1305,0.25639174705327944
101,1306,0.260144506429517
101,1307,0.2608303358388502
101,1308,0.25151347213013225
101,1309,0.24406248296416083
101,1310,0.2605727179798969
101,1311,0.2721993261298468
101,1312,0.27501473004041715
101,1313,0.27342576481575187
101,1314,0.2552796661160713
101,1315,0.25593056893625926
101,1316,0.24636797572291175
101,1317,0.27474214379177536
101,1318,0.2614538544832274
101,1319,0.2829691306796185
101,1320,0.2542772507944772
101,1321,0.2713683739651081
101,1322,0.2750886948995812
101,1323,0.2669022779825122
101,1324,0.26471354205941044
101,1325,0.24174340069293976
101,1326,0.2639120844907539
101,1327,0.2633408127829086
101,1328,0.2564261749733326
101,1329,0.26714032784450886
101,1330,0.2576821640480396
101,1331,0.2670119085977244
101,1332,0.26813259720802307
101,1333,0.24284022214800813
101,1334,0.2645740592202475
101,1335,0.24913979824199234
101,1336,0.2616793748944305
101,1337,0.2599875469540441
101,1338,0.27660804848338283
101,1339,0.26087158467880517
101,1340,0.2755976132182188
101,1341,0.2798410064952318
101,1342,0.2727941804847052
101,1343,0.2625149266664372
101,1344,0.26529995923818545
101,1345,0.27147419022959335
101,1346,0.26238121889358346
101,1347,0.26850245442501336
101,1348,0.2617684838383697
101,1349,0.2715232642584069
101,1350,0.2714282586130985
101,1351,0.26123845507932264
101,1352,0.25020429699919944
101,1353,0.2651863340721574
101,1354,0.26744549426921577
101,1355,0.2608508751835934
101,1356,0.274426861211311
101,1357,0.2694084859171579
101,1358,0.2558722118305605
101,1359,0.27784852648890296
101,1360,0.27522437517033066
101,1361,0.27903470604918723
101,1362,0.27901603524074997
101,1363,0.2826536374036656
101,1364,0.25427518958269163
101,1365,0.2750309726526571
101,1366,0.2492543784684913
101,1367,0.272859096180561
101,1368,0.27752604872681375
101,1369,0.267684631569441
101,1370,0.2406418573024661
101,1371,0.2523229288500409
101,1372,0.2919362485408783
101,1373,0.25852230191230774
101,1374,0.27954670682896016
101,1375,0.26212132600850835
101,1376,0.2561200576466183
101,1377,0.25338397261708284
101,1378,0.28014906062636263
101,1379,0.25568665148213854
101,1380,0.2602012153974799
101,1381,0.26173245490983477
101,1382,0.26576136329839395
101,1383,0.26303340321363405
101,1384,0.2551675220561582
101,1385,0.2466556901155516
101,1386,0.24610438734986062
101,1387,0.25704311284908027
101,1388,0.22748800627020901
101,1389,0.25286013996878337
101,1390,0.2644106853146886
101,1391,0.25693576003229895
101,1392,0.2477097469706868
101,1393,0.2811061462690664
101,1394,0.26377789606881696
101,1395,0.2729125709034676
101,1396,0.2560222128102946
101,1397,0.25368244426195014
101,1398,0.2467349975608116
101,1399,0.24962822087975436
101,1400,0.2703758377668469
101,1401,0.26262150462283645
101,1402,0.25171018027982045
101,1403,0.23686753144097883
101,1404,0.2765728741191154
101,1405,0.2893780144148095
101,1406,0.2679896437844565
101,1407,0.2557539766611055
101,1408,0.25094851470270824
101,1409,0.25581499726273293
101,1410,0.2576113024423289
101,1411,0.2625896802475286
101,1412,0.24340530225010806
101,1413,0.25033259114553763
101,1414,0.2451906387889108
101,1415,0.2642760935217835
101,1416,0.26868474206259085
101,1417,0.24580246002175088
101,1418,0.25475997703019965
101,1419,0.248415166555449
101,1420,0.25592427822046504
101,1421,0.26810493995977003
101,1422,0.2644007763890333
101,1423,0.277579000522924
101,1424,0.27289497159248177
101,1425,0.2602965620368026
101,1426,0.28002371483070904
101,1427,0.25655755747196285
101,1428,0.25090251100617783
101,1429,0.24953157610671464
101,1430,0.2522809727247371
101,1431,0.2633198364529499
101,1432,0.25723510114259496
101,1433,0.23755323020524757
101,1434,0.2609708804723828
101,1435,0.26696320640486343
101,1436,0.26621383497881335
101,1437,0.274278603320898
101,1438,0.25691704486691674
101,1439,0.26073173242946
101,1440,0.2639344092025313
101,1441,0.25878182018912116
101,1442,0.27335063246793523
101,1443,0.27125933489134146
101,1444,0.26320664653944414
101,1445,0.24657045893890914
101,1446,0.26470768035844316
101,1447,0.24790270661198816
101,1448,0.2552062799764234
101,1449,0.2502569888913354
101,1450,0.25900249148524085
101,1451,0.23528334047905233
101,1452,0.2588270958079848
101,1453,0.2583832352660423
101,1454,0.2624576514543489
101,1455,0.27051038520280707
101,1456,0.251025055383527
101,1457,0.257011356741883
101,1458,0.27633550070052926
101,1459,0.24923434437707412
101,1460,0.2632224767707115
101,1461,0.25904201283011324
101,1462,0.24049393936645153
101,1463,0.2487861153691314
101,1464,0.25441339750622594
101,1465,0.2649704533260922
101,1466,0.2576517130053321
101,1467,0.26033922891284145
101,1468,0.26638824163481245
101,1469,0.24812405954959782
101,1470,0.2575070317401442
101,1471,0.2592252395873846
101,1472,0.2883372902870178
101,1473,0.2547599960898244
101,1474,0.275776214031286
101,1475,0.25305870660515717
101,1476,0.2628973424434662
101,1477,0.26947646917298784
101,1478,0.2730884354474933
101,1479,0.2515038238015286
101,1480,0.2507030010916466
101,1481,0.25135593566783637
101,1482,0.2646374847999839
101,1483,0.25015838929387024
101,1484,0.24418652820032696
101,1485,0.2647706169721692
101,1486,0.24276728824127553
101,1487,0.2543884730616281
101,1488,0.2351481204116067
101,1489,0.23635318840658942
101,1490,0.27612192894137183
101,1491,0.23687540098678234
101,1492,0.2803961849489877
101,1493,0.26120181866856507
101,1494,0.25461733722409535
101,1495,0.2626848657463872
101,1496,0.2504666891208915
101,1497,0.25575685847637264
101,1498,0.27407327225041944
101,1499,0.2587528415890627
101,1500,0.243763210468514
101,1501,0.25559402863646663
101,1502,0.24615666547486947
101,1503,0.2529856666576031
101,1504,0.25565032695615014
101,1505,0.26353017951166907
101,1506,0.2861525846082111
101,1507,0.2668294019477312
101,1508,0.26382457031760104
101,1509,0.266432918781458
101,1510,0.2322747093993564
101,1511,0.24991310058638108
101,1512,0.24591541082360024
101,1513,0.2502257248689962
101,1514,0.27196408011192497
101,1515,0.2495260498551435
101,1516,0.2669613707897275
101,1517,0.2673421197159346
101,1518,0.25624160295309023
101,1519,0.25811618289282157
101,1520,0.2768389599960904
101,1521,0.25030027364575586
101,1522,0.25415503008421075
101,1523,0.25592872604381206
101,1524,0.23023893666821857
101,1525,0.23823671320150064
101,1526,0.24335194049879563
101,1527,0.23627069627129754
101,1528,0.23524056409680566
101,1529,0.2599547321713248
101,1530,0.2582422512215237
101,1531,0.2531224995158439
101,1532,0.23739773624165114
101,1533,0.25424022799314455
101,1534,0.24196503744568937
101,1535,0.2722888977028603
101,1536,0.25404392979865853
101,1537,0.24591777802899825
101,1538,0.23949336277884106
101,1539,0.2773694590080616
101,1540,0.24368839970854825
101,1541,0.26455490672311116
101,1542,0.26482264870821043
101,1543,0.25133807991826257
101,1544,0.24902408968570622
101,1545,0.2364594756170761
101,1546,0.2533880201883094
101,1547,0.2679405122302299
101,1548,0.24762949694034664
101,1549,0.25170660192190214
101,1550,0.25877642215684404
101,1551,0.26449526395908624
101,1552,0.2518037723940472
101,1553,0.24756040094896806
101,1554,0.25679534673690796
101,1555,0.23578081401281578
101,1556,0.24143094690733177
101,1557,0.2550370887268421
101,1558,0.24206522176432055
101,1559,0.2660072217153948
101,1560,0.23640570044517517
101,1561,0.24078550518945205
101,1562,0.23077391781086146
101,1563,0.2415356396935707
101,1564,0.24003391245076822
101,1565,0.25416575822719306
101,1566,0.24255240102146947
101,1567,0.2516001844128897
101,1568,0.26436021161633866
101,1569,0.27165851620740666
101,1570,0.24286296513191488
101,1571,0.24381948349087737
101,1572,0.25850780897362285
101,1573,0.2595254965992861
101,1574,0.25609726614730305
101,1575,0.22637322129205215
101,1576,0.26719574942145236
101,1577,0.2537797793399456
101,1578,0.24708853211513784
101,1579,0.239530578602192
101,1580,0.2454974692921306
101,1581,0.2495793457641158
101,1582,0.2339643822159878
101,1583,0.2601983935333962
101,1584,0.2647969209870627
101,1585,0.2447135164294132
101,1586,0.2546511593946191
101,1587,0.2633582838746004
101,1588,0.2514580384243366
101,1589,0.23646828116372573
101,1590,0.23767972616262215
101,1591,0.26181649745896807
101,1592,0.24335690916970718
101,1593,0.24660402882930843
101,1594,0.2547818470832913
101,1595,0.23979262557140615
101,1596,0.2509760316028151
101,1597,0.23549763685049013
101,1598,0.25913826393526657
101,1599,0.24728704919648725
101,1600,0.2532578360202701
101,1601,0.2459236729976743
101,1602,0.24315140552298967
101,1603,0.24444860670455668
101,1604,0.23868156033892965
101,1605,0.24674566332684006
101,1606,0.25705998165662897
101,1607,0.2715859350770019
101,1608,0.24680434306000554
101,1609,0.27582750417465385
101,1610,0.26069253856359526
101,1611,0.2626219786876856
101,1612,0.25015514257342314
101,1613,0.25728516661843587
101,1614,0.23819073168344276
101,1615,0.24430053351923478
101,1616,0.2614298442075419
101,1617,0.2375824170750241
101,1618,0.25763696501421374
101,1619,0.2719129337820896
101,1620,0.2704260172538979
101,1621,0.27053962751876476
101,1622,0.24496640022410904
101,1623,0.2390794525312823
101,1624,0.23747709081616514
101,1625,0.24063268442486607
101,1626,0.2399798441071843
101,1627,0.23442939270374386
101,1628,0.24206420398035713
101,1629,0.2393552203511083
101,1630,0.25617665121721667
101,1631,0.26354732000550557
101,1632,0.25063388430795003
101,1633,0.24565719172011974
101,1634,0.25032724959905756
101,1635,0.2681375897901003
101,1636,0.2416156391764796
101,1637,0.23399013731368754
101,1638,0.240464506454246
101,1639,0.23995710805405018
101,1640,0.26873656691506853
101,1641,0.2592846123978149
101,1642,0.2562272063521452
101,1643,0.257442656644555
101,1644,0.23957183402638102
101,1645,0.24799402577932492
101,1646,0.22515067943306857
101,1647,0.23332313812056252
101,1648,0.23379518403563387
101,1649,0.20857077143913091
101,1650,0.25196514503900397
101,1651,0.25894755679507586
101,1652,0.2670384101396383
101,1653,0.23936025867628496
101,1654,0.26917166973269263
101,1655,0.22859503917915877
101,1656,0.23915851809257685
101,1657,0.23612186174060024
101,1658,0.23517540859621625
101,1659,0.24273133277893066
101,1660,0.25492982947549153
101,1661,0.23657144016997758
101,1662,0.24923710906228355
101,1663,0.24716528972914054
101,1664,0.2554529243430426
101,1665,0.2498955224142518
101,1666,0.24076068886490756
101,1667,0.2532824433820192
101,1668,0.2638500256593837
101,1669,0.24707075087137
101,1670,0.24686364344386166
101,1671,0.24267827355584434
101,1672,0.2554112728251967
101,1673,0.24979440417400625
101,1674,0.2606266619161118
101,1675,0.25036224826823833
101,1676,0.23691418940244718
101,1677,0.23029119261475497
101,1678,0.25675392012263454
101,1679,0.2372982754956844
101,1680,0.24003665911596875
101,1681,0.2605562757614047
101,1682,0.23052163941915646
101,1683,0.23897145965764688
101,1684,0.2342882301918296
101,1685,0.23609152401602546
101,1686,0.2465158347473588
101,1687,0.2408256288184676
101,1688,0.23973375316276108
101,1689,0.24443921931954318
101,1690,0.25870403716730517
101,1691,0.2239435315132141
101,1692,0.2484901284062585
101,1693,0.2571175645950229
101,1694,0.25229200374248417
101,1695,0.26170161574385886
101,1696,0.23997396577236263
101,1697,0.2367853272792905
101,1698,0.25483241746591967
101,1699,0.2391547203757042
101,1700,0.24414059138575264
101,1701,0.28215487821157587
101,1702,0.23912930904432786
101,1703,0.26221736711125043
101,1704,0.2764733606992766
101,1705,0.23369610482870146
101,1706,0.26676994527495185
101,1707,0.2391720123069231
101,1708,0.24175206797067508
101,1709,0.2599829601687054
101,1710,0.24836643109487933
101,1711,0.24129363755847133
101,1712,0.2328790783189064
101,1713,0.25857038553370987
101,1714,0.24337680360605551
101,1715,0.23679088367972262
101,1716,0.25050614808881005
101,1717,0.265520267708357
101,1718,0.2535190256529076
101,1719,0.2667291341132896
101,1720,0.25487114974232605
101,1721,0.23404509730117265
101,1722,0.24466579182203427
101,1723,0.2575115173362022
101,1724,0.24166448656902756
101,1725,0.22993012604325316
101,1726,0.2640818017859792
101,1727,0.24685438497121945
101,1728,0.2559781407201013
101,1729,0.2405488934627799
101,1730,0.23484085188355558
101,1731,0.22013010708398598
101,1732,0.22743331623631854
101,1733,0.2484335746876029
101,1734,0.2435572864704354
101,1735,0.25487685064936794
101,1736,0.2402318348718244
101,1737,0.23612983074299124
101,1738,0.25879712368166724
101,1739,0.23631536198216815
101,1740,0.24254603060178978
101,1741,0.24804309634275215
101,1742,0.2602848881898924
101,1743,0.23898384390875352
101,1744,0.2528150095496067
101,1745,0.23830051650834638
101,1746,0.24680278363615968
101,1747,0.2384861087383226
101,1748,0.25386257504307946
101,1749,0.24736951880676802
101,1750,0.26001997673234273
101,1751,0.25619886191778407
101,1752,0.24048201705134192
101,1753,0.254425352395967
101,1754,0.24792032359644425
101,1755,0.2322482061247493
101,1756,0.25118796354116396
101,1757,0.23529313608657482
101,1758,0.2341820025859877
101,1759,0.24550275677858396
101,1760,0.22998852785243545
101,1761,0.23828618471012558
101,1762,0.2654193009054938
101,1763,0.2515518550955972
101,1764,0.24423438587854074
101,1765,0.23130550148875215
101,1766,0.24734538065832715
101,1767,0.240944154040758
101,1768,0.22774227621943452
101,1769,0.22650855225186015
101,1770,0.23743586796660757
101,1771,0.22260964471240377
101,1772,0.23745221800582353
101,1773,0.23536854323952697
101,1774,0.24333313315413718
101,1775,0.22497202213420425
101,1776,0.23228305162385451
101,1777,0.22617406588654185
101,1778,0.24666345604630405
101,1779,0.22084984980350317
101,1780,0.23481233937795773
101,1781,0.23559667412624802
101,1782,0.24018788095130478
101,1783,0.22988831234532733
101,1784,0.24041536727616952
101,1785,0.24341794086057086
101,1786,0.23242149935212247
101,1787,0.25690412174823674
101,1788,0.24747304549050886
101,1789,0.25047407940376637
101,1790,0.24269013626630917
101,1791,0.2365037653335305
101,1792,0.24239343162192856
101,1793,0.23933294623397117
101,1794,0.2157479666693266
101,1795,0.24269135885460433
101,1796,0.23561016002366708
101,1797,0.2402391215396482
101,1798,0.25103561406911806
101,1799,0.23469685433908952
101,1800,0.24930058489012163
101,1801,0.2353653159252433
101,1802,0.2674765746260798
101,1803,0.2352636061435522
101,1804,0.23819640902585762
101,1805,0.24955375596534374
101,1806,0.22460984282715377
101,1807,0.2644406910552535
101,1808,0.2534160572429036
101,1809,0.24278003046678942
101,1810,0.23929279280263324
101,1811,0.2558841102345045
101,1812,0.2364726253720217
101,1813,0.2467849753623785
101,1814,0.24359758787376937
101,1815,0.24674493074417114
101,1816,0.2507362726122834
101,1817,0.2284507231656895
101,1818,0.2313487959462543
101,1819,0.2442325370949368
101,1820,0.26219891670138334
101,1821,0.25062945207884146
101,1822,0.25841185797092525
101,1823,0.2560356439546097
101,1824,0.2488014680701633
101,1825,0.26750240769497186
101,1826,0.2230160731908887
101,1827,0.24508401612902797
101,1828,0.24748069671697395
101,1829,0.24426808052284774
101,1830,0.24874850726404854
101,1831,0.2325995110495146
101,1832,0.23446295219798421
101,1833,0.2422683277102404
101,1834,0.23730432848597682
101,1835,0.24918772002985312
101,1836,0.24584898560546165
101,1837,0.23676148854022802
101,1838,0.24577644709930863
101,1839,0.23758827323137327
101,1840,0.24218808772952058
101,1841,0.23712113568949145
101,1842,0.25717171991980353
101,1843,0.2417629801256712
101,1844,0.22484857952871987
101,1845,0.2539343272530755
101,1846,0.21914208351179612
101,1847,0.23450412375982418
101,1848,0.24251881311106127
101,1849,0.2289899067823277
101,1850,0.2480340087136557
101,1851,0.24907827446627062
101,1852,0.23676715132802031
101,1853,0.2415893091711887
101,1854,0.2541635556276454
101,1855,0.2583396705084069
101,1856,0.2699654947879703
101,1857,0.2501524991767351
101,1858,0.24567761705365293
101,1859,0.23467619821082714
101,1860,0.251721937642541
101,1861,0.2393021347910859
101,1862,0.2428363371034001
101,1863,0.26389403052108235
101,1864,0.24990441528863686
101,1865,0.24036133566568063
101,1866,0.24081961706627247
101,1867,0.22659612152465555
101,1868,0.23103147467901541
101,1869,0.22272134624248327
101,1870,0.23258659208929816
101,1871,0.2326506584189659
101,1872,0.24442755690840787
101,1873,0.2456563926020334
101,1874,0.21986804937207421
101,1875,0.25366380533506705
101,1876,0.23420399496721667
101,1877,0.25747442106867946
101,1878,0.2427814682555753
101,1879,0.2466835421185161
101,1880,0.22293544612651647
101,1881,0.24002672662568647
101,1882,0.22622179985046387
101,1883,0.23343350651652314
101,1884,0.24979855432066805
101,1885,0.2184992685567501
101,1886,0.23778306017088335
101,1887,0.24548459815424542
101,1888,0.25520334999228633
101,1889,0.2317440076622852
101,1890,0.2474572558042615
101,1891,0.24326806082281954
101,1892,0.2347012598847234
101,1893,0.23828350215457206
101,1894,0.23312356929446376
101,1895,0.23255676689536073
101,1896,0.24075950023739837
101,1897,0.2613735850467238
101,1898,0.22960960934328478
101,1899,0.2387553436118503
101,1900,0.25869089850159577
101,1901,0.2581692234028217
101,1902,0.2383229822613472
101,1903,0.2580272915751435
101,1904,0.2409592620855154
101,1905,0.22842888014261112
101,1906,0.24222650638846463
101,1907,0.25820662393126376
101,1908,0.2405652500862299
101,1909,0.24986644539722178
101,1910,0.2341155354366746
101,1911,0.2212378562882889
101,1912,0.22353996579037155
101,1913,0.23335529274718705
101,1914,0.25382561600485515
101,1915,0.2398735596690067
101,1916,0.22552670677040898
101,1917,0.24628600651441618
101,1918,0.22828311039957888
101,1919,0.23509290571822677
101,1920,0.22133120201354803
101,1921,0.2675022974956867
101,1922,0.24681027302908343
101,1923,0.24239250601724135
101,1924,0.23776236730952596
101,1925,0.2558680000000222
101,1926,0.23301844853301382
101,1927,0.24744928992071816
101,1928,0.23519185185432434
101,1929,0.24308157937471256
101,1930,0.2653898253690365
101,1931,0.2610568120036014
101,1932,0.24207688729430354
101,1933,0.22952838138092396
101,1934,0.21344527983388237
101,1935,0.22610631793044333
101,1936,0.21809426851050798
101,1937,0.23869715942892916
101,1938,0.2306242169335831
101,1939,0.23084696746149727
101,1940,0.24272183658078658
101,1941,0.2509039280026458
101,1942,0.2298346716304158
101,1943,0.22926997791889103
101,1944,0.24055563433225766
101,1945,0.22321957245815632
101,1946,0.25442662384620934
101,1947,0.23948688493218534
101,1948,0.23740947662397874
101,1949,0.2265389506206956
101,1950,0.26267666248388066
102,1,1.9383873773175617
102,2,1.1444764580837516
102,3,0.9624646306037903
102,4,0.9025970988495405
102,5,0.8595459336458251
102,6,0.8300631240356801
102,7,0.7796761130177697
102,8,0.743712839692138
102,9,0.7322112169376639
102,10,0.7088942056478456
102,11,0.7220640237941298
102,12,0.6889457397682722
102,13,0.7231133746546369
102,14,0.6828120420145434
102,15,0.6801873085110687
102,16,0.6579291529433672
102,17,0.6626615718353627
102,18,0.6465347755786984
102,19,0.6359075931615608
102,20,0.6332806556723839
102,21,0.6374189063560131
102,22,0.6238409045130707
102,23,0.5943941432376241
102,24,0.6064870842667514
102,25,0.6092730039773986
102,26,0.5913218828134759
102,27,0.588823770367822
102,28,0.6086723388627518
102,29,0.62696366116058
102,30,0.5949069441750993
102,31,0.5815738786098569
102,32,0.5826007030731024
102,33,0.60199939788774
102,34,0.576620452625807
102,35,0.5566958507826162
102,36,0.5656243534975274
102,37,0.5929752907087636
102,38,0.5857873794644378
102,39,0.5405941092690756
102,40,0.5591804232708243
102,41,0.5853881392368051
102,42,0.5482522554175798
102,43,0.5511869926785313
102,44,0.5555049402769222
102,45,0.561443428660548
102,46,0.575265392314556
102,47,0.5301319028055945
102,48,0.5621855217357015
102,49,0.5421586424805397
102,50,0.5253408675970033
102,51,0.5308195290177368
102,52,0.5229322383570116
102,53,0.5431773898213409
102,54,0.5479070821473765
102,55,0.5350225422271463
102,56,0.4951327165891958
102,57,0.5293308787567671
102,58,0.507280500822289
102,59,0.5211592330489048
102,60,0.5648674756981605
102,61,0.49215867353040116
102,62,0.5025152196717817
102,63,0.5518901874852735
102,64,0.5397437852482463
102,65,0.553455512190974
102,66,0.516797776832137
102,67,0.5125558397104574
102,68,0.4959134230780047
102,69,0.5195645800856656
102,70,0.4956821522047353
102,71,0.5320964289266009
102,72,0.4930389585883118
102,73,0.5021362048248912
102,74,0.5132202533788459
102,75,0.506373219711836
102,76,0.4809755294821983
102,77,0.5032114199427671
102,78,0.4660393665003222
102,79,0.49878965352856836
102,80,0.49419165627900946
102,81,0.4807516003763953
102,82,0.4804215639136558
102,83,0.4992301353188448
102,84,0.4711824946625288
102,85,0.5122320534184922
102,86,0.48439840175384696
102,87,0.5139213897461115
102,88,0.479239261427591
102,89,0.4697640870892724
102,90,0.47260608853295794
102,91,0.5284841310146243
102,92,0.4912355258021244
102,93,0.46056329095086385
102,94,0.4812537882217141
102,95,0.46907691900120224
102,96,0.4389421600241994
102,97,0.472887572160987
102,98,0.47575872582058576
102,99,0.4686909089254778
102,100,0.4713708113792331
102,101,0.4604844776696937
102,102,0.47538790661235186
102,103,0.47261110156081443
102,104,0.47500388012375944
102,105,0.4707556269889654
102,106,0.47917521623677983
102,107,0.46765201244243354
102,108,0.48465542876443196
102,109,0.46564938301263853
102,110,0.48192122509313184
102,111,0.45401070838750796
102,112,0.4413824816082799
102,113,0.4539361173330351
102,114,0.4836237846418869
102,115,0.4699194029320118
102,116,0.5053661354752474
102,117,0.462043913297875
102,118,0.4711761876594189
102,119,0.4683772727500561
102,120,0.44795942445134007
102,121,0.46067629997120346
102,122,0.4639946187651435
102,123,0.44484391808509827
102,124,0.4656095768130103
102,125,0.44237147999364274
102,126,0.45280105430026385
102,127,0.4361262792764708
102,128,0.4513022927350776
102,129,0.45552873957988826
102,130,0.44752795751704727
102,131,0.4415577220362286
102,132,0.45890622152838595
102,133,0.462184703627298
102,134,0.4398165684799815
102,135,0.45620080897974413
102,136,0.4460697652295578
102,137,0.4786816807680352
102,138,0.4361148005308107
102,139,0.45054389293803726
102,140,0.44604942549106685
102,141,0.47491595287655675
102,142,0.4713490958823714
102,143,0.43544374371683875
102,144,0.440946557494097
102,145,0.4377366477666899
102,146,0.46888832713282386
102,147,0.4336631505988365
102,148,0.4552840098392132
102,149,0.42945767765821413
102,150,0.4303389870843222
102,151,0.47968743498935257
102,152,0.4381642119829045
102,153,0.45293527009875273
102,154,0.42298473660335983
102,155,0.4474009732867396
102,156,0.4420855003733968
102,157,0.40725046742794124
102,158,0.4391591909319855
102,159,0.4378513575986374
102,160,0.42975832417953846
102,161,0.43493669324142986
102,162,0.4232282874196075
102,163,0.4560351662857588
102,164,0.4310268815173659
102,165,0.43451154232025146
102,166,0.4439849007961362
102,167,0.4262195049330246
102,168,0.4198895914610042
102,169,0.4248117035211519
102,170,0.434731055137723
102,171,0.42661120863847957
102,172,0.4310046746287235
102,173,0.43880265396694806
102,174,0.4138641080190969
102,175,0.41194831631904427
102,176,0.42348351312238114
102,177,0.42890539141588435
102,178,0.44281521855398664
102,179,0.4124517801196076
102,180,0.4413300101147142
102,181,0.4271307081677193
102,182,0.44282399568446845
102,183,0.4160783886909485
102,184,0.428796120161234
102,185,0.4324767326199731
102,186,0.4422656762045483
102,187,0.40577344353808914
102,188,0.3937092915523884
102,189,0.44339111724565194
102,190,0.4342003783514333
102,191,0.4031619588996089
102,192,0.4155127572458844
102,193,0.4278218413508216
102,194,0.4089622407458549
102,195,0.40571462900139565
102,196,0.42220097156458125
102,197,0.40925762750381645
102,198,0.4347279529238856
102,199,0.41594087384467904
102,200,0.4064207278018774
102,201,0.41433727602626
102,202,0.4004598086656526
102,203,0.41821369944616804
102,204,0.4061894035616586
102,205,0.40720516443252563
102,206,0.39407055669052654
102,207,0.41368424268656
102,208,0.43677173728166624
102,209,0.421134949423546
102,210,0.39488684853842093
102,211,0.4302535999652951
102,212,0.40341333317202194
102,213,0.4218999625638474
102,214,0.396041028721388
102,215,0.4149818961010423
102,216,0.3709289022656374
102,217,0.40931808948516846
102,218,0.3851086531960687
102,219,0.4026491697444472
102,220,0.41176354192024056
102,221,0.39721589795378753
102,222,0.40726823377054794
102,223,0.41013639056405354
102,224,0.424487758514493
102,225,0.38334210736807
102,226,0.4150052008240722
102,227,0.41026980169983795
102,228,0.4168645954409311
102,229,0.4219933526460515
102,230,0.4160204495108405
102,231,0.41128931904948035
102,232,0.41817444077757904
102,233,0.39988382056702015
102,234,0.41090261104495024
102,235,0.3883044400880503
102,236,0.4256701885267746
102,237,0.4238249285276546
102,238,0.4135105956432431
102,239,0.40085905651713527
102,240,0.40333756111388985
102,241,0.3875499596429426
102,242,0.4025708977566209
102,243,0.3704882125521815
102,244,0.3735739061998766
102,245,0.42444510723269263
102,246,0.3876547640146211
102,247,0.380807486384414
102,248,0.3920656421849894
102,249,0.3799398465212001
102,250,0.4078711659409279
102,251,0.37826319558675897
102,252,0.398361592098724
102,253,0.40467927552932914
102,254,0.3817308954028196
102,255,0.3994281589984894
102,256,0.39877264444218125
102,257,0.3877878882164179
102,258,0.3718396224254786
102,259,0.3971340808757516
102,260,0.3885655091252438
102,261,0.37911607290423194
102,262,0.39623566699582474
102,263,0.3805925277776496
102,264,0.4203155505102734
102,265,0.39500647852587145
102,266,0.3923980669919835
102,267,0.37676341727722523
102,268,0.40640882004139034
102,269,0.4013516889062039
102,270,0.4007823481116184
102,271,0.3877008051373238
102,272,0.4124128659104192
102,273,0.3721076943153559
102,274,0.3788448211758636
102,275,0.38278884250064227
102,276,0.36511177794877875
102,277,0.3858785192633784
102,278,0.37389192886130757
102,279,0.36811764295711075
102,280,0.3933575763258823
102,281,0.40183064341545105
102,282,0.3719408581423205
102,283,0.38979356995848724
102,284,0.37424794324608734
102,285,0.37561186662940094
102,286,0.37853494355844897
102,287,0.42461471848709637
102,288,0.37992650824923846
102,289,0.4117035699445148
102,290,0.3842102275338284
102,291,0.3876851187195889
102,292,0.38310654080191325
102,293,0.3591903510481812
102,294,0.38923176568607953
102,295,0.37639157162156217
102,296,0.37799298624659694
102,297,0.3594853413659473
102,298,0.36531400056772456
102,299,0.38948511522869733
102,300,0.39594591010448543
102,301,0.38705891370773315
102,302,0.36035658245862917
102,303,0.36436243736466695
102,304,0.38006771442502046
102,305,0.3929199548654778
102,306,0.3742181367652361
102,307,0.3785580493683039
102,308,0.3718815674615461
102,309,0.3968963969585507
102,310,0.3878415178420932
102,311,0.3769668084244395
102,312,0.37452740447465765
102,313,0.3912582321222438
102,314,0.3689249518305756
102,315,0.38613644380902135
102,316,0.38829248727754107
102,317,0.4037418095178382
102,318,0.4100418271020401
102,319,0.4133336447006048
102,320,0.3885470046553501
102,321,0.39673141268796697
102,322,0.36556511285693144
102,323,0.37201261659001195
102,324,0.3791057100129682
102,325,0.38371400292529617
102,326,0.3798103776088981
102,327,0.3778694306695184
102,328,0.3785475790500641
102,329,0.4061921724053316
102,330,0.40880502379217815
102,331,0.39116212517716165
102,332,0.37456206804098086
102,333,0.3867990873580755
102,334,0.3685342898202497
102,335,0.3831133343452631
102,336,0.3630144187184267
102,337,0.36447680065798205
102,338,0.38700253603070284
102,339,0.3855174100676248
102,340,0.3754957484644513
102,341,0.3695657682973285
102,342,0.39593945408976355
102,343,0.3811996440554774
102,344,0.37025724316752234
102,345,0.36219249353852384
102,346,0.38971106604088185
102,347,0.385958848997604
102,348,0.36476869846499244
102,349,0.366570393706477
102,350,0.39104617127152375
102,351,0.3649479545826136
102,352,0.355217901773231
102,353,0.3756408081498257
102,354,0.36083835848542145
102,355,0.3532772694909295
102,356,0.37089091539382935
102,357,0.3775406306566194
102,358,0.38553723277047625
102,359,0.40108631655227306
102,360,0.36985833561697673
102,361,0.349143655494202
102,362,0.35115690841231234
102,363,0.38444511280503385
102,364,0.3890247365763021
102,365,0.35776362724082417
102,366,0.393131660167561
102,367,0.35394253425819927
102,368,0.357260174529497
102,369,0.3672831807025643
102,370,0.37320585652839305
102,371,0.3566835564236308
102,372,0.3605676605257877
102,373,0.3712067714957304
102,374,0.3567790631638017
102,375,0.4015391482863315
102,376,0.3732032048147778
102,377,0.39461240934771163
102,378,0.3560482360595881
102,379,0.37539453839146814
102,380,0.3536174415155899
102,381,0.3633204781731894
102,382,0.3528845199318819
102,383,0.35781574318575304
102,384,0.3742180875567503
102,385,0.366813893235007
102,386,0.36267401312672815
102,387,0.36740519141041955
102,388,0.3753061453963435
102,389,0.3715165333692418
102,390,0.34786590032799297
102,391,0.37878213025802787
102,392,0.3631874572399051
102,393,0.36091257597124854
102,394,0.3537777308807817
102,395,0.3444408850614415
102,396,0.36467877792757614
102,397,0.3535951944284661
102,398,0.3490692633529042
102,399,0.3374284526636434
102,400,0.38043873185335203
102,401,0.35101788681606916
102,402,0.37560388861700544
102,403,0.3678335991016654
102,404,0.36493813090546184
102,405,0.3670506858548453
102,406,0.3597068675728731
102,407,0.355679873810258
102,408,0.36082021857416907
102,409,0.352787408717843
102,410,0.3367199114588804
102,411,0.3509491633537204
102,412,0.3325989981030309
102,413,0.35745313001233475
102,414,0.34446416136830355
102,415,0.34714914407840997
102,416,0.3424976322540017
102,417,0.35498718120330985
102,418,0.34324670115182565
102,419,0.34951658373655276
102,420,0.3352573555569316
102,421,0.356043781652007
102,422,0.35583426855331246
102,423,0.36846833658772843
102,424,0.36485421311023625
102,425,0.3500789355399997
102,426,0.3526655657346858
102,427,0.347840347262316
102,428,0.34851416460303375
102,429,0.31712217663609704
102,430,0.36225467573764714
102,431,0.3554948103982349
102,432,0.3573888803637305
102,433,0.3776146014069402
102,434,0.34810802548430686
102,435,0.36358490794204
102,436,0.3745285043882769
102,437,0.37022051353787266
102,438,0.34128437347190327
102,439,0.34303535278453384
102,440,0.3271543113298194
102,441,0.3593298675015915
102,442,0.36308461843534956
102,443,0.3637562692165375
102,444,0.3691520351310109
102,445,0.32917187865390335
102,446,0.3390944121881973
102,447,0.35789059067881385
102,448,0.36027133603428685
102,449,0.3392799912497055
102,450,0.36769962518714194
102,451,0.34617570943610615
102,452,0.33334203930788264
102,453,0.3555084175841753
102,454,0.35197037874266157
102,455,0.34968318426331807
102,456,0.34796240440634796
102,457,0.360200107790703
102,458,0.3784720772920653
102,459,0.3683696361475213
102,460,0.36284334784330324
102,461,0.3641716082428777
102,462,0.36117259014484493
102,463,0.354221255973328
102,464,0.3500234394572502
102,465,0.3623220629470293
102,466,0.3358297590599504
102,467,0.35464193585307097
102,468,0.35552622135295425
102,469,0.33408919461937836
102,470,0.3447800250940545
102,471,0.3355500705020372
102,472,0.3357663958571678
102,473,0.32773597226586454
102,474,0.34343265239582504
102,475,0.34285831104877385
102,476,0.336494293323783
102,477,0.3322164839090303
102,478,0.3403927933338077
102,479,0.32393796430077665
102,480,0.349179032930108
102,481,0.33710277704305425
102,482,0.3449760571468708
102,483,0.3378765894923099
102,484,0.34450100050416105
102,485,0.33321588261182916
102,486,0.35965991921203083
102,487,0.33501359127288644
102,488,0.35411221689956135
102,489,0.32110541851021523
102,490,0.34003218107445293
102,491,0.33109809770140536
102,492,0.3245616520560065
102,493,0.3350872633069061
102,494,0.33371908858765004
102,495,0.350509247114492
102,496,0.3473742486432541
102,497,0.33766418071680293
102,498,0.34360305930292884
102,499,0.33164352802343144
102,500,0.3405140860136165
102,501,0.329802427874055
102,502,0.34034020471018417
102,503,0.3630537965963053
102,504,0.3394204884074455
102,505,0.3098194827867109
102,506,0.33230665741964827
102,507,0.3389430967874305
102,508,0.3536039417566255
102,509,0.3489967986594799
102,510,0.34867858956026476
102,511,0.3517653006453847
102,512,0.3448913173620091
102,513,0.3336184537687967
102,514,0.3409841545792513
102,515,0.33117097131041595
102,516,0.3357161657754765
102,517,0.3323344505110452
102,518,0.32713785213093427
102,519,0.3749877283739489
102,520,0.324536649986755
102,521,0.35018956314685734
102,522,0.33653725233188897
102,523,0.3381875670233438
102,524,0.32539925048517626
102,525,0.3375761571318604
102,526,0.3392320566399153
102,527,0.32399760013402895
102,528,0.3154153789198676
102,529,0.3196651748446531
102,530,0.3335156364496364
102,531,0.32419359545375026
102,532,0.3267914424108904
102,533,0.3390959023043167
102,534,0.3216784132081409
102,535,0.32538350446279657
102,536,0.3414287879023441
102,537,0.34541138798691506
102,538,0.34926220566727395
102,539,0.32764326555784357
102,540,0.3442182852778324
102,541,0.3333458255889804
102,542,0.33459137899931085
102,543,0.33460934356201527
102,544,0.32330907846606055
102,545,0.3446288018725639
102,546,0.31775637906651166
102,547,0.3162688862445743
102,548,0.32272129904392155
102,549,0.3395808976750041
102,550,0.33360243952551555
102,551,0.32648102835167286
102,552,0.32977335397587265
102,553,0.3269746054050534
102,554,0.3399415563705356
102,555,0.3307133504124575
102,556,0.34592561111893766
102,557,0.30577412455580955
102,558,0.3389103679462921
102,559,0.31648520258970037
102,560,0.33694397571475004
102,561,0.32553786455198774
102,562,0.31803254367307177
102,563,0.3415575138358183
102,564,0.32766568244889727
102,565,0.3383863845536875
102,566,0.3116546196993007
102,567,0.34002144877300705
102,568,0.32571107564970503
102,569,0.34796130102734235
102,570,0.3422624725241994
102,571,0.3304170813671378
102,572,0.35585423888162127
102,573,0.3321323124475257
102,574,0.3502884451733079
102,575,0.3304992311222609
102,576,0.336354463599449
102,577,0.31931455814561177
102,578,0.3232122022052144
102,579,0.3353065397850303
102,580,0.31389081131580265
102,581,0.360197689644126
102,582,0.31965357273123984
102,583,0.3177507346452669
102,584,0.34344195834425995
102,585,0.34008084064306215
102,586,0.34027656011803203
102,587,0.33789804716442906
102,588,0.33391503816427187
102,589,0.3367519628169925
102,590,0.330598886622939
102,591,0.3192661494709725
102,592,0.3454441435115282
102,593,0.3249689021775889
102,594,0.34407365530036216
102,595,0.33026992789534637
102,596,0.31912595934646076
102,597,0.3346551421076752
102,598,0.3147498195947603
102,599,0.3307923674583435
102,600,0.31560634873634164
102,601,0.33133943968040996
102,602,0.301601531893708
102,603,0.3352877255095992
102,604,0.31460408415905267
102,605,0.32144571667493776
102,606,0.31155834918798403
102,607,0.3106141416139381
102,608,0.312715106925299
102,609,0.3105389725330264
102,610,0.3259929293809935
102,611,0.32700538496638454
102,612,0.32693409295969234
102,613,0.3347292826619259
102,614,0.3019663379635922
102,615,0.31704444559507594
102,616,0.3196024312529453
102,617,0.2945591758850009
102,618,0.3340915392997653
102,619,0.33210771340270373
102,620,0.32724918459737024
102,621,0.3130513744991879
102,622,0.32328926823859994
102,623,0.31949594408966775
102,624,0.33477936789046886
102,625,0.3360214995783429
102,626,0.33259338071179945
102,627,0.3205648126990296
102,628,0.3420520556527515
102,629,0.31219208725663117
102,630,0.3175790095052054
102,631,0.325565705465716
102,632,0.3372966813486676
102,633,0.32691895961761475
102,634,0.3363018805204436
102,635,0.3225023129651713
102,636,0.3173757535080577
102,637,0.29286889073460604
102,638,0.3106151874675307
102,639,0.3056678758111111
102,640,0.3345740735530853
102,641,0.29790614995845527
102,642,0.3122742751310038
102,643,0.3504349811132564
102,644,0.32048048737437224
102,645,0.31674941611844437
102,646,0.29484063386917114
102,647,0.34719515886417657
102,648,0.3021194158598434
102,649,0.31580519676208496
102,650,0.29454623336015745
102,651,0.3051689447358597
102,652,0.33179636264956275
102,653,0.3170564652875412
102,654,0.31140489980231884
102,655,0.29344642439553903
102,656,0.3248508122078208
102,657,0.32791892317838445
102,658,0.3343274364637774
102,659,0.3540558350640674
102,660,0.3084653373374495
102,661,0.32157974464948785
102,662,0.333178405844888
102,663,0.3241357893444771
102,664,0.31682299181472423
102,665,0.323961639127066
102,666,0.3160784147506536
102,667,0.31336512537889705
102,668,0.3107956419157427
102,669,0.2976925296838893
102,670,0.32550663171812544
102,671,0.30648445597914764
102,672,0.31299774868543756
102,673,0.3151405238827994
102,674,0.3072739756384561
102,675,0.3327170340127723
102,676,0.3123359354429467
102,677,0.3289497633313024
102,678,0.32328959259875983
102,679,0.2892713304175887
102,680,0.3315707188706065
102,681,0.33029824633931004
102,682,0.32429780516513557
102,683,0.29325995750205464
102,684,0.3278031959090122
102,685,0.3174003813155862
102,686,0.29949187192805976
102,687,0.32381249167198356
102,688,0.316044477529304
102,689,0.3247984328935313
102,690,0.3486894320609958
102,691,0.2869330388168956
102,692,0.3344666618247365
102,693,0.32181796015695086
102,694,0.31512194871902466
102,695,0.32649301373681355
102,696,0.32818667694579723
102,697,0.31687993781511176
102,698,0.3421551474305086
102,699,0.3165015779262365
102,700,0.3013186967650125
102,701,0.3328720421292061
102,702,0.33152553854986677
102,703,0.3074013764081999
102,704,0.3347142110037249
102,705,0.3200733980467153
102,706,0.3149375652157983
102,707,0.33132837123649067
102,708,0.35223254214885624
102,709,0.30932219776996345
102,710,0.32298466701840245
102,711,0.348213676796403
102,712,0.3193423637123995
102,713,0.33752034777818724
102,714,0.3238649437593859
102,715,0.32559239309887555
102,716,0.31310397733089534
102,717,0.33280363193778106
102,718,0.3189043139302453
102,719,0.3009110945601796
102,720,0.29919740349747415
102,721,0.29750625407973
102,722,0.33562248806620754
102,723,0.33959414723307585
102,724,0.29841156823690546
102,725,0.2985592259224071
102,726,0.31237459390662436
102,727,0.3088701173316601
102,728,0.2974209695361381
102,729,0.30424595017765843
102,730,0.29914612548295844
102,731,0.29436644703842874
102,732,0.31677780040474823
102,733,0.2955895197945972
102,734,0.29056384258492046
102,735,0.31861055521077886
102,736,0.3127878537011701
102,737,0.3108443368312924
102,738,0.3068129448003547
102,739,0.3252385036889897
102,740,0.3119620029316392
102,741,0.31588245893633643
102,742,0.31546075953993685
102,743,0.326562280571738
102,744,0.32427612224290536
102,745,0.31484086014503654
102,746,0.31282851931660677
102,747,0.30929840234823003
102,748,0.28834054151246713
102,749,0.29285209539324736
102,750,0.31278044262597726
102,751,0.30292191547016767
102,752,0.3071120291255241
102,753,0.30257860519165214
102,754,0.3003519953683365
102,755,0.30405175408651663
102,756,0.31091914897741274
102,757,0.31001140697057855
102,758,0.31865121008351793
102,759,0.32335802912712097
102,760,0.2953005758828895
102,761,0.3038534473541171
102,762,0.2838894745638204
102,763,0.3204261501168096
102,764,0.29135217846826067
102,765,0.31569383380024935
102,766,0.29694331212099206
102,767,0.3091223427029543
102,768,0.28828398086303886
102,769,0.3117626399494881
102,770,0.34008826211441395
102,771,0.2939494467058847
102,772,0.3234157340471135
102,773,0.3229367296363032
102,774,0.3306026271609373
102,775,0.3267651560694672
102,776,0.2943663257499074
102,777,0.3052020488783371
102,778,0.30523931425671247
102,779,0.3186294679031816
102,780,0.30131716922272084
102,781,0.3277318560799887
102,782,0.32531659686288167
102,783,0.2889432487792747
102,784,0.31792991591054337
102,785,0.28095358263614567
102,786,0.30901327244071075
102,787,0.31666456405506577
102,788,0.30904532518497735
102,789,0.2819202972012897
102,790,0.29959680036056874
102,791,0.3167398357114127
102,792,0.30162215995234115
102,793,0.32334903783576435
102,794,0.3003214937309886
102,795,0.3050376086734062
102,796,0.3138887785201849
102,797,0.29316556453704834
102,798,0.30378415348917936
102,799,0.29636267312737397
102,800,0.30290623944859174
102,801,0.2825456348269485
102,802,0.30405965724656747
102,803,0.29977810036304386
102,804,0.32535103448601654
102,805,0.3085055649280548
102,806,0.3014824210211288
102,807,0.29775651873544207
102,808,0.31102096341377083
102,809,0.3120163394961246
102,810,0.313560345145159
102,811,0.3146865066400794
102,812,0.29779899813408073
102,813,0.29750664913377095
102,814,0.2733728507923525
102,815,0.31283795798933783
102,816,0.2811124615891035
102,817,0.2897298765736957
102,818,0.295707012331763
102,819,0.2875838660916617
102,820,0.29885823990023413
102,821,0.27933678516121796
102,822,0.2876867707385573
102,823,0.3095391212507736
102,824,0.32315018080001656
102,825,0.2914506820745246
102,826,0.3022881399753482
102,827,0.2815705662549928
102,828,0.2981015294790268
102,829,0.2980702450109083
102,830,0.28530096799828286
102,831,0.29324761240981345
102,832,0.2849235215852427
102,833,0.30177759223206096
102,834,0.31865290431089177
102,835,0.28929263422655505
102,836,0.29837817022966784
102,837,0.2844656484071599
102,838,0.27575535067292145
102,839,0.2881219449431397
102,840,0.29849744813386786
102,841,0.3009241264919902
102,842,0.2792974599572115
102,843,0.28689786722493726
102,844,0.29348045934078304
102,845,0.291171028863552
102,846,0.312359060658965
102,847,0.2835112695777139
102,848,0.29177364152531293
102,849,0.2905544305956641
102,850,0.2927090788996497
102,851,0.28484833483086075
102,852,0.2859709879686666
102,853,0.2809493513994439
102,854,0.29439845819805943
102,855,0.29841389628343806
102,856,0.31473374505375706
102,857,0.29769612398258477
102,858,0.30207096074902734
102,859,0.3073959953563158
102,860,0.3108894658643146
102,861,0.30191382973693137
102,862,0.30951574791309444
102,863,0.3046074662097665
102,864,0.30484723836876626
102,865,0.30183563883914505
102,866,0.32507848323777666
102,867,0.28693638222162116
102,868,0.3086385082366855
102,869,0.28843907284182174
102,870,0.29227868831434917
102,871,0.2645011627396872
102,872,0.2912394369757453
102,873,0.29340673532596856
102,874,0.29215670532958454
102,875,0.3129278691702111
102,876,0.2870498590691145
102,877,0.2912470303302587
102,878,0.3195860275002413
102,879,0.28839720543040787
102,880,0.2713049435338309
102,881,0.2967858966006789
102,882,0.2962480478508528
102,883,0.2885972420836604
102,884,0.28856615756833276
102,885,0.2883114274158034
102,886,0.30564613813577696
102,887,0.29309273459190543
102,888,0.30488955835963405
102,889,0.2916865030000376
102,890,0.28546211885851486
102,891,0.32228701475054716
102,892,0.2877697147602259
102,893,0.2987387894197952
102,894,0.25822272688843484
102,895,0.28690743654273276
102,896,0.2685435947983764
102,897,0.27977113806924153
102,898,0.2969696902951529
102,899,0.3009103834629059
102,900,0.2822959797326909
102,901,0.3065713110358216
102,902,0.29066047765487846
102,903,0.3018280669700268
102,904,0.287243502084599
102,905,0.2690499189288117
102,906,0.2767508833907371
102,907,0.2791611905707869
102,908,0.2973538671815118
102,909,0.28777751881022784
102,910,0.28795861712721893
102,911,0.28101036299106685
102,912,0.31107417372770085
102,913,0.2783904900384504
102,914,0.2836835966553799
102,915,0.2807772665522819
102,916,0.31496872042500695
102,917,0.2969214375628981
102,918,0.29477002211781433
102,919,0.32031973087510396
102,920,0.28040440415227136
102,921,0.3158828810203907
102,922,0.28289919329244034
102,923,0.2898624539375305
102,924,0.3036055564880371
102,925,0.2941673973272013
102,926,0.2918242340864137
102,927,0.2846126487088758
102,928,0.2796876562196155
102,929,0.26648477898087614
102,930,0.29594485565673473
102,931,0.2673204922398856
102,932,0.3032716290895329
102,933,0.3040995466154675
102,934,0.30508429851642876
102,935,0.2849549810553706
102,936,0.27422142167424046
102,937,0.28778943350148756
102,938,0.2776850302552068
102,939,0.300206306022267
102,940,0.2884749908779943
102,941,0.274011900951696
102,942,0.28957554212836334
102,943,0.29632296742394915
102,944,0.2936246880265169
102,945,0.27584853248540747
102,946,0.29394833986149277
102,947,0.2787245234777761
102,948,0.2751418213511622
102,949,0.287267709887305
102,950,0.28923198511434156
102,951,0.3083605322726937
102,952,0.300050393093464
102,953,0.304853271259818
102,954,0.28691327779792075
102,955,0.3086961909782055
102,956,0.2898620942304301
102,957,0.28133522563202434
102,958,0.26924549459024916
102,959,0.3161126084105913
102,960,0.2871205993863039
102,961,0.3030702353909958
102,962,0.27142729523570036
102,963,0.2831541895866394
102,964,0.29619482921999557
102,965,0.306001333996307
102,966,0.29591212231059405
102,967,0.3260680000449336
102,968,0.3011710657629856
102,969,0.2745369780202245
102,970,0.29504586236421454
102,971,0.27993394399798194
102,972,0.2689436823129654
102,973,0.28985240362411324
102,974,0.27615851718325946
102,975,0.2845147414955982
102,976,0.2926524932994399
102,977,0.2682989260485006
102,978,0.2891702007415683
102,979,0.2906286515468775
102,980,0.3053920691789583
102,981,0.27694237509439157
102,982,0.29792221029137456
102,983,0.2924002797104592
102,984,0.288053922874983
102,985,0.28841233946556266
102,986,0.28217230217401373
102,987,0.2920361549355263
102,988,0.2985603046971698
102,989,0.30718942714291947
102,990,0.27747748549594436
102,991,0.29810743137847545
102,992,0.289804644362871
102,993,0.2706704202086426
102,994,0.280041788206544
102,995,0.2716246087883794
102,996,0.29127164982086007
102,997,0.28853080508320833
102,998,0.29115766737350196
102,999,0.2902055770851845
102,1000,0.2706684830576874
102,1001,0.27114581819190536
102,1002,0.2983385882405348
102,1003,0.2959300147932629
102,1004,0.27299936081087867
102,1005,0.26777736946593883
102,1006,0.27000503207361976
102,1007,0.29835500897363176
102,1008,0.2953751378281172
102,1009,0.27868557981280395
102,1010,0.27291366319323695
102,1011,0.27922667528307715
102,1012,0.28067701223284697
102,1013,0.32481509100559147
102,1014,0.279857910649721
102,1015,0.28161283114621805
102,1016,0.2942597845266032
102,1017,0.2878730809965799
102,1018,0.31716088014979693
102,1019,0.3013880613238312
102,1020,0.29084484660348225
102,1021,0.3145882681358692
102,1022,0.25524399481540505
102,1023,0.27680214130601216
102,1024,0.28868334237919296
102,1025,0.28293712367845136
102,1026,0.2836533611597017
102,1027,0.2664799274400223
102,1028,0.25748187026312186
102,1029,0.2900288250557212
102,1030,0.288753924674766
102,1031,0.2774810527646264
102,1032,0.2814463716606761
102,1033,0.27856360063996427
102,1034,0.2656558973844661
102,1035,0.2827139212641605
102,1036,0.2717753718065661
102,1037,0.2835036280543305
102,1038,0.28217791817909066
102,1039,0.27773961979289385
102,1040,0.26373489998107735
102,1041,0.2936140555281972
102,1042,0.2816382140614266
102,1043,0.2680623188268307
102,1044,0.2818685596765474
102,1045,0.2889883227126543
102,1046,0.28312270377957544
102,1047,0.29121465461198676
102,1048,0.29510916388312053
102,1049,0.2761885516865309
102,1050,0.26720579834871516
102,1051,0.2831076241509859
102,1052,0.2707126216832982
102,1053,0.27662339390710344
102,1054,0.2743038708387419
102,1055,0.27072425290595653
102,1056,0.2869329320829968
102,1057,0.26363214018733
102,1058,0.2754885810752248
102,1059,0.2840863265270411
102,1060,0.252014170552409
102,1061,0.27936789601348166
102,1062,0.2633024866497794
102,1063,0.2669869515784951
102,1064,0.26693195866983993
102,1065,0.2852198252844256
102,1066,0.2640258202026057
102,1067,0.2984830660875453
102,1068,0.27650085576744965
102,1069,0.2849487537561461
102,1070,0.27630632214767986
102,1071,0.284686217474383
102,1072,0.29005818450173665
102,1073,0.26318174461985744
102,1074,0.2745321711828542
102,1075,0.2868057267610417
102,1076,0.27898314525914747
102,1077,0.3076240947080213
102,1078,0.26818499107693516
102,1079,0.2689416200615639
102,1080,0.2900491755369098
102,1081,0.31635848034259884
102,1082,0.2709121364493703
102,1083,0.3294940285904463
102,1084,0.2828100496946379
102,1085,0.2961450738962306
102,1086,0.27428807907326275
102,1087,0.28492892135021297
102,1088,0.2836387441601864
102,1089,0.28471537384875983
102,1090,0.26907107857770696
102,1091,0.27783816706302555
102,1092,0.2865517891423647
102,1093,0.2833705191002336
102,1094,0.27449279538420746
102,1095,0.28086000057153926
102,1096,0.28227350393006967
102,1097,0.2733300494593243
102,1098,0.27452681542829027
102,1099,0.27918486054553543
102,1100,0.2938352234141771
102,1101,0.2682204697021218
102,1102,0.2828893786252931
102,1103,0.2720586706039517
102,1104,0.25433575136716974
102,1105,0.25862983007763707
102,1106,0.3094367634418399
102,1107,0.26892189508260683
102,1108,0.2870029418967491
102,1109,0.2512881277605545
102,1110,0.25827657448690994
102,1111,0.26107249010440914
102,1112,0.2867668714634208
102,1113,0.27361134179802826
102,1114,0.2718463650969572
102,1115,0.26393644962199897
102,1116,0.27719615503799083
102,1117,0.2543368869742682
102,1118,0.2723154820675074
102,1119,0.2852117419242859
102,1120,0.25638953475065007
102,1121,0.28191714300665743
102,1122,0.2824043922646101
102,1123,0.25174757283787397
102,1124,0.28460988679597543
102,1125,0.25360387459743855
102,1126,0.2706696474274924
102,1127,0.2789120376110077
102,1128,0.26653132604998214
102,1129,0.2903980820678001
102,1130,0.28314028922901596
102,1131,0.28300002771754595
102,1132,0.29094745877177214
102,1133,0.3008147173149641
102,1134,0.28217698044555134
102,1135,0.29763211344563684
102,1136,0.26128556769947675
102,1137,0.29543225432551184
102,1138,0.2753271855587183
102,1139,0.3034299230852792
102,1140,0.28674993057583653
102,1141,0.2835244037384211
102,1142,0.27986302417378095
102,1143,0.293255103881969
102,1144,0.2801991638749145
102,1145,0.2802093424076258
102,1146,0.2510438121335451
102,1147,0.27612708058468133
102,1148,0.2554389397765315
102,1149,0.25527479690174726
102,1150,0.2636563410592634
102,1151,0.25725615786951644
102,1152,0.28635693220205083
102,1153,0.262467143840568
102,1154,0.2761585698571316
102,1155,0.2846303131691245
102,1156,0.28820107288138813
102,1157,0.26189683689627535
102,1158,0.2580160845157712
102,1159,0.27485025414200714
102,1160,0.28857617807942765
102,1161,0.2782722961070926
102,1162,0.25967331334602
102,1163,0.28805665290632915
102,1164,0.28173047096230264
102,1165,0.26459806637708533
102,1166,0.29388669271801793
102,1167,0.2728583147359449
102,1168,0.2768820441046426
102,1169,0.2716732191485028
102,1170,0.27208483080531276
102,1171,0.2645042698050654
102,1172,0.26144015685070393
102,1173,0.2605849501005439
102,1174,0.27772378782893337
102,1175,0.24825236201286316
102,1176,0.2668963868257611
102,1177,0.27079837890558467
102,1178,0.26471719423005746
102,1179,0.2767157686311145
102,1180,0.28610109173974324
102,1181,0.26979220121405845
102,1182,0.2569672860378443
102,1183,0.2626880310302557
102,1184,0.28264312064924907
102,1185,0.28593703307384666
102,1186,0.2995947855849599
102,1187,0.26779169329377106
102,1188,0.2864483071621074
102,1189,0.27174257608347163
102,1190,0.25974144561346185
102,1191,0.2818384153205295
102,1192,0.2723466261874798
102,1193,0.2737276762030845
102,1194,0.2608595150847768
102,1195,0.2690437588580819
102,1196,0.2855393865773844
102,1197,0.28407710236172345
102,1198,0.2790286062761795
102,1199,0.2729762148025424
102,1200,0.2701036971668864
102,1201,0.27040594573630844
102,1202,0.2848618824121564
102,1203,0.28797588098880855
102,1204,0.2560569491497306
102,1205,0.27157036682894065
102,1206,0.2930134922959084
102,1207,0.27470073242520177
102,1208,0.2702159874661024
102,1209,0.2839047437490419
102,1210,0.25926349052163056
102,1211,0.27553714985071226
102,1212,0.29495403517124263
102,1213,0.2681845391905585
102,1214,0.2824960728717405
102,1215,0.27442212021628093
102,1216,0.24853795628214992
102,1217,0.27201584397360334
102,1218,0.25879102910673896
102,1219,0.2662100902823515
102,1220,0.27093207766843397
102,1221,0.25906723183254865
102,1222,0.2538135585396789
102,1223,0.2588374108769173
102,1224,0.24966368425724117
102,1225,0.26963548327601233
102,1226,0.26859237288319787
102,1227,0.25819254198739694
102,1228,0.26508795660595563
102,1229,0.2693238029646319
102,1230,0.25788049191929574
102,1231,0.2658676248650218
102,1232,0.26052031544751897
102,1233,0.27151210917982943
102,1234,0.2600095989399178
102,1235,0.272242734598559
102,1236,0.2606394672116568
102,1237,0.2778631337853365
102,1238,0.27108661518540494
102,1239,0.2765622963738996
102,1240,0.25014655465303465
102,1241,0.2817925471206044
102,1242,0.25860603950744454
102,1243,0.26855479977851693
102,1244,0.256768342713977
102,1245,0.27346416337545526
102,1246,0.2766753954942836
102,1247,0.26157695505508155
102,1248,0.27674670552098474
102,1249,0.28445610611937766
102,1250,0.2771772908609967
102,1251,0.2838119531786719
102,1252,0.28692354157913563
102,1253,0.29210556177205815
102,1254,0.27405262478562287
102,1255,0.26644484317579936
102,1256,0.2575335578863011
102,1257,0.26785654869190484
102,1258,0.28012163694514786
102,1259,0.2930157427177873
102,1260,0.2574482466592345
102,1261,0.2910157830216164
102,1262,0.27854867314183435
102,1263,0.26863422851229823
102,1264,0.2769152466640916
102,1265,0.25587872848954313
102,1266,0.26931927786316984
102,1267,0.25766748501810915
102,1268,0.2576783542023149
102,1269,0.24807468333909677
102,1270,0.2592153251171112
102,1271,0.28590299500975497
102,1272,0.2875845245150633
102,1273,0.2731744265833566
102,1274,0.2891037970088249
102,1275,0.2732926510101141
102,1276,0.2799129077168398
102,1277,0.2695466681968334
102,1278,0.2577244625535122
102,1279,0.2628226564374081
102,1280,0.26631312800008194
102,1281,0.2798992409262546
102,1282,0.2581873175709747
102,1283,0.27217366182526875
102,1284,0.2598691551491272
102,1285,0.26695299633713654
102,1286,0.2679315157407938
102,1287,0.28030334517013195
102,1288,0.2730674771375434
102,1289,0.263236440198366
102,1290,0.2673988307631293
102,1291,0.28395190280537275
102,1292,0.2611098795436149
102,1293,0.2760653034892193
102,1294,0.28136985870294795
102,1295,0.28604358573292576
102,1296,0.2650763711263967
102,1297,0.27519921646561735
102,1298,0.2720857903707859
102,1299,0.2769715467164683
102,1300,0.28110935937526615
102,1301,0.2769274080908576
102,1302,0.2650416625100513
102,1303,0.2781780999760295
102,1304,0.27249572859253995
102,1305,0.26107077404510143
102,1306,0.2554901578398638
102,1307,0.2658408377752748
102,1308,0.26291560918785806
102,1309,0.2657799997995066
102,1310,0.26169916121072545
102,1311,0.2655640660330307
102,1312,0.2560308644937914
102,1313,0.26993854032006376
102,1314,0.25115652001181316
102,1315,0.26942181864450143
102,1316,0.2522152440492497
102,1317,0.24883829473063004
102,1318,0.2867225859054299
102,1319,0.26930550607137904
102,1320,0.2629542375026747
102,1321,0.2588131729253503
102,1322,0.2578734783239143
102,1323,0.25758798940237176
102,1324,0.29049992838571237
102,1325,0.2741812994313795
102,1326,0.257444377208865
102,1327,0.2582520267298055
102,1328,0.27072683531184527
102,1329,0.26069604172263033
102,1330,0.26928048424942547
102,1331,0.27343323029751
102,1332,0.27059909632039625
102,1333,0.2585125177405601
102,1334,0.2654445854037307
102,1335,0.2603789893693702
102,1336,0.24856494436430376
102,1337,0.2512201812378196
102,1338,0.2783667666967525
102,1339,0.267450014519137
102,1340,0.26159223082453703
102,1341,0.30051968610563945
102,1342,0.26986493759377056
102,1343,0.2734701297310896
102,1344,0.248026545657668
102,1345,0.2553242254395818
102,1346,0.2797540939131448
102,1347,0.255789028350697
102,1348,0.25644998148430226
102,1349,0.26248370214950206
102,1350,0.25832842671593953
102,1351,0.2591418932343638
102,1352,0.2669911911321241
102,1353,0.27533992570500043
102,1354,0.25892735012741974
102,1355,0.24654312847658647
102,1356,0.27237143072971076
102,1357,0.275213927377102
102,1358,0.2486000282819881
102,1359,0.24699542619461237
102,1360,0.2429304064013237
102,1361,0.25295811752940334
102,1362,0.25693708450295205
102,1363,0.2861480563879013
102,1364,0.2639513611793518
102,1365,0.27384935873885485
102,1366,0.2620529289855513
102,1367,0.2938127746415693
102,1368,0.2721415820509888
102,1369,0.28209135768025423
102,1370,0.28540437374004096
102,1371,0.2716383220151413
102,1372,0.26069502151289653
102,1373,0.26397997314153715
102,1374,0.25848458949909653
102,1375,0.2614056405632995
102,1376,0.24865151421968326
102,1377,0.25182441951230516
102,1378,0.2669888966998389
102,1379,0.257651763946511
102,1380,0.24465630012889242
102,1381,0.24226552317308825
102,1382,0.25033277550409005
102,1383,0.2503625154495239
102,1384,0.2473462632922239
102,1385,0.26418240195096926
102,1386,0.2701307257940603
102,1387,0.28662558558375334
102,1388,0.2562989086605782
102,1389,0.2827197306377943
102,1390,0.26455021112464194
102,1391,0.27751899805179864
102,1392,0.26430842141772426
102,1393,0.26649353531903996
102,1394,0.26097918942917225
102,1395,0.2615338272826616
102,1396,0.24666339852089106
102,1397,0.2641680864400642
102,1398,0.2852436151615409
102,1399,0.28121995163518326
102,1400,0.27022565624048545
102,1401,0.26612523752589556
102,1402,0.25158796857955845
102,1403,0.2681145321491153
102,1404,0.26022875031759574
102,1405,0.2700959956923196
102,1406,0.250724581091903
102,1407,0.23835318379623946
102,1408,0.24511923450370168
102,1409,0.24666970032592153
102,1410,0.2696823883195256
102,1411,0.25153290740279266
102,1412,0.2519739963287531
102,1413,0.25375049405319744
102,1414,0.25633153735205183
102,1415,0.2597781395496324
102,1416,0.2563818928807281
102,1417,0.2615837641926699
102,1418,0.24266568034194236
102,1419,0.27337914635968763
102,1420,0.2538092635398687
102,1421,0.29069094151951547
102,1422,0.26650252175885575
102,1423,0.2593169933141664
102,1424,0.2443214790072552
102,1425,0.2638852748759957
102,1426,0.263261116521303
102,1427,0.2398040908020596
102,1428,0.26084595225578133
102,1429,0.245933556972548
102,1430,0.24964584306228993
102,1431,0.2534568774145703
102,1432,0.241991238538609
102,1433,0.2553536524606306
102,1434,0.27036460333092266
102,1435,0.27405608670656073
102,1436,0.28332534571026646
102,1437,0.25175734557384666
102,1438,0.2691697963448458
102,1439,0.24591532418894213
102,1440,0.2555163558139357
102,1441,0.2719987831836523
102,1442,0.24722524299178011
102,1443,0.2812558863052102
102,1444,0.2587860500396684
102,1445,0.2588730509891066
102,1446,0.2700820184031198
102,1447,0.2457110420909039
102,1448,0.25819678639256677
102,1449,0.2449147479478703
102,1450,0.2524903790895329
102,1451,0.23860253532265507
102,1452,0.24187456452569298
102,1453,0.26635195973307585
102,1454,0.25376937174519826
102,1455,0.26528353400008625
102,1456,0.2692527219999668
102,1457,0.24960359168607135
102,1458,0.26246351038300714
102,1459,0.24871191001215645
102,1460,0.2504992706831111
102,1461,0.24561759898828905
102,1462,0.2610983737679415
102,1463,0.26827129998872445
102,1464,0.2519836585189021
102,1465,0.2620095811610998
102,1466,0.2604059622038242
102,1467,0.2677397755689399
102,1468,0.2552504387012748
102,1469,0.26438806569853496
102,1470,0.26210054408672245
102,1471,0.2515040660320326
102,1472,0.26277545233105504
102,1473,0.2504993351392968
102,1474,0.2565964664830718
102,1475,0.2768405765988106
102,1476,0.2678004898304163
102,1477,0.253078069797782
102,1478,0.26355597168900247
102,1479,0.23580160598422206
102,1480,0.2506167975276016
102,1481,0.25549420714378357
102,1482,0.24228452492591945
102,1483,0.25538266120955
102,1484,0.24967422457628471
102,1485,0.2514938202708267
102,1486,0.2716485282709432
102,1487,0.26052846603615337
102,1488,0.2730961046939672
102,1489,0.245547570114912
102,1490,0.23827487923378168
102,1491,0.26826884233674336
102,1492,0.2434156308340472
102,1493,0.25884723178175995
102,1494,0.27409628761369126
102,1495,0.24514806513176407
102,1496,0.2741076208131258
102,1497,0.26911318579385446
102,1498,0.2554553241230721
102,1499,0.2504229271827742
102,1500,0.24336826731992323
102,1501,0.24237904368444932
102,1502,0.2552278987890066
102,1503,0.24902821696081825
102,1504,0.2467947467121967
102,1505,0.2642775101717128
102,1506,0.25507035158401314
102,1507,0.23916628298371337
102,1508,0.25013379510058914
102,1509,0.2583264975353729
102,1510,0.2528433577958928
102,1511,0.24987594194190446
102,1512,0.26152253636094025
102,1513,0.2661019840905833
102,1514,0.2602447593627974
102,1515,0.2748838905678239
102,1516,0.25817438821459926
102,1517,0.24407446800276292
102,1518,0.23719713334427323
102,1519,0.25729903648065966
102,1520,0.26619287528270896
102,1521,0.24940976188626401
102,1522,0.24313907048036887
102,1523,0.2549007216165232
102,1524,0.2600338070891624
102,1525,0.2609818154989287
102,1526,0.23827352080234263
102,1527,0.2381890506245369
102,1528,0.2694339017535365
102,1529,0.2384450972773308
102,1530,0.2530262397472249
102,1531,0.2576847554639328
102,1532,0.23838404306145602
102,1533,0.25740015645359837
102,1534,0.2675767509743225
102,1535,0.25532086436138596
102,1536,0.25463136129601055
102,1537,0.2565347694380339
102,1538,0.2624266646629156
102,1539,0.2565736278545025
102,1540,0.26332301733105684
102,1541,0.2397096801635831
102,1542,0.25745313389356744
102,1543,0.24501172643761301
102,1544,0.24644664761631987
102,1545,0.24373031875421836
102,1546,0.2515905582627585
102,1547,0.2444973993440007
102,1548,0.2472499134235604
102,1549,0.24457304699476376
102,1550,0.2572287560202355
102,1551,0.25774962021860964
102,1552,0.23193496396375257
102,1553,0.27837310904680296
102,1554,0.24450367550517238
102,1555,0.2530210330042728
102,1556,0.23390868583390878
102,1557,0.2638789519321087
102,1558,0.24338358606016913
102,1559,0.27137562701868456
102,1560,0.2401496719482333
102,1561,0.24842209940732912
102,1562,0.24576345086097717
102,1563,0.23832108392271883
102,1564,0.23356090936549875
102,1565,0.25128189075824825
102,1566,0.2598081743994424
102,1567,0.2591724461594293
102,1568,0.2540008675220401
102,1569,0.24531029545983604
102,1570,0.24674494911071865
102,1571,0.2642880400945974
102,1572,0.24241250822710436
102,1573,0.254418870044309
102,1574,0.25688617035400035
102,1575,0.22644292095372842
102,1576,0.2595729294211365
102,1577,0.25610241709753523
102,1578,0.2571211096852325
102,1579,0.24100965192151624
102,1580,0.2696408255155696
102,1581,0.25154877817908
102,1582,0.2455153655867244
102,1583,0.24808100905529287
102,1584,0.2730821710686351
102,1585,0.26291468670201856
102,1586,0.2696224929288376
102,1587,0.22803300099317417
102,1588,0.2648414810036504
102,1589,0.2427911838126737
102,1590,0.2516700535319572
102,1591,0.2641800149928692
102,1592,0.2312724670005399
102,1593,0.24831889396490053
102,1594,0.23107131068096604
102,1595,0.2490912710511407
102,1596,0.2543352152719054
102,1597,0.26210717683614687
102,1598,0.25566156728323114
102,1599,0.23457849822765173
102,1600,0.2464996541655341
102,1601,0.26411188341850456
102,1602,0.25480377604795057
102,1603,0.2536590688450392
102,1604,0.2399331345114597
102,1605,0.23332600087620492
102,1606,0.24907341287579648
102,1607,0.23417141790999924
102,1608,0.23118589645208315
102,1609,0.23960396162299222
102,1610,0.25268554964730905
102,1611,0.2323592856179836
102,1612,0.2682237216206484
102,1613,0.25280750872090807
102,1614,0.25934074715126393
102,1615,0.25646195058212723
102,1616,0.23822742423345877
102,1617,0.2455199336589769
102,1618,0.25263511233551555
102,1619,0.24749159812927246
102,1620,0.2609625306240348
102,1621,0.24851370342942172
102,1622,0.26767225113025933
102,1623,0.24006248560062673
102,1624,0.2314268711001374
102,1625,0.2311227737471115
102,1626,0.26759595025417415
102,1627,0.2457391009774319
102,1628,0.2597922713950623
102,1629,0.2511328507301419
102,1630,0.2603322638328685
102,1631,0.23634697912737382
102,1632,0.25976438092630966
102,1633,0.27174459709677584
102,1634,0.25406625762928364
102,1635,0.2516256501508314
102,1636,0.25132234637127365
102,1637,0.2515928045261738
102,1638,0.2573178694691769
102,1639,0.2336133371951968
102,1640,0.2601042622050574
102,1641,0.24892013190790666
102,1642,0.23356602427571319
102,1643,0.24785448714744213
102,1644,0.24729778323062632
102,1645,0.2529754680256511
102,1646,0.25077309927275016
102,1647,0.23593561767145646
102,1648,0.2740152415841125
102,1649,0.23774508785369786
102,1650,0.23838409365609634
102,1651,0.2386901039023732
102,1652,0.23043801791446153
102,1653,0.2473545892294063
102,1654,0.2356682329676872
102,1655,0.2374903608200162
102,1656,0.23549298872781355
102,1657,0.2482235403948052
102,1658,0.23246565079966255
102,1659,0.23949218142864315
102,1660,0.22375763432924137
102,1661,0.23725515985211662
102,1662,0.23152670541474984
102,1663,0.23417844848577365
102,1664,0.2521786242723465
102,1665,0.22682722190091775
102,1666,0.22959625305131423
102,1667,0.2391385976658311
102,1668,0.23603666036628013
102,1669,0.24445803775343783
102,1670,0.24808231585247573
102,1671,0.25685444543528
102,1672,0.24220456148302832
102,1673,0.23877605310706204
102,1674,0.2455910115047943
102,1675,0.2367332338593727
102,1676,0.2466925289048705
102,1677,0.2511178227358086
102,1678,0.2459930632003518
102,1679,0.25409176772417025
102,1680,0.2365660563457844
102,1681,0.23828844344893166
102,1682,0.2311668389065321
102,1683,0.2682764013839323
102,1684,0.24555144545643828
102,1685,0.24605696492416915
102,1686,0.23030267863772635
102,1687,0.23410355351692022
102,1688,0.2611643360104672
102,1689,0.2506333416284517
102,1690,0.258291257675304
102,1691,0.24762940822645677
102,1692,0.26825546386630034
102,1693,0.23484967337098234
102,1694,0.2868108423643334
102,1695,0.24400695499985717
102,1696,0.24993498554063398
102,1697,0.2653224464765815
102,1698,0.25081595362618914
102,1699,0.24989713485850845
102,1700,0.24351783893829168
102,1701,0.2312418049158052
102,1702,0.2500832215991131
102,1703,0.2568399410608203
102,1704,0.25800655539645706
102,1705,0.22808715077333672
102,1706,0.24580670373384342
102,1707,0.24487426946329516
102,1708,0.24418094615603603
102,1709,0.2570999805317369
102,1710,0.26299714695575627
102,1711,0.2550819634005081
102,1712,0.2448547499817471
102,1713,0.23925629292809686
102,1714,0.21763290291608767
102,1715,0.23824479968048806
102,1716,0.24344021289847617
102,1717,0.24162832387658054
102,1718,0.2437774213247521
102,1719,0.2261458184829978
102,1720,0.2280974703472714
102,1721,0.22080009344012239
102,1722,0.24186950090319612
102,1723,0.24875757410082705
102,1724,0.24752452276473821
102,1725,0.23942172007505283
102,1726,0.2477819656216821
102,1727,0.2476873841396598
102,1728,0.22637342263099758
102,1729,0.2585964251396268
102,1730,0.2618491140215896
102,1731,0.25205472111701965
102,1732,0.23935601600380832
102,1733,0.24778703686802886
102,1734,0.24762750850167387
102,1735,0.23478940926318945
102,1736,0.24736275645189507
102,1737,0.24411396093146745
102,1738,0.23477626470632332
102,1739,0.25166819157988524
102,1740,0.24548485389975613
102,1741,0.2698406327602475
102,1742,0.2401829348054043
102,1743,0.25321190371069796
102,1744,0.23880146062651345
102,1745,0.2745498605938845
102,1746,0.2452722365079924
102,1747,0.2618445022854694
102,1748,0.22914973802344743
102,1749,0.23663911396680876
102,1750,0.24326540945574296
102,1751,0.2224875705879788
102,1752,0.2646692499171856
102,1753,0.2651107917691386
102,1754,0.23583646187948626
102,1755,0.2541028309700101
102,1756,0.2519739277141039
102,1757,0.25507051515024765
102,1758,0.2518458643624949
102,1759,0.22494902583055718
102,1760,0.25478159896163055
102,1761,0.23981042968672375
102,1762,0.24232839186524235
102,1763,0.24065448967523353
102,1764,0.22322313799414523
102,1765,0.23417470690815947
102,1766,0.2453501785910407
102,1767,0.259414441363756
102,1768,0.22908772562825402
102,1769,0.24603735187719034
102,1770,0.2246609094531037
102,1771,0.2331830730964971
102,1772,0.2458280300678209
102,1773,0.22935665762701699
102,1774,0.2635027530581452
102,1775,0.23616353093191636
102,1776,0.24906713117000667
102,1777,0.23886797455854195
102,1778,0.24238615015218423
102,1779,0.24366736100163572
102,1780,0.23455639945906262
102,1781,0.2303772454344949
102,1782,0.22568790372027908
102,1783,0.24459395505661188
102,1784,0.24477449198101842
102,1785,0.24913992022359094
102,1786,0.2341840849366299
102,1787,0.2540194627850555
102,1788,0.24301401023254837
102,1789,0.24927698526271555
102,1790,0.23912137677503187
102,1791,0.2401843715545743
102,1792,0.23773305776507356
102,1793,0.23814547685689705
102,1794,0.24234141305435536
102,1795,0.23535103922666506
102,1796,0.2521743247675341
102,1797,0.24578066897946735
102,1798,0.2337965258332186
102,1799,0.21903260953204576
102,1800,0.24136058604994484
102,1801,0.24685757728510124
102,1802,0.2615353132403174
102,1803,0.2412591749845549
102,1804,0.24686724675256153
102,1805,0.22500757110673328
102,1806,0.24559272271256113
102,1807,0.2409877045903095
102,1808,0.22438127946021946
102,1809,0.2410411557485891
102,1810,0.2739324611286784
102,1811,0.24738846130149308
102,1812,0.2489161532978679
102,1813,0.2339893627998441
102,1814,0.2622888289218725
102,1815,0.23504788515179656
102,1816,0.22622453785219857
102,1817,0.22678835170213565
102,1818,0.2322356402873993
102,1819,0.23758144191531247
102,1820,0.22896079857682072
102,1821,0.2456154923799426
102,1822,0.22561757023944412
102,1823,0.24324508253918137
102,1824,0.2415941274443338
102,1825,0.25133762456649955
102,1826,0.24047294016494308
102,1827,0.22712655815967295
102,1828,0.2317965578201205
102,1829,0.2317316781642825
102,1830,0.24886981449847997
102,1831,0.24714901384919188
102,1832,0.24737880812134855
102,1833,0.2365760040837665
102,1834,0.24281287643798563
102,1835,0.25501075456308764
102,1836,0.25308799535729165
102,1837,0.2303940671127896
102,1838,0.24641192513842916
102,1839,0.24173955064873362
102,1840,0.23218779231226722
102,1841,0.2530865135580994
102,1842,0.24254049118175064
102,1843,0.2279493607753931
102,1844,0.22679440989050753
102,1845,0.24335906949154165
102,1846,0.24085798651673074
102,1847,0.24548690021038055
102,1848,0.2230911847463874
102,1849,0.25125741404156354
102,1850,0.24928591348404108
102,1851,0.24302325761595436
102,1852,0.25887142295061155
102,1853,0.27361546283544497
102,1854,0.25020449521929716
102,1855,0.2340604177741117
102,1856,0.2456533565770748
102,1857,0.2582376370596331
102,1858,0.22647561410138772
102,1859,0.25631300723829936
102,1860,0.2377745197262875
102,1861,0.2611879505390345
102,1862,0.2591785407343576
102,1863,0.24761269120282905
102,1864,0.26367347878079084
102,1865,0.2478421455205873
102,1866,0.25462733382402464
102,1867,0.2563131028829619
102,1868,0.24991042426852292
102,1869,0.26058466212694037
102,1870,0.2564625552920408
102,1871,0.22674535665401194
102,1872,0.24730739343998043
102,1873,0.23764462387839028
102,1874,0.2667607900708221
102,1875,0.2417167619217274
102,1876,0.2162439417700435
102,1877,0.24245615268862525
102,1878,0.24212940764981647
102,1879,0.21848152196684548
102,1880,0.2335808405349421
102,1881,0.23407691509224648
102,1882,0.22750704648882844
102,1883,0.2497240076231402
102,1884,0.2435211296691451
102,1885,0.23504883778649707
102,1886,0.26608124721881954
102,1887,0.2565762612015702
102,1888,0.24575057903001474
102,1889,0.2520496346229731
102,1890,0.23993144132370173
102,1891,0.2307886477819709
102,1892,0.256471629059592
102,1893,0.25204570556795874
102,1894,0.23970405722773352
102,1895,0.24747426114803137
102,1896,0.2413242715735768
102,1897,0.22556018205576164
102,1898,0.2289522498152977
102,1899,0.2472576620273812
102,1900,0.2485822421866794
102,1901,0.22161447100861129
102,1902,0.24899368265340494
102,1903,0.23862072305623874
102,1904,0.23333318392897762
102,1905,0.24163411730943724
102,1906,0.2279964155235956
102,1907,0.26626456130382625
102,1908,0.2184534998134125
102,1909,0.2410816390847051
102,1910,0.23759846423947534
102,1911,0.23219693677369938
102,1912,0.2455339930778326
102,1913,0.23089197797830716
102,1914,0.2383778091779975
102,1915,0.24070347117823224
102,1916,0.22598206685032957
102,1917,0.23768057102380796
102,1918,0.23321988589541856
102,1919,0.260679820249247
102,1920,0.2328556436438893
102,1921,0.26235450007194694
102,1922,0.24299871020538863
102,1923,0.26620576651983485
102,1924,0.25704866162566253
102,1925,0.25377242509708847
102,1926,0.22827093753703806
102,1927,0.24762977832971617
102,1928,0.2710264401380406
102,1929,0.2523046759671943
102,1930,0.24902724422687708
102,1931,0.24112828353116678
102,1932,0.23513208502946897
102,1933,0.2509679974511612
102,1934,0.2342890362406886
102,1935,0.2436746636102366
102,1936,0.2400335711102153
102,1937,0.24172137573707936
102,1938,0.24225243371586466
102,1939,0.23701050531032475
102,1940,0.24566824283710745
102,1941,0.24521466465883476
102,1942,0.24075291912223018
102,1943,0.22567277037820152
102,1944,0.22683185928089675
102,1945,0.22123632077560867
102,1946,0.2028387999811838
102,1947,0.23989582962768022
102,1948,0.23571028924265572
102,1949,0.21608238164768662
102,1950,0.2391600262287051
103,1,1.8847916874774666
103,2,1.1579903724581697
103,3,1.0106370060942893
103,4,0.9486278156901515
103,5,0.8521733949350756
103,6,0.8031829748042795
103,7,0.7956448377564896
103,8,0.7477877431137617
103,9,0.7442565144494523
103,10,0.6966058639592903
103,11,0.6792337132054705
103,12,0.6956696676653485
103,13,0.695707407108573
103,14,0.6668538589810216
103,15,0.6471596554268239
103,16,0.6559027474980021
103,17,0.6357844499654548
103,18,0.652346927066182
103,19,0.6358016230339227
103,20,0.627411634423012
103,21,0.6209948132204455
103,22,0.6108277093532474
103,23,0.6248047268667887
103,24,0.6295731899350189
103,25,0.5917780537937962
103,26,0.595239192940468
103,27,0.6186007940491964
103,28,0.589047605215117
103,29,0.6007587757221488
103,30,0.5790677749833395
103,31,0.6058243956676749
103,32,0.5703518612440243
103,33,0.5865750645482263
103,34,0.5662387678789538
103,35,0.5821694094081258
103,36,0.5574440956115723
103,37,0.5729443375454393
103,38,0.5922575981117958
103,39,0.5733373095822889
103,40,0.5366993061331815
103,41,0.551657356495081
103,42,0.5721128818600677
103,43,0.5437587860018708
103,44,0.5738110916559086
103,45,0.5644300968147987
103,46,0.5411860707194306
103,47,0.5475729981134104
103,48,0.5594163204348365
103,49,0.5381684642891551
103,50,0.5383520084758138
103,51,0.5508262210114058
103,52,0.5406334358592366
103,53,0.5265149536520936
103,54,0.5479912231134814
103,55,0.5290728114372076
103,56,0.533511143091113
103,57,0.49490683716396955
103,58,0.5532826808995979
103,59,0.528181464173073
103,60,0.531590178955433
103,61,0.5318358769250471
103,62,0.535645141157993
103,63,0.5183204384737237
103,64,0.517484494419985
103,65,0.4767936953278475
103,66,0.5005172740581424
103,67,0.4942102383735568
103,68,0.5299554162247236
103,69,0.5127891281316447
103,70,0.5045470928036889
103,71,0.49186957714169527
103,72,0.48184004356694776
103,73,0.49422103443811105
103,74,0.49832618097926296
103,75,0.5041829195133475
103,76,0.5163840859435326
103,77,0.5129197926022285
103,78,0.49786064305970834
103,79,0.5138060242630714
103,80,0.501654141171034
103,81,0.4979405416998752
103,82,0.48600843479466993
103,83,0.4921375831892324
103,84,0.489226957393247
103,85,0.48422721374866573
103,86,0.49029314656590306
103,87,0.49354021216547767
103,88,0.47645915802135025
103,89,0.46009206633235133
103,90,0.47501219982324644
103,91,0.48349765636200126
103,92,0.4754013599351395
103,93,0.4740553290344948
103,94,0.494493376377017
103,95,0.48845327316328535
103,96,0.455254640690116
103,97,0.4677243697088818
103,98,0.45887499701145085
103,99,0.4560278515483058
103,100,0.463525862194771
103,101,0.4555279120456341
103,102,0.4805474024872447
103,103,0.4744811037252116
103,104,0.4632990166198376
103,105,0.48047597879587217
103,106,0.4668943660203801
103,107,0.47558922268623527
103,108,0.4858973573806674
103,109,0.46722894629766776
103,110,0.47916410967361095
103,111,0.45775748546733414
103,112,0.46240005936733514
103,113,0.46410984078118966
103,114,0.460447630216909
103,115,0.45615722342979076
103,116,0.42451903362606846
103,117,0.46401023033053374
103,118,0.46676715030226595
103,119,0.44757731085599856
103,120,0.43518521758012996
103,121,0.4500677980655848
103,122,0.44843319127726
103,123,0.43159367525300313
103,124,0.4525573544724043
103,125,0.4639068426087845
103,126,0.4613647953022358
103,127,0.46885880342749664
103,128,0.45174144312392833
103,129,0.47978891605554624
103,130,0.44865805673044784
103,131,0.45946671380553133
103,132,0.47880092886991277
103,133,0.42547432905019716
103,134,0.47608970486840535
103,135,0.41937272493229355
103,136,0.4499651512434316
103,137,0.4354956510455109
103,138,0.43955506419026574
103,139,0.4434370225252107
103,140,0.4398202112940855
103,141,0.4542748117169669
103,142,0.431215658437374
103,143,0.44982989305673643
103,144,0.46086093714070875
103,145,0.4370529665503391
103,146,0.4425332567026449
103,147,0.45423047556433566
103,148,0.44888334703999894
103,149,0.4679295198861943
103,150,0.4301877541597499
103,151,0.44464667176091394
103,152,0.43017346221347186
103,153,0.44378744031107703
103,154,0.4394931439743486
103,155,0.4663862350375153
103,156,0.452540748341139
103,157,0.4274487065714459
103,158,0.4220094119393548
103,159,0.4563436764617299
103,160,0.42213147462800493
103,161,0.44029150660647903
103,162,0.45053438669027285
103,163,0.44643130066782927
103,164,0.4399068133775578
103,165,0.46394598137500676
103,166,0.41199360060137374
103,167,0.45603606035543043
103,168,0.4288838263167891
103,169,0.40772304424019745
103,170,0.40015321900678236
103,171,0.4169744031373845
103,172,0.40913913347000297
103,173,0.4364894843378732
103,174,0.41022443216900495
103,175,0.4471319754456365
103,176,0.4216748656228531
103,177,0.42247111021086226
103,178,0.4231626453787781
103,179,0.42293495147727256
103,180,0.4155006796814675
103,181,0.44280220256295316
103,182,0.40222132205963135
103,183,0.4049872610458108
103,184,0.4270155568455541
103,185,0.4171186345954274
103,186,0.4385171137576879
103,187,0.41591618504635125
103,188,0.3990886190602946
103,189,0.4030791832957157
103,190,0.4069708232269731
103,191,0.43018848258395526
103,192,0.425678993380347
103,193,0.4233350455760956
103,194,0.45477882096933764
103,195,0.42887064468028935
103,196,0.4546459760776786
103,197,0.4216082414915395
103,198,0.42643188945082733
103,199,0.4069735775160235
103,200,0.38370093426039054
103,201,0.41052223915277525
103,202,0.4262046474356984
103,203,0.4094625205494637
103,204,0.4009167967840683
103,205,0.42958530090575997
103,206,0.4187884268372558
103,207,0.43508370463238205
103,208,0.45116862100224164
103,209,0.42905493253885313
103,210,0.406191605468129
103,211,0.4055949089139007
103,212,0.4365236773047336
103,213,0.4188241508117942
103,214,0.408426855192628
103,215,0.4325410224670588
103,216,0.4287510673667109
103,217,0.39517417550086975
103,218,0.382900032886239
103,219,0.412071404068969
103,220,0.386353368675986
103,221,0.40200314618820365
103,222,0.3965990044349848
103,223,0.40041547459225324
103,224,0.3813356888848682
103,225,0.4137155212635218
103,226,0.402119028013806
103,227,0.3988372725109721
103,228,0.393852713496186
103,229,0.4278476168943006
103,230,0.42751213700272317
103,231,0.4133684177731359
103,232,0.41116984916287797
103,233,0.4287302126718122
103,234,0.43117783513180047
103,235,0.40623401971750484
103,236,0.4194987222205761
103,237,0.40338145092476246
103,238,0.4096676679544671
103,239,0.3928297182848287
103,240,0.41096178806105327
103,241,0.40325594364210615
103,242,0.4001615366270376
103,243,0.40619071832923004
103,244,0.40745056784430217
103,245,0.41305440040521846
103,246,0.4123436767001485
103,247,0.426173935102862
103,248,0.40507432957028233
103,249,0.4191055956274964
103,250,0.38515105150466744
103,251,0.39048002556312916
103,252,0.3745638388533925
103,253,0.39677455328231637
103,254,0.37649897849837016
103,255,0.4006287372389505
103,256,0.39988879824793616
103,257,0.3860697857169218
103,258,0.4356468534746835
103,259,0.37651129309521164
103,260,0.41466884626898654
103,261,0.4204099434752797
103,262,0.3867123951745588
103,263,0.4161482384038526
103,264,0.4074766760648683
103,265,0.3959725263506867
103,266,0.4153970064118851
103,267,0.3968615559644477
103,268,0.3888778894446617
103,269,0.38958167198092436
103,270,0.38841477383014766
103,271,0.39752163582069927
103,272,0.39585574075233104
103,273,0.4300148792045061
103,274,0.40272679647734
103,275,0.38679512988689335
103,276,0.37928671129914215
103,277,0.4058031924935274
103,278,0.3789710887642794
103,279,0.38757087394248607
103,280,0.36869121776070707
103,281,0.39507102758385415
103,282,0.399616222741992
103,283,0.3656840653613556
103,284,0.3697030953196592
103,285,0.3832294005294179
103,286,0.40037602671357087
103,287,0.40408904122751815
103,288,0.39710328190825706
103,289,0.39241523936737416
103,290,0.38778436530468074
103,291,0.3529286342997884
103,292,0.38320219586061877
103,293,0.4094755344612654
103,294,0.3884229223395503
103,295,0.3828636248444402
103,296,0.3892599760099899
103,297,0.3717623519342999
103,298,0.4129440541877303
103,299,0.40370834289595137
103,300,0.37372892817785575
103,301,0.37758104953654975
103,302,0.3920383931592453
103,303,0.3944667369820351
103,304,0.41190905349199164
103,305,0.3981253116629844
103,306,0.39203116436337315
103,307,0.3791925962581191
103,308,0.39789862203043563
103,309,0.37275847446086796
103,310,0.36576492841853653
103,311,0.35992797931959464
103,312,0.4167018602060717
103,313,0.3856529343959897
103,314,0.40504010264263596
103,315,0.39147543768550075
103,316,0.36156130183574764
103,317,0.389169504476148
103,318,0.39645814479783525
103,319,0.3595647465351016
103,320,0.36948462835578033
103,321,0.38627850454907087
103,322,0.36655703672142914
103,323,0.3955444215342056
103,324,0.38076132605242174
103,325,0.38386986699215203
103,326,0.3868850081465965
103,327,0.37549325269322065
103,328,0.3697631109592526
103,329,0.372720752344575
103,330,0.363542168639427
103,331,0.38134123696837313
103,332,0.37575031505074613
103,333,0.359383063260899
103,334,0.3732476178989854
103,335,0.37459062421044637
103,336,0.36378430557805436
103,337,0.3834439114082691
103,338,0.38679120360418806
103,339,0.36507772429044855
103,340,0.373885876910631
103,341,0.3604486584663391
103,342,0.3900697695654492
103,343,0.36953380911849265
103,344,0.3888666706029759
103,345,0.36837722672972567
103,346,0.37127832340639694
103,347,0.3631341166274492
103,348,0.3714012212531511
103,349,0.36118407512820044
103,350,0.35749357037766033
103,351,0.36266177546146305
103,352,0.363514582085055
103,353,0.3846425296262253
103,354,0.3768424377884976
103,355,0.38154772409172943
103,356,0.37580886067346086
103,357,0.3468360623648
103,358,0.37190428168274636
103,359,0.3752229421637779
103,360,0.3585351553074149
103,361,0.3356781407844189
103,362,0.35204254679901653
103,363,0.3634835890559263
103,364,0.34524056939191594
103,365,0.3813550874244335
103,366,0.3599394968775816
103,367,0.3462668283041133
103,368,0.4027445094529973
103,369,0.3788165768911672
103,370,0.39869398363800934
103,371,0.35448305274164954
103,372,0.3811246447784956
103,373,0.3812673625557922
103,374,0.354943222777788
103,375,0.39447886929955595
103,376,0.3584184279275495
103,377,0.35728761553764343
103,378,0.3623357034006784
103,379,0.3618152141571045
103,380,0.34588142467099564
103,381,0.36346113127331403
103,382,0.36792714166086776
103,383,0.3656100429767786
103,384,0.35497899041619413
103,385,0.35946986425754635
103,386,0.3400730213453603
103,387,0.36128864801207256
103,388,0.36494219095207925
103,389,0.3623116480749707
103,390,0.3468886655430461
103,391,0.36348298677178315
103,392,0.35157120851583257
103,393,0.33862682622532514
103,394,0.3660800775816274
103,395,0.3850645665512529
103,396,0.34620574393937753
103,397,0.35994254017985144
103,398,0.3601473653039267
103,399,0.33060700740925103
103,400,0.3607256759044736
103,401,0.3423054606415505
103,402,0.3737603987372199
103,403,0.35219202693118606
103,404,0.3610728064248728
103,405,0.3571277219195699
103,406,0.34960722438124725
103,407,0.3517649755921475
103,408,0.35054987045221553
103,409,0.36078537272852523
103,410,0.3434116958185684
103,411,0.34224170238472695
103,412,0.3508259931276011
103,413,0.36800081646719646
103,414,0.3383732881656913
103,415,0.35883114920106046
103,416,0.3536747950454091
103,417,0.39311992844869925
103,418,0.3598232137602429
103,419,0.3633079501085503
103,420,0.3368490289810092
103,421,0.3322858567847762
103,422,0.3361152465953383
103,423,0.3350786448911179
103,424,0.34864687850308973
103,425,0.32939256277195245
103,426,0.35857671014098236
103,427,0.3223911302034245
103,428,0.33214585448420325
103,429,0.3816377326499584
103,430,0.3561357488465864
103,431,0.3460103370422541
103,432,0.3609912499438885
103,433,0.35151737304620967
103,434,0.38002690257028093
103,435,0.3619838356971741
103,436,0.39054595037948253
103,437,0.36753733906635017
103,438,0.3491214229617008
103,439,0.36019926292951715
103,440,0.3499229571153951
103,441,0.3427023548026418
103,442,0.3513542704803999
103,443,0.351898031179295
103,444,0.3627508282661438
103,445,0.35679123221441755
103,446,0.3252542919890825
103,447,0.3686248140279637
103,448,0.3645949467670086
103,449,0.3480556690415671
103,450,0.3561448739018551
103,451,0.34214772387992504
103,452,0.3607306688330894
103,453,0.3440184052600417
103,454,0.3547188521817673
103,455,0.35773000744886174
103,456,0.36443776654642684
103,457,0.35505927440732027
103,458,0.37611108671787175
103,459,0.3514942194140235
103,460,0.34649014334345973
103,461,0.35506727667742
103,462,0.3495597361132156
103,463,0.32162646221560104
103,464,0.34618044661921127
103,465,0.3508779198624367
103,466,0.33617903465448423
103,467,0.35048786568087203
103,468,0.3517026159652444
103,469,0.37222475506538566
103,470,0.3341582660065141
103,471,0.33760126039039257
103,472,0.35628062902494917
103,473,0.32495627084443734
103,474,0.3637911337752675
103,475,0.3448548857555833
103,476,0.3509731944217238
103,477,0.3364198083101317
103,478,0.33014886601026666
103,479,0.35490417411161024
103,480,0.35569689786711406
103,481,0.3471560006917909
103,482,0.3503448082957157
103,483,0.3610725957293843
103,484,0.34970805395481197
103,485,0.36333141839781474
103,486,0.36052243307579396
103,487,0.3453735882459685
103,488,0.34581927643265836
103,489,0.35349521872609163
103,490,0.3425765460313753
103,491,0.3348349201124768
103,492,0.33606422224710153
103,493,0.3534257016902746
103,494,0.36790350148844164
103,495,0.36493041002473164
103,496,0.3703921381817308
103,497,0.3496355033198068
103,498,0.36520144828530243
103,499,0.3468518478925838
103,500,0.3592787828556327
103,501,0.33163069153940955
103,502,0.32427489133768306
103,503,0.34476838901985524
103,504,0.3464641342329424
103,505,0.3677452608596447
103,506,0.35089775088221525
103,507,0.3549616593261098
103,508,0.3227109299149624
103,509,0.33071556410124137
103,510,0.3476466543452684
103,511,0.34984242708184
103,512,0.33059915761614955
103,513,0.3468535057334013
103,514,0.3344523553238359
103,515,0.32268309731816136
103,516,0.32416248806687287
103,517,0.3410661948281665
103,518,0.3383397453053053
103,519,0.35503449966741163
103,520,0.3169527289479278
103,521,0.34570000337999923
103,522,0.3690893719362658
103,523,0.3425804633040761
103,524,0.34224555935970574
103,525,0.32725146274233974
103,526,0.3434303818747055
103,527,0.3518851018229196
103,528,0.3685869733954585
103,529,0.33744561810826146
103,530,0.35290401758149614
103,531,0.32605174114537794
103,532,0.34324995722881585
103,533,0.3265611667965734
103,534,0.34171162164488506
103,535,0.3422062951464986
103,536,0.34359582219012946
103,537,0.3081654604784278
103,538,0.33390531290409176
103,539,0.3408673350201097
103,540,0.34204603523709054
103,541,0.32361018519068874
103,542,0.33137960974560227
103,543,0.3552980104158091
103,544,0.3354099517644838
103,545,0.3480450608009516
103,546,0.32753237319547074
103,547,0.32403082903041397
103,548,0.3277057062747867
103,549,0.33966417506683705
103,550,0.3293841952501341
103,551,0.3346196419970934
103,552,0.3489925362343012
103,553,0.33139164156691975
103,554,0.3284692909828452
103,555,0.3476829736731773
103,556,0.32481755836065423
103,557,0.33026558091474134
103,558,0.3358950829783151
103,559,0.31832669848619505
103,560,0.3246716614379439
103,561,0.3415657080883204
103,562,0.33558769974597663
103,563,0.32846129980198174
103,564,0.3299032255660656
103,565,0.3324161054090012
103,566,0.3343587386053662
103,567,0.3329957266186559
103,568,0.31786390792491825
103,569,0.35441906507625137
103,570,0.32727552291958834
103,571,0.3289338551288427
103,572,0.3394536389860996
103,573,0.34347018183663836
103,574,0.31889201527418093
103,575,0.3393493592739105
103,576,0.33544135648150775
103,577,0.3347180603548538
103,578,0.3184287069841873
103,579,0.3487718777601109
103,580,0.33143486671669536
103,581,0.3287708696930908
103,582,0.3076540113881577
103,583,0.33267883644547575
103,584,0.31969551291576653
103,585,0.31257082833800204
103,586,0.32153470918189647
103,587,0.3374409737975098
103,588,0.3228328130966009
103,589,0.3324972217859224
103,590,0.3268335745778195
103,591,0.307111848232358
103,592,0.3178952225418978
103,593,0.3290389817814494
103,594,0.3273204731386761
103,595,0.31635946728462394
103,596,0.3231752701970034
103,597,0.3382020696651104
103,598,0.3180078607659007
103,599,0.3210304379463196
103,600,0.31500937633736187
103,601,0.3417018846023914
103,602,0.31740403868431266
103,603,0.31047879748566204
103,604,0.35692437582237774
103,605,0.3363174657488978
103,606,0.3135117687458216
103,607,0.32397150646808537
103,608,0.32262114175530365
103,609,0.3398227164911669
103,610,0.3240567549716595
103,611,0.3061284020889637
103,612,0.3390564592771752
103,613,0.32439070454863617
103,614,0.31775983336359953
103,615,0.33107825143392694
103,616,0.3331937692886175
103,617,0.3286949694156647
103,618,0.3156907537648844
103,619,0.3134644870148149
103,620,0.31379534477411314
103,621,0.3187619884346807
103,622,0.330367244953333
103,623,0.3135067626487377
103,624,0.3048681263313737
103,625,0.32452323270398514
103,626,0.32199333989342976
103,627,0.31595751158026764
103,628,0.31850944494092187
103,629,0.32287260959314745
103,630,0.3300568281218063
103,631,0.3191167424584544
103,632,0.3275064819080885
103,633,0.32383077019868894
103,634,0.3113599773063216
103,635,0.3231752715831579
103,636,0.31302941954413127
103,637,0.3474792436111805
103,638,0.3261638387691143
103,639,0.3137381021366563
103,640,0.3207186044648636
103,641,0.3245170754055644
103,642,0.3093204227990882
103,643,0.3226169125978337
103,644,0.32680174500443215
103,645,0.32883322100306667
103,646,0.33552060709443204
103,647,0.3194082614987396
103,648,0.2947419521420501
103,649,0.31811937066011653
103,650,0.31887507092121037
103,651,0.3448303889396579
103,652,0.3163468955561172
103,653,0.3416885026665621
103,654,0.3161156870598017
103,655,0.312928251055784
103,656,0.3123145789601082
103,657,0.3304841358994329
103,658,0.30900457224180533
103,659,0.316814195278079
103,660,0.3207624734834183
103,661,0.31780700905378473
103,662,0.3085067334563233
103,663,0.3030623765878899
103,664,0.31870954605036006
103,665,0.3313168037769406
103,666,0.3397644383962764
103,667,0.3152043355065723
103,668,0.3198677828145582
103,669,0.33026429802872415
103,670,0.3086521743341934
103,671,0.3128528976163199
103,672,0.2875720345696738
103,673,0.32548796784046086
103,674,0.3057194393734599
103,675,0.3295684408309848
103,676,0.31303840598394705
103,677,0.3153384660565576
103,678,0.32422656444616094
103,679,0.3027979579082755
103,680,0.32573466384133626
103,681,0.3094155109205911
103,682,0.31549434952957683
103,683,0.3169541414393935
103,684,0.3014893365460773
103,685,0.30182029826696527
103,686,0.30857720555261126
103,687,0.31420903081117674
103,688,0.3178067678628966
103,689,0.31740638613700867
103,690,0.33170682399771934
103,691,0.3233210472173469
103,692,0.3451953606550084
103,693,0.32033304350320685
103,694,0.31631761096244637
103,695,0.30332258343696594
103,696,0.3111847749976225
103,697,0.345710824395335
103,698,0.33221770788348
103,699,0.3244257673274639
103,700,0.3220843423244565
103,701,0.32511459672173787
103,702,0.32506110986997916
103,703,0.305765955254089
103,704,0.30300279585428014
103,705,0.32116506404654926
103,706,0.3094592780567879
103,707,0.32919404257175533
103,708,0.3220479675503664
103,709,0.31643177464950917
103,710,0.30697220841119455
103,711,0.3280934504298277
103,712,0.3064273879971615
103,713,0.31719266467316204
103,714,0.2889362098865731
103,715,0.3114530943160833
103,716,0.3100866813992345
103,717,0.3005665055541105
103,718,0.2989476544912471
103,719,0.30911166030307147
103,720,0.2889077940652537
103,721,0.3013291913409566
103,722,0.3074974677590437
103,723,0.29494585062182227
103,724,0.289946258761162
103,725,0.29478233636811724
103,726,0.3079023998837138
103,727,0.30142037951669026
103,728,0.298357265633206
103,729,0.2932405187640079
103,730,0.3014239606469177
103,731,0.3231173968592355
103,732,0.331519253032152
103,733,0.29362922144490616
103,734,0.2972486324088518
103,735,0.29686308045719945
103,736,0.2907910963823629
103,737,0.32376417379046596
103,738,0.35147053904311604
103,739,0.3065414102964623
103,740,0.3367318538732307
103,741,0.3316249923650609
103,742,0.3136492413143779
103,743,0.3036527633666992
103,744,0.30708309245664017
103,745,0.3157485813595528
103,746,0.3091650237870771
103,747,0.3104782672815545
103,748,0.2882302264834559
103,749,0.31481886187265085
103,750,0.29905810536340227
103,751,0.30256645831950874
103,752,0.3159672389196795
103,753,0.3002081083696942
103,754,0.30412147350089497
103,755,0.3059085565944051
103,756,0.303489976151045
103,757,0.3150467200334682
103,758,0.3029910034911577
103,759,0.31699880403141645
103,760,0.31781034691389215
103,761,0.30023797584134476
103,762,0.31028324920077655
103,763,0.31020312461742133
103,764,0.332939229732336
103,765,0.2965413255746974
103,766,0.31472067223038785
103,767,0.3105583495871965
103,768,0.3109860766765683
103,769,0.31832545718481375
103,770,0.30601741754731465
103,771,0.31884891418523564
103,772,0.2974636228971703
103,773,0.30557882023412125
103,774,0.28554917941259783
103,775,0.299238599663557
103,776,0.30410749274630877
103,777,0.2936820346255635
103,778,0.2855486488619516
103,779,0.2818780894889388
103,780,0.3169460823369581
103,781,0.30308675350144854
103,782,0.3179927301961322
103,783,0.30893788088199703
103,784,0.3116041338720987
103,785,0.31307709771533343
103,786,0.3125112209209176
103,787,0.3210109804951867
103,788,0.3233286495818648
103,789,0.3203245928121168
103,790,0.3110567386760268
103,791,0.3022397326868634
103,792,0.334106233230857
103,793,0.28447909965071566
103,794,0.32492020795511645
103,795,0.3106374075246412
103,796,0.30446406852367314
103,797,0.3047999386177507
103,798,0.29563998275024944
103,799,0.296266506577647
103,800,0.3047939074593921
103,801,0.2925875751778137
103,802,0.3073444193185762
103,803,0.29649056736813034
103,804,0.2866079398365908
103,805,0.3301043122313743
103,806,0.2971344902071842
103,807,0.29658641371616096
103,808,0.3159592934819155
103,809,0.29929474342701046
103,810,0.29713872768158134
103,811,0.30816597439521964
103,812,0.31719626382339833
103,813,0.3072402567364449
103,814,0.314835027899853
103,815,0.31315198817918466
103,816,0.30466008463571237
103,817,0.3198957103629445
103,818,0.3024712440579437
103,819,0.331283662208291
103,820,0.3175657287586567
103,821,0.32134078893550605
103,822,0.3160754501126533
103,823,0.30577003851879475
103,824,0.3104059751643691
103,825,0.2989917335122131
103,826,0.2853036931780882
103,827,0.27199696454890937
103,828,0.28180472310199295
103,829,0.29638079155323116
103,830,0.3103930028372033
103,831,0.3000935815101446
103,832,0.28910657139711604
103,833,0.29431765578513924
103,834,0.30175640832546147
103,835,0.29673050101413284
103,836,0.28098478843999464
103,837,0.30482071152953216
103,838,0.2981141937333484
103,839,0.28780844253163007
103,840,0.2893667137900064
103,841,0.2836483363495317
103,842,0.3139562634534614
103,843,0.321350492710291
103,844,0.3073919401612393
103,845,0.2941188288982524
103,846,0.29928834563077883
103,847,0.3011917458024136
103,848,0.3112273937047914
103,849,0.3008230390936829
103,850,0.3058449293291846
103,851,0.29638987641001857
103,852,0.3050327820833339
103,853,0.2853184432484383
103,854,0.3077594665593879
103,855,0.3205381985320601
103,856,0.31225619274516436
103,857,0.296507292015608
103,858,0.3126471049563829
103,859,0.29733635519826135
103,860,0.30603116126947627
103,861,0.2625474881294162
103,862,0.27816116428652476
103,863,0.29781184917272524
103,864,0.30005512542502827
103,865,0.27602296790411307
103,866,0.2976032148960025
103,867,0.2899467023306115
103,868,0.292382747627968
103,869,0.30043672129165294
103,870,0.31412013672118966
103,871,0.3041642751804618
103,872,0.2984953138024308
103,873,0.2778636328009672
103,874,0.3097924860410912
103,875,0.2916577125704566
103,876,0.3087608377600825
103,877,0.2766278919785522
103,878,0.29517190262328746
103,879,0.3276119807431864
103,880,0.2911427707173104
103,881,0.2689363422781922
103,882,0.29298493196797926
103,883,0.29258291250051455
103,884,0.294251739285713
103,885,0.2949785687202631
103,886,0.30316647609999015
103,887,0.29824073092882025
103,888,0.29086241957753206
103,889,0.2972904201163802
103,890,0.280508334553519
103,891,0.28514617889426475
103,892,0.29045318309650864
103,893,0.2804200676984565
103,894,0.28322082688642103
103,895,0.29526109542957574
103,896,0.2785046998151513
103,897,0.3050705956858258
103,898,0.2726001680590386
103,899,0.30737445451492484
103,900,0.298970584952554
103,901,0.25877669730851816
103,902,0.2966498746428379
103,903,0.28456082385639814
103,904,0.3261595264423725
103,905,0.2876888693765152
103,906,0.2857878568560578
103,907,0.2940759000390075
103,908,0.2719376814919849
103,909,0.3041454588257989
103,910,0.2913216012854909
103,911,0.30195577096107395
103,912,0.3026908053908237
103,913,0.2826974267183348
103,914,0.29931485999462215
103,915,0.2974710083285043
103,916,0.28811038302820785
103,917,0.28753389244855837
103,918,0.3066711467365886
103,919,0.3000415667544964
103,920,0.29763176205546354
103,921,0.31163031902424126
103,922,0.2959806440874588
103,923,0.28840040120967597
103,924,0.3129383138445921
103,925,0.28992369216541913
103,926,0.3137168634769528
103,927,0.2855258563230204
103,928,0.2969177933626397
103,929,0.30141488133474836
103,930,0.262247811569724
103,931,0.27282970312029814
103,932,0.25910126885702445
103,933,0.26320132786451383
103,934,0.27206489027932634
103,935,0.2912529727747274
103,936,0.26911300628684287
103,937,0.2967574166697125
103,938,0.2909242382576299
103,939,0.26299911806749743
103,940,0.2984176472175953
103,941,0.2755256031834802
103,942,0.2843792012264562
103,943,0.2952699952347334
103,944,0.28622443939364234
103,945,0.2938316804031993
103,946,0.26840684649556185
103,947,0.2871529723322669
103,948,0.2919491751249446
103,949,0.2772849791271742
103,950,0.2824647378089816
103,951,0.2932647653790407
103,952,0.28002367116684135
103,953,0.2815976617641227
103,954,0.26639904116475305
103,955,0.28322574496269226
103,956,0.2585891873337502
103,957,0.2975683035545571
103,958,0.3084839076496834
103,959,0.31077300878458247
103,960,0.29630214738291366
103,961,0.3013473728368449
103,962,0.28501503342805906
103,963,0.2840602640495744
103,964,0.30035750810490097
103,965,0.294021641792253
103,966,0.27986767368261206
103,967,0.27368647483892217
103,968,0.2859173846799274
103,969,0.2829575046550396
103,970,0.27828205255574956
103,971,0.2818198328794435
103,972,0.2991646590620972
103,973,0.2868220688298691
103,974,0.28949939927389456
103,975,0.28464074883350104
103,976,0.2983716421349104
103,977,0.2959563538085583
103,978,0.2912193976862486
103,979,0.27109819442726846
103,980,0.2793351044488508
103,981,0.2951502453449161
103,982,0.2689205699188765
103,983,0.28193421488584475
103,984,0.2842653081860653
103,985,0.2618975396766219
103,986,0.30101605556732003
103,987,0.2750384876894396
103,988,0.28923688794291297
103,989,0.29138017601745075
103,990,0.2909498103829317
103,991,0.2966214501580527
103,992,0.2715009561804838
103,993,0.292179936932963
103,994,0.2882496562114982
103,995,0.26569860168667725
103,996,0.2732690974723461
103,997,0.28163588670797124
103,998,0.2590759881707125
103,999,0.2771865746309591
103,1000,0.2853895425796509
103,1001,0.3162763319736303
103,1002,0.2971257570871087
103,1003,0.24985357668510702
103,1004,0.276442710743394
103,1005,0.2798535553521888
103,1006,0.2772925766401513
103,1007,0.27428479111471843
103,1008,0.2849576355412949
103,1009,0.2692520230315452
103,1010,0.27832885814267533
103,1011,0.30178139445393587
103,1012,0.26908957750298257
103,1013,0.29059846248737603
103,1014,0.311419288779414
103,1015,0.29766014772792193
103,1016,0.2862328855797302
103,1017,0.27780361369598744
103,1018,0.2895135657731877
103,1019,0.2696174112863319
103,1020,0.26775919143543686
103,1021,0.2777161452659341
103,1022,0.2756344364132992
103,1023,0.28440881745759833
103,1024,0.26602715219176093
103,1025,0.26769828519155814
103,1026,0.2796928203383157
103,1027,0.27696929074997123
103,1028,0.27816134483315225
103,1029,0.2918489339739777
103,1030,0.27898864898570747
103,1031,0.2798791922802149
103,1032,0.28294684859209285
103,1033,0.28520388381425726
103,1034,0.28135902001414187
103,1035,0.2657225159711616
103,1036,0.26865737174832544
103,1037,0.27772181948950125
103,1038,0.28762323495953585
103,1039,0.2446583204491194
103,1040,0.2621526343877925
103,1041,0.27837834593861605
103,1042,0.2830322797215262
103,1043,0.27307774992876277
103,1044,0.27839059538619465
103,1045,0.2560681582883347
103,1046,0.2732362716003906
103,1047,0.2757296562194824
103,1048,0.2730268246905748
103,1049,0.25913033790366596
103,1050,0.2801061210244201
103,1051,0.2623346399429233
103,1052,0.2961515465448069
103,1053,0.2991271680870721
103,1054,0.2777638255163681
103,1055,0.2641130242236825
103,1056,0.28541033697682755
103,1057,0.28721735643786056
103,1058,0.2867277874503025
103,1059,0.2891736841479013
103,1060,0.26677470775537715
103,1061,0.2876844378404839
103,1062,0.30661694462909256
103,1063,0.2682954599690992
103,1064,0.2687684384196304
103,1065,0.28648924619652505
103,1066,0.2662779806658279
103,1067,0.27110366280688797
103,1068,0.27478074542311737
103,1069,0.27896974010522974
103,1070,0.24941633572412092
103,1071,0.2715342931969221
103,1072,0.27518191795016445
103,1073,0.26730273941228555
103,1074,0.2726706765418829
103,1075,0.28331912568835327
103,1076,0.29203199369962823
103,1077,0.27863869625468585
103,1078,0.2791333122308864
103,1079,0.26773668028587516
103,1080,0.2722530247167099
103,1081,0.28356987445853477
103,1082,0.280980740868768
103,1083,0.2800438875375792
103,1084,0.2760445759739987
103,1085,0.28960918687110726
103,1086,0.2957362283107846
103,1087,0.27783730002336726
103,1088,0.2639224768378014
103,1089,0.27664464504219766
103,1090,0.26304168271463974
103,1091,0.2625049986811571
103,1092,0.2937736067661019
103,1093,0.289682011271632
103,1094,0.26359340479207594
103,1095,0.2977172524430031
103,1096,0.2812311406745467
103,1097,0.2826860734196596
103,1098,0.27413689050563544
103,1099,0.2911051969195521
103,1100,0.2874967587548633
103,1101,0.28204735108586243
103,1102,0.2778932632401932
103,1103,0.27281287485776945
103,1104,0.2685205697320228
103,1105,0.27856010059977687
103,1106,0.284169300351032
103,1107,0.26225475239199264
103,1108,0.28258816170137985
103,1109,0.27142262839993764
103,1110,0.27196311950683594
103,1111,0.27133484635242194
103,1112,0.2676962198213089
103,1113,0.28107209399689076
103,1114,0.268198940989583
103,1115,0.2938585534345272
103,1116,0.2943021966967472
103,1117,0.2860001381053481
103,1118,0.2854004536950311
103,1119,0.26465750572293306
103,1120,0.2945895804915317
103,1121,0.26535176121911336
103,1122,0.2628939692364183
103,1123,0.27817379007505816
103,1124,0.2848526856233907
103,1125,0.27566988592924074
103,1126,0.2699983480364777
103,1127,0.2525345936071041
103,1128,0.26151179435641264
103,1129,0.2780175070429957
103,1130,0.26128852921862933
103,1131,0.2826878102712853
103,1132,0.2619152554245882
103,1133,0.26643497583478
103,1134,0.25874789856200997
103,1135,0.29427866048591084
103,1136,0.28549516755481097
103,1137,0.278739835633788
103,1138,0.26746925919554954
103,1139,0.3065388916536819
103,1140,0.2696311848108159
103,1141,0.2901705205440521
103,1142,0.2539098741010178
103,1143,0.2754597851010256
103,1144,0.2685799785824709
103,1145,0.2633613860884378
103,1146,0.2666195409242497
103,1147,0.2736168690892153
103,1148,0.2627212637385657
103,1149,0.28546082419018415
103,1150,0.2622597959152488
103,1151,0.28230935127236123
103,1152,0.3050511943739514
103,1153,0.2797060359356015
103,1154,0.273991268041522
103,1155,0.2923491604106371
103,1156,0.29203336668568985
103,1157,0.2615576116151588
103,1158,0.28844533340875494
103,1159,0.28208284322605576
103,1160,0.2923135403976884
103,1161,0.27284797055776727
103,1162,0.2665371832459472
103,1163,0.25993630844493243
103,1164,0.26735991204893866
103,1165,0.2708458931640137
103,1166,0.28331934400769165
103,1167,0.26593711175197776
103,1168,0.2819612254930097
103,1169,0.27248165704483207
103,1170,0.2674092116744019
103,1171,0.26651093502377354
103,1172,0.2866608694542286
103,1173,0.25780168037081874
103,1174,0.2850119956704073
103,1175,0.26480471741321476
103,1176,0.25279773737108985
103,1177,0.25927949714106185
103,1178,0.2766472000715344
103,1179,0.2580915405306705
103,1180,0.2701305452474328
103,1181,0.28361994929091877
103,1182,0.2799138315888338
103,1183,0.27561978753222977
103,1184,0.26487463227538177
103,1185,0.2707417274630347
103,1186,0.26319460778735404
103,1187,0.2737550842900609
103,1188,0.2755569396323936
103,1189,0.2576504543770191
103,1190,0.2291403215291888
103,1191,0.26874476948449777
103,1192,0.27962341627409293
103,1193,0.2614368799813958
103,1194,0.2855417451193166
103,1195,0.2546517197475877
103,1196,0.25889652551606646
103,1197,0.2843544018823047
103,1198,0.27319378492444063
103,1199,0.26327445410018746
103,1200,0.26903813938761867
103,1201,0.28791189055110133
103,1202,0.28576267112133114
103,1203,0.26051817453184795
103,1204,0.2613400511963423
103,1205,0.2842433210029158
103,1206,0.25546976923942566
103,1207,0.2547663644302723
103,1208,0.26327912266864334
103,1209,0.28106849138126816
103,1210,0.28114671208137687
103,1211,0.26286255862823754
103,1212,0.2753576303637305
103,1213,0.2803090419187102
103,1214,0.2611575466255809
103,1215,0.2688426881335502
103,1216,0.27189211859259493
103,1217,0.25483828297881195
103,1218,0.2628912509873856
103,1219,0.2896040109700935
103,1220,0.2792137057282204
103,1221,0.2993132229461226
103,1222,0.26090210641539374
103,1223,0.3087052183095799
103,1224,0.2629566372827042
103,1225,0.26051752130652583
103,1226,0.25733734182147094
103,1227,0.2620964653270189
103,1228,0.27726124227046967
103,1229,0.29045449301253917
103,1230,0.25841301333072575
103,1231,0.26698668266451636
103,1232,0.2596642229446145
103,1233,0.2673302126485248
103,1234,0.25964044415673543
103,1235,0.2686125982639401
103,1236,0.2562308349581652
103,1237,0.25593875140644784
103,1238,0.25887450367905374
103,1239,0.25836802915085194
103,1240,0.2627023999081102
103,1241,0.26835019782532094
103,1242,0.26823161854300387
103,1243,0.286342334608699
103,1244,0.2604060796804206
103,1245,0.2600632725759994
103,1246,0.2692113546437995
103,1247,0.2745415377755498
103,1248,0.266256999830867
103,1249,0.2654274802568347
103,1250,0.2692360940367676
103,1251,0.25000733691592547
103,1252,0.25319082584492
103,1253,0.2649929946245149
103,1254,0.2730647588885108
103,1255,0.25589000485664193
103,1256,0.27130573433499006
103,1257,0.26650686180868816
103,1258,0.2548870943313421
103,1259,0.26802505656730297
103,1260,0.2620295196078544
103,1261,0.2617296912642412
103,1262,0.27933529851048494
103,1263,0.2898967474005943
103,1264,0.26882268488407135
103,1265,0.258155161211657
103,1266,0.2964642345905304
103,1267,0.2807350858699444
103,1268,0.2835958998563678
103,1269,0.2614948146565016
103,1270,0.26300621725792106
103,1271,0.25397757527440096
103,1272,0.2598074546387029
103,1273,0.27085478846416916
103,1274,0.260623634554619
103,1275,0.2511475703050924
103,1276,0.29415552006211393
103,1277,0.272944962215978
103,1278,0.2910045295260673
103,1279,0.26166308549947515
103,1280,0.25832222540711247
103,1281,0.27974618728770767
103,1282,0.2783681972082271
103,1283,0.25474354000978694
103,1284,0.2791005470031916
103,1285,0.2590435944324316
103,1286,0.2627605709225632
103,1287,0.26190955105216
103,1288,0.2758700889210368
103,1289,0.2692112000875695
103,1290,0.25919084077657656
103,1291,0.2827873264634332
103,1292,0.25250635174817815
103,1293,0.2588657376378082
103,1294,0.27225401477758276
103,1295,0.2508683849212735
103,1296,0.24791138497895973
103,1297,0.26101200455843016
103,1298,0.2582558088524397
103,1299,0.26951204274975976
103,1300,0.2714653042859809
103,1301,0.2788681942363118
103,1302,0.2686096291209376
103,1303,0.26481217769689336
103,1304,0.25668167097623956
103,1305,0.2628758750682653
103,1306,0.2693095491376034
103,1307,0.25899727885113205
103,1308,0.2589786388846331
103,1309,0.2428329136482505
103,1310,0.25360900995343233
103,1311,0.27432562792023946
103,1312,0.28003762766372325
103,1313,0.2729292539663093
103,1314,0.2583161980606789
103,1315,0.2541302972754767
103,1316,0.26746999801591387
103,1317,0.2677662116150523
103,1318,0.27073548768841943
103,1319,0.2482454915379369
103,1320,0.23240026900934618
103,1321,0.2553929443969283
103,1322,0.25420811841654223
103,1323,0.2774333409791769
103,1324,0.2617010498462721
103,1325,0.2431483504384063
103,1326,0.2552408880965654
103,1327,0.24402715646943382
103,1328,0.2472896742266278
103,1329,0.2709753447493842
103,1330,0.26403615883616516
103,1331,0.24484007857566656
103,1332,0.2610756671705911
103,1333,0.25242086274679315
103,1334,0.26684837216554685
103,1335,0.2642345837382383
103,1336,0.25127058597498164
103,1337,0.262508163618487
103,1338,0.26596857849941696
103,1339,0.2676875674447348
103,1340,0.2799412199231081
103,1341,0.27239200819370357
103,1342,0.2700875391100728
103,1343,0.2753075347390286
103,1344,0.2476830683475317
103,1345,0.25844623841518577
103,1346,0.2563422211380892
103,1347,0.25474364015945167
103,1348,0.24901553468648777
103,1349,0.2554126919008965
103,1350,0.26317338333573453
103,1351,0.24921139728191288
103,1352,0.2537296698536984
103,1353,0.2546012865942578
103,1354,0.2737342833086502
103,1355,0.28657165100408155
103,1356,0.27822684756545135
103,1357,0.26526406338048536
103,1358,0.25985083746355636
103,1359,0.24056509241115215
103,1360,0.2661232317602912
103,1361,0.26163573216560276
103,1362,0.26618166926295256
103,1363,0.2664905162744744
103,1364,0.26777446720489234
103,1365,0.24964890923610952
103,1366,0.27040279466052386
103,1367,0.2533097960228144
103,1368,0.2425668017808781
103,1369,0.2546117797840473
103,1370,0.26161513633506245
103,1371,0.282543329305427
103,1372,0.2572247136470883
103,1373,0.2560705937618433
103,1374,0.28538410261619923
103,1375,0.253722210263097
103,1376,0.2654685669167097
103,1377,0.26652076632477517
103,1378,0.2559005011652791
103,1379,0.28221815062123673
103,1380,0.2667262782884199
103,1381,0.26496858375017035
103,1382,0.2520119222097619
103,1383,0.2797150521777397
103,1384,0.25251883822818133
103,1385,0.2613422822120578
103,1386,0.2706153566061064
103,1387,0.2740249682304471
103,1388,0.2649707322896913
103,1389,0.26120692075685015
103,1390,0.2704640169476354
103,1391,0.2780052700708079
103,1392,0.2570933079303697
103,1393,0.28473621884057687
103,1394,0.25927173363607986
103,1395,0.2585419309000636
103,1396,0.24703351494877837
103,1397,0.2807444562745649
103,1398,0.232103893923205
103,1399,0.23502881790316382
103,1400,0.26065509575744006
103,1401,0.2362442494824875
103,1402,0.24067010574562606
103,1403,0.2665837871473889
103,1404,0.2437938292359197
103,1405,0.27080047130584717
103,1406,0.2859226631563763
103,1407,0.25786065639451494
103,1408,0.2631096604258515
103,1409,0.2577438853507818
103,1410,0.2653494997079982
103,1411,0.2705870028152022
103,1412,0.24843584486218387
103,1413,0.2614620327949524
103,1414,0.25140409448812173
103,1415,0.25227121974146643
103,1416,0.26005956877109615
103,1417,0.26617363164591235
103,1418,0.24231752995834793
103,1419,0.275864127763482
103,1420,0.26436792903168255
103,1421,0.24935726162999175
103,1422,0.24643912079722383
103,1423,0.2652720143628675
103,1424,0.26950409003468445
103,1425,0.2578465661337209
103,1426,0.26133784859679465
103,1427,0.26568782780059547
103,1428,0.28588355280632194
103,1429,0.2546739827754886
103,1430,0.25699758945509443
103,1431,0.2684099681155626
103,1432,0.2591055874214616
103,1433,0.25352800308271894
103,1434,0.2697087439686753
103,1435,0.2741364334211793
103,1436,0.2647343853185343
103,1437,0.25505039026570875
103,1438,0.23967644260373228
103,1439,0.24662008535030278
103,1440,0.252654887909113
103,1441,0.2602941913660182
103,1442,0.26141969617023025
103,1443,0.25953619771225506
103,1444,0.25578360779340875
103,1445,0.25386429526085075
103,1446,0.2496630899434866
103,1447,0.2377711673115575
103,1448,0.2599658813587455
103,1449,0.2566497419462648
103,1450,0.24444694193296654
103,1451,0.2601888554040776
103,1452,0.2607971866463506
103,1453,0.26392496117325714
103,1454,0.24779383942138317
103,1455,0.2570368515890698
103,1456,0.26184663800306096
103,1457,0.2621127824450648
103,1458,0.25229098977044573
103,1459,0.2436901407186375
103,1460,0.2435628342074017
103,1461,0.23880483383356138
103,1462,0.2478492183740749
103,1463,0.24957576498042705
103,1464,0.2597527095051699
103,1465,0.23527944781059443
103,1466,0.23824593078258427
103,1467,0.26100519438122594
103,1468,0.26245275139808655
103,1469,0.2577549232993015
103,1470,0.262665408641793
103,1471,0.2709138282509737
103,1472,0.23866497777229131
103,1473,0.23947172941163528
103,1474,0.2649898078552512
103,1475,0.27034023369467536
103,1476,0.25888044993544734
103,1477,0.27540713825891183
103,1478,0.2479836483334386
103,1479,0.24985731514387352
103,1480,0.23895994729773942
103,1481,0.2733721736558648
103,1482,0.2633324764495672
103,1483,0.268393833623376
103,1484,0.25935006557508955
103,1485,0.2655134000057398
103,1486,0.2664757800656696
103,1487,0.2378706717213919
103,1488,0.2578551194002462
103,1489,0.2524339965609617
103,1490,0.2614569262016651
103,1491,0.25996954219285834
103,1492,0.26403125219566875
103,1493,0.27602865460307097
103,1494,0.2538897128299225
103,1495,0.25583754098692607
103,1496,0.24593453143918237
103,1497,0.2401237449673719
103,1498,0.2325320947308873
103,1499,0.23465787151525186
103,1500,0.2791994726935098
103,1501,0.23759756566480147
103,1502,0.2551840294239133
103,1503,0.2480277758698131
103,1504,0.2689544073371
103,1505,0.2546825734681861
103,1506,0.2651672377142795
103,1507,0.24524200967578
103,1508,0.26581328760745915
103,1509,0.252724306874497
103,1510,0.25815177414306373
103,1511,0.2653727323509926
103,1512,0.270749464284542
103,1513,0.2469838559627533
103,1514,0.2611601338830105
103,1515,0.2276478399370992
103,1516,0.2555289382851401
103,1517,0.26102506352025406
103,1518,0.24818992753361546
103,1519,0.2544828265212303
103,1520,0.2522747170093448
103,1521,0.2622216427048972
103,1522,0.26658024067102476
103,1523,0.2592002943504688
103,1524,0.2525915586671164
103,1525,0.25928870467252507
103,1526,0.254592451938363
103,1527,0.24044631490873736
103,1528,0.24751260010308998
103,1529,0.26296326518058777
103,1530,0.28079429511414017
103,1531,0.2681459846884705
103,1532,0.2614202357308809
103,1533,0.23917937348055285
103,1534,0.261253250199695
103,1535,0.24729194232197696
103,1536,0.264798934376517
103,1537,0.26483798165654027
103,1538,0.25770380226678624
103,1539,0.26583853710529415
103,1540,0.25395966130633685
103,1541,0.2423180566970692
103,1542,0.2625520534293596
103,1543,0.2494633755711622
103,1544,0.2650786063005758
103,1545,0.26339636292568475
103,1546,0.26571400013080865
103,1547,0.2599794240885003
103,1548,0.25019900951274604
103,1549,0.24054452776908875
103,1550,0.2585177255231281
103,1551,0.2565885560457097
103,1552,0.2578101608642312
103,1553,0.262303993452427
103,1554,0.2540965620861497
103,1555,0.24504151524499404
103,1556,0.25043403339940445
103,1557,0.245668969182081
103,1558,0.2498895110085953
103,1559,0.2595973028693088
103,1560,0.24056494374607884
103,1561,0.24151897569035374
103,1562,0.2485765537550283
103,1563,0.2407673507235771
103,1564,0.24745620232681895
103,1565,0.2607545980880427
103,1566,0.26948675617229106
103,1567,0.23303749568240587
103,1568,0.24437778945579086
103,1569,0.23447922599870105
103,1570,0.24111780281676803
103,1571,0.2489886574966963
103,1572,0.22780749894851862
103,1573,0.25140838914139324
103,1574,0.24156244618948117
103,1575,0.2524596400732218
103,1576,0.22502679395121197
103,1577,0.2538197165311769
103,1578,0.28005192515461946
103,1579,0.2502354875553486
103,1580,0.2444368826095448
103,1581,0.2643764615058899
103,1582,0.24506407109803932
103,1583,0.24816171998201414
103,1584,0.24013611570347188
103,1585,0.23073452607143757
103,1586,0.22380830694076626
103,1587,0.23435426624708397
103,1588,0.25301028476204984
103,1589,0.2386200972074686
103,1590,0.2287546992301941
103,1591,0.2443012532799743
103,1592,0.2408296334189038
103,1593,0.2368911972572637
103,1594,0.2522902613462404
103,1595,0.25604171149952465
103,1596,0.22987717008867928
103,1597,0.2512652416561925
103,1598,0.23963839543420215
103,1599,0.2300632852454518
103,1600,0.2231572713962821
103,1601,0.2521045083223387
103,1602,0.24468176066875458
103,1603,0.2482019344041514
103,1604,0.25020940151325494
103,1605,0.23037518595540246
103,1606,0.254742129597553
103,1607,0.24714045850343483
103,1608,0.2658916067245395
103,1609,0.2410915310299674
103,1610,0.23309495767881705
103,1611,0.24044192842272824
103,1612,0.23589312649050423
103,1613,0.22988802610441697
103,1614,0.2531403407107952
103,1615,0.24275822902834693
103,1616,0.25347077257411427
103,1617,0.2585796325705772
103,1618,0.23979927079622135
103,1619,0.25260839697926546
103,1620,0.2690848430921865
103,1621,0.2557992002991743
103,1622,0.24078205435775046
103,1623,0.23595326480477355
103,1624,0.2429832116115925
103,1625,0.2282581218453341
103,1626,0.25118183673814287
103,1627,0.2432211311750634
103,1628,0.24843910752340806
103,1629,0.2619030219177867
103,1630,0.25217126656410305
103,1631,0.2626202938168548
103,1632,0.21848351317782735
103,1633,0.23711620687052262
103,1634,0.24145778320556463
103,1635,0.24147176014822583
103,1636,0.24519041145956794
103,1637,0.2431661278702492
103,1638,0.23222834772841874
103,1639,0.2293420187955679
103,1640,0.27130420679269834
103,1641,0.2474097713481548
103,1642,0.23707287775915722
103,1643,0.29990787215011067
103,1644,0.2396308706943379
103,1645,0.26048975559168086
103,1646,0.22914937138557434
103,1647,0.2529940220505692
103,1648,0.2372474358525387
103,1649,0.23802219643149264
103,1650,0.23562913647917813
103,1651,0.2260921438073003
103,1652,0.25941198648408403
103,1653,0.2399013971173486
103,1654,0.2650995122831921
103,1655,0.244491015755853
103,1656,0.25276077348132464
103,1657,0.24415401455967925
103,1658,0.24558297943237217
103,1659,0.24390533358551736
103,1660,0.2402315631855366
103,1661,0.2584640820359075
103,1662,0.2506042351556379
103,1663,0.22806809080201526
103,1664,0.24364028316597605
103,1665,0.2544721649136654
103,1666,0.25527748361576436
103,1667,0.23581770097100457
103,1668,0.2379255533911461
103,1669,0.2400723921005116
103,1670,0.2441886316898257
103,1671,0.2542944238629452
103,1672,0.24650593968324883
103,1673,0.2660658972900967
103,1674,0.2443226818428483
103,1675,0.24410101147585136
103,1676,0.2567165091980335
103,1677,0.24598056077957153
103,1678,0.23882839638133382
103,1679,0.241074267861455
103,1680,0.24088084420492484
103,1681,0.23788732047690903
103,1682,0.24690234522486842
103,1683,0.2626812309026718
103,1684,0.2372661496317664
103,1685,0.23704070164713748
103,1686,0.24019615352153778
103,1687,0.2505282312631607
103,1688,0.24648161821587142
103,1689,0.24097591777180516
103,1690,0.2409838216249333
103,1691,0.2416065380323765
103,1692,0.2461900631355685
103,1693,0.2524287624414577
103,1694,0.26549252694429354
103,1695,0.27773038107295367
103,1696,0.2675132432649302
103,1697,0.2599518811979959
103,1698,0.25911080837249756
103,1699,0.26324790023094
103,1700,0.2574000057092933
103,1701,0.23270418269689694
103,1702,0.25338578293489855
103,1703,0.25161134087762166
103,1704,0.24383662051932756
103,1705,0.23457286628179772
103,1706,0.22890801138656083
103,1707,0.25337666169155476
103,1708,0.2417851575585299
103,1709,0.25158485562302346
103,1710,0.23625978099745373
103,1711,0.2583956150121467
103,1712,0.23737375888713572
103,1713,0.23129162712152615
103,1714,0.22992872013602145
103,1715,0.25327237192974533
103,1716,0.2535965193149655
103,1717,0.24994220463342445
103,1718,0.2431438561788825
103,1719,0.22848025726717572
103,1720,0.2539881779703983
103,1721,0.23581930925679762
103,1722,0.24071276118589002
103,1723,0.23492605395095292
103,1724,0.2449705618065457
103,1725,0.23973750340384106
103,1726,0.2442439631667248
103,1727,0.2359316061402476
103,1728,0.22763714159643927
103,1729,0.25853628751843477
103,1730,0.2409321932598602
103,1731,0.2262653209442316
103,1732,0.26451305559901306
103,1733,0.23862208252729372
103,1734,0.24090972022954807
103,1735,0.26395256297532904
103,1736,0.22082127803979917
103,1737,0.25408610493637795
103,1738,0.24354963247166123
103,1739,0.2431366741657257
103,1740,0.2637654639953791
103,1741,0.2539879769779915
103,1742,0.2499998374733814
103,1743,0.2520221624263497
103,1744,0.2614111948844998
103,1745,0.24190060413160988
103,1746,0.2439319817132728
103,1747,0.26201601984889006
103,1748,0.2331049262091171
103,1749,0.253154341564622
103,1750,0.25627740801766863
103,1751,0.23840355422607687
103,1752,0.24579194361387297
103,1753,0.23021623908087266
103,1754,0.24412658186846
103,1755,0.23635581482288448
103,1756,0.25155197950296626
103,1757,0.24361336369847142
103,1758,0.23256483847318693
103,1759,0.2475062574065009
103,1760,0.24855029998823655
103,1761,0.2250435698864072
103,1762,0.23704436421394348
103,1763,0.24854796847631766
103,1764,0.24453438437262245
103,1765,0.2305424248063287
103,1766,0.2494169854840567
103,1767,0.2200887792332228
103,1768,0.25060680959113807
103,1769,0.22948740076187046
103,1770,0.23602472349654796
103,1771,0.2630887974140256
103,1772,0.23942496367665225
103,1773,0.2587623904610789
103,1774,0.24548643827438354
103,1775,0.24249222008294838
103,1776,0.24237396724002305
103,1777,0.2549897279850272
103,1778,0.2359023884285328
103,1779,0.2463400149068167
103,1780,0.24792111335798753
103,1781,0.24383582417355026
103,1782,0.24659015480862106
103,1783,0.23219097630922184
103,1784,0.24398724561513857
103,1785,0.2518051148847092
103,1786,0.22535801211068796
103,1787,0.24547879571138426
103,1788,0.25789285468500717
103,1789,0.24378195335698682
103,1790,0.23791389964347662
103,1791,0.226792111992836
103,1792,0.25310869445634443
103,1793,0.2451698752336724
103,1794,0.2398217098657475
103,1795,0.22925004016521366
103,1796,0.2498241760009943
103,1797,0.23155244630436564
103,1798,0.2563632594984631
103,1799,0.26491194201070206
103,1800,0.24398995797301448
104,1,1.7213767794675605
104,2,1.090264641961386
104,3,0.9493616334227628
104,4,0.8443505362022755
104,5,0.8095390962999921
104,6,0.7726700028707815
104,7,0.7901045194891996
104,8,0.7533136315123979
104,9,0.7560210117073947
104,10,0.7307352340498636
104,11,0.6867207801619242
104,12,0.6809675457865693
104,13,0.6430722405744154
104,14,0.6542282589646273
104,15,0.647385367127352
104,16,0.6659192082493804
104,17,0.6778780568477719
104,18,0.6401680444562158
104,19,0.6288285123747449
104,20,0.6305780729582143
104,21,0.6011635189832643
104,22,0.6066810142162234
104,23,0.6266527522441953
104,24,0.6188207448914994
104,25,0.6330003572064776
104,26,0.5977336140566094
104,27,0.6149487329083819
104,28,0.6115580353625986
104,29,0.631837531577709
104,30,0.6063369665034982
104,31,0.5875822000725325
104,32,0.6104837891667388
104,33,0.5551556043846663
104,34,0.5984658529592115
104,35,0.5420008849265964
104,36,0.5904177718384321
104,37,0.5615872858568679
104,38,0.5486922735391662
104,39,0.5760545827621637
104,40,0.532257653253023
104,41,0.5549052018065785
104,42,0.5562772958777672
104,43,0.5477250856022502
104,44,0.5546796210976535
104,45,0.5205964598544809
104,46,0.5353866177935933
104,47,0.5240071609962819
104,48,0.5335085586059926
104,49,0.5643436146336932
104,50,0.5594778435174809
104,51,0.5433869486631349
104,52,0.5518309293791305
104,53,0.5393917248692623
104,54,0.5252467768136845
104,55,0.5246253290841746
104,56,0.5446891521298608
104,57,0.5330755793771078
104,58,0.530193802922271
104,59,0.5061828577241232
104,60,0.4775721479293912
104,61,0.5104266647682634
104,62,0.5210019571836605
104,63,0.49882655642753426
104,64,0.5211077263188917
104,65,0.5264054869496545
104,66,0.4997671184151672
104,67,0.5182292433672173
104,68,0.5286672635133877
104,69,0.49800633829693464
104,70,0.5239681684693624
104,71,0.5085089262141738
104,72,0.46945812397224956
104,73,0.5312148131603418
104,74,0.5097573926282484
104,75,0.5129468815271244
104,76,0.5009770947833394
104,77,0.48484051158261854
104,78,0.49848178029060364
104,79,0.4608141260091649
104,80,0.467006818499676
104,81,0.5323305268620335
104,82,0.4833469716615455
104,83,0.47786751250888027
104,84,0.4844385558782622
104,85,0.48026227119357084
104,86,0.4619225305180217
104,87,0.4819848003775574
104,88,0.46892652677935226
104,89,0.48106230830037316
104,90,0.5055889133797136
104,91,0.49564907855765766
104,92,0.4660146825535353
104,93,0.4926557374555011
104,94,0.48178370608839877
104,95,0.45383388081262277
104,96,0.4902824960475744
104,97,0.48484690937885017
104,98,0.48116849536119505
104,99,0.47028724468031596
104,100,0.48350133729535477
104,101,0.4585799962975258
104,102,0.47853595711464103
104,103,0.499097277951795
104,104,0.4887721261312795
104,105,0.4705841264059377
104,106,0.4553627143072527
104,107,0.4518857958704926
104,108,0.4467513984025911
104,109,0.45935510202895763
104,110,0.4541919564091882
104,111,0.4845148283381795
104,112,0.4452633732973143
104,113,0.46822065530821333
104,114,0.4675235360167747
104,115,0.4663282022919766
104,116,0.4690400043199229
104,117,0.44790333024291107
104,118,0.4901240738325341
104,119,0.47728452363679574
104,120,0.458803114502929
104,121,0.4486956014189609
104,122,0.478280832601148
104,123,0.4952314634655797
104,124,0.4680776055469069
104,125,0.4500078642091086
104,126,0.4593890572703162
104,127,0.43656551768613416
104,128,0.4539347388023554
104,129,0.455492589362832
104,130,0.44361672359843585
104,131,0.44517970431682674
104,132,0.4478265241134998
104,133,0.4420392589513646
104,134,0.4274121079333993
104,135,0.4452087920765544
104,136,0.4485592128232468
104,137,0.4345165664373442
104,138,0.43477254343587296
104,139,0.45437844894653145
104,140,0.4484877745772517
104,141,0.4329873198686644
104,142,0.42838573525118273
104,143,0.42495582824529604
104,144,0.43832702969395837
104,145,0.44607068494308827
104,146,0.4337214169114135
104,147,0.41411292414332546
104,148,0.4395408658094184
104,149,0.435159505106682
104,150,0.4418719625750253
104,151,0.4252640105957209
104,152,0.42981790318045504
104,153,0.4234310852926831
104,154,0.4303789852663528
104,155,0.42162780567657115
104,156,0.43789978775867194
104,157,0.43926910466926045
104,158,0.44083818931912266
104,159,0.4441594024037206
104,160,0.4153192431427712
104,161,0.4115086537460948
104,162,0.4307655588138935
104,163,0.4276960935703544
104,164,0.4360770874245222
104,165,0.4568828240383503
104,166,0.45276373070339826
104,167,0.4406665147737015
104,168,0.4302207023598427
104,169,0.4254535679207292
104,170,0.419094629065935
104,171,0.44243383407592773
104,172,0.4398519840351371
104,173,0.4330897587676381
104,174,0.443237513996834
104,175,0.4092181290304938
104,176,0.4186934704004332
104,177,0.462242430725763
104,178,0.42341316508692367
104,179,0.41775456417438595
104,180,0.4047691524028778
104,181,0.4063824553822362
104,182,0.4328611389149067
104,183,0.45107047779615533
104,184,0.4283377486605977
104,185,0.4293954545675322
104,186,0.4268629093502843
104,187,0.4190556448559428
104,188,0.4294066955876905
104,189,0.4466274761876395
104,190,0.4418513934279597
104,191,0.3932198889033739
104,192,0.40282825051352034
104,193,0.4340006113052368
104,194,0.40306090407593304
104,195,0.4269100975158603
104,196,0.4279102856336638
104,197,0.4225018357121667
104,198,0.4376559610976729
104,199,0.3975701810315598
104,200,0.40905715490496436
104,201,0.3919653400432232
104,202,0.4210219126801158
104,203,0.39947090245956596
104,204,0.42009879752647045
104,205,0.42748854188031926
104,206,0.4361582058806752
104,207,0.3961952384128127
104,208,0.408987398757491
104,209,0.42023154261500334
104,210,0.40974952869637066
104,211,0.41431087602016536
104,212,0.4160812947639199
104,213,0.4027048945426941
104,214,0.3672202520592268
104,215,0.4162793381269588
104,216,0.39753919354704925
104,217,0.40597817232442457
104,218,0.39865230612976604
104,219,0.4001632713994315
104,220,0.4201357343862223
104,221,0.425828673811846
104,222,0.40526049497515654
104,223,0.41039562779803607
104,224,0.43263078844824504
104,225,0.4027802507544673
104,226,0.3930721393851347
104,227,0.4157182643579882
104,228,0.38194007790365886
104,229,0.3874572203602902
104,230,0.4069631169008654
104,231,0.3957935003347175
104,232,0.4085888294286506
104,233,0.39762216598488564
104,234,0.38668129402537676
104,235,0.38387399080187773
104,236,0.39377511171407475
104,237,0.38829371125199075
104,238,0.40998124729755314
104,239,0.3786506715208985
104,240,0.3848633343397185
104,241,0.4003957918910093
104,242,0.3710529270560242
104,243,0.38172674594923506
104,244,0.4117627303267634
104,245,0.39786518521087116
104,246,0.4075316280819649
104,247,0.37767636013585465
104,248,0.3991143336129743
104,249,0.37373241782188416
104,250,0.38817606693090395
104,251,0.40647088857584224
104,252,0.4127961230832477
104,253,0.3889370775500009
104,254,0.39937297965204993
104,255,0.37642082433367885
104,256,0.3988699150639911
104,257,0.40168269914250043
104,258,0.399333818014278
104,259,0.41269616609395937
104,260,0.4153728776199873
104,261,0.37446094460265583
104,262,0.3710517086261927
104,263,0.4007799403612004
104,264,0.3992901278096576
104,265,0.4042946370535119
104,266,0.3884434076242669
104,267,0.4405906782593838
104,268,0.38661143460939096
104,269,0.39206858152566954
104,270,0.3891748945380366
104,271,0.38012894017751825
104,272,0.41541321956834126
104,273,0.37964937991874165
104,274,0.39133548597956813
104,275,0.39494337037552235
104,276,0.3821769197319829
104,277,0.37122920224832934
104,278,0.3802110843880232
104,279,0.3838184725406558
104,280,0.40309884589771894
104,281,0.386414835619372
104,282,0.38139463579931926
104,283,0.37422328494315926
104,284,0.3593315787093584
104,285,0.40075609018636305
104,286,0.3652882589850315
104,287,0.4012320270371992
104,288,0.38234030507331673
104,289,0.3832735932150552
104,290,0.3541079087312831
104,291,0.3681162339310313
104,292,0.3677654224772786
104,293,0.38711101024649863
104,294,0.3896413327649582
104,295,0.3883200807626857
104,296,0.37754540942436043
104,297,0.40108389563338703
104,298,0.38930837636770205
104,299,0.38589483014372894
104,300,0.3951760835425798
104,301,0.38966616641643437
104,302,0.3864640780659609
104,303,0.3871681523877521
104,304,0.38554789507111836
104,305,0.40327955817067346
104,306,0.3802334181098051
104,307,0.403147267047749
104,308,0.366658735413884
104,309,0.38790866316750994
104,310,0.38037947859874993
104,311,0.3897485033024189
104,312,0.3809723320395447
104,313,0.3965701786584632
104,314,0.367400913737541
104,315,0.3797976922157199
104,316,0.37596015736114147
104,317,0.3837602020696152
104,318,0.3791086403436439
104,319,0.4017611610334973
104,320,0.391796491866888
104,321,0.37524358408395636
104,322,0.38273939351702846
104,323,0.36319461880728254
104,324,0.3551738428515057
104,325,0.38813095245250434
104,326,0.39138401317041976
104,327,0.3740524379319923
104,328,0.39385957010956696
104,329,0.3805582156014997
104,330,0.37968497151552244
104,331,0.37008300354314405
104,332,0.39058073038278623
104,333,0.3698542922042137
104,334,0.37964973338814667
104,335,0.3655220471149267
104,336,0.36622846681018206
104,337,0.38493647339732145
104,338,0.3707317772299744
104,339,0.3717604598333669
104,340,0.3659777481888616
104,341,0.3507490449173506
104,342,0.34724849462509155
104,343,0.3655062546563703
104,344,0.3694780434286872
104,345,0.3614800794180049
104,346,0.3749300296916518
104,347,0.3620817890000898
104,348,0.3774243031823358
104,349,0.35730352443318036
104,350,0.37337273705837337
104,351,0.3401045542816783
104,352,0.36360737334850224
104,353,0.3610536567000456
104,354,0.38122456642084346
104,355,0.3703091969323713
104,356,0.3611337078172107
104,357,0.36331833032674565
104,358,0.3728403254996899
104,359,0.3748713849588882
104,360,0.3542484745036724
104,361,0.3625332110149916
104,362,0.36347783166308734
104,363,0.34858715534210205
104,364,0.36482497148735576
104,365,0.36753508309985317
104,366,0.3708296549874683
104,367,0.36652416891829914
104,368,0.3625022041243176
104,369,0.34681837364684703
104,370,0.35639014701510585
104,371,0.37409047123997713
104,372,0.3761269450187683
104,373,0.37771230104357695
104,374,0.3646751725396445
104,375,0.34815545553384825
104,376,0.3681399676688882
104,377,0.36371114434197893
104,378,0.3838080417278201
104,379,0.3605402167453322
104,380,0.3648853794086811
104,381,0.37031431669412657
104,382,0.3492187989312549
104,383,0.3917472785295442
104,384,0.3616611798142278
104,385,0.3470720142819161
104,386,0.3633552755034247
104,387,0.36460706522298414
104,388,0.3243497041768806
104,389,0.364107770975246
104,390,0.35836259639540385
104,391,0.36455712900605314
104,392,0.342907750329306
104,393,0.3606123314347378
104,394,0.34853796556938527
104,395,0.3714405021002126
104,396,0.3808850853942161
104,397,0.3501482391080191
104,398,0.37494935961656795
104,399,0.38013963921125543
104,400,0.35934652284134266
104,401,0.35527094644169477
104,402,0.3649368140586587
104,403,0.35063800285028857
104,404,0.36832736744437106
104,405,0.3678058288818182
104,406,0.3574686604876851
104,407,0.35563771530639293
104,408,0.363145754087803
104,409,0.36337505246317664
104,410,0.33231942598209824
104,411,0.3527388801408369
104,412,0.3536667096060376
104,413,0.3576246098030445
104,414,0.38922437748243643
104,415,0.34472266116807626
104,416,0.3529368056807407
104,417,0.3757702826067459
104,418,0.35722178151441175
104,419,0.3814178968584815
104,420,0.3539182938808619
104,421,0.3628821982893833
104,422,0.36436158973117205
104,423,0.3750986172709354
104,424,0.3319085309671801
104,425,0.3526726039343102
104,426,0.3413392644982005
104,427,0.3513760684534561
104,428,0.32429046201151474
104,429,0.343013042627379
104,430,0.34608831655147465
104,431,0.3405693561531777
104,432,0.3592444394910058
104,433,0.33155042071675145
104,434,0.3605788966944051
104,435,0.3359513955060826
104,436,0.3743165343306785
104,437,0.3681050726147585
104,438,0.34657639958137687
104,439,0.3587500757949297
104,440,0.3710350595241369
104,441,0.3454584153585656
104,442,0.3697760569494824
104,443,0.3752656856248545
104,444,0.3487788702166358
104,445,0.3428709340649982
104,446,0.31868373030839964
104,447,0.3453442135522532
104,448,0.36020787649376446
104,449,0.3489580313826716
104,450,0.36986804424330244
104,451,0.34356359201808306
104,452,0.3425348976323771
104,453,0.35100503785665643
104,454,0.34937441487644993
104,455,0.35101699967717015
104,456,0.349741083938022
104,457,0.35869801183079564
104,458,0.35614250496376393
104,459,0.3505987407163132
104,460,0.36309446637020554
104,461,0.34275634690772655
104,462,0.3282878773156987
104,463,0.34007359452025837
104,464,0.324879307386487
104,465,0.3209830175998599
104,466,0.3405629285546236
104,467,0.3447317418664001
104,468,0.33212938558223637
104,469,0.33919805357622546
104,470,0.37444352271944975
104,471,0.34080899662749714
104,472,0.341066041658091
104,473,0.3734271228313446
104,474,0.33574272172395575
104,475,0.3272243502528168
104,476,0.342502856670424
104,477,0.3420060616593028
104,478,0.35317295651103175
104,479,0.35623157578845355
104,480,0.34602009626322017
104,481,0.33224487928457036
104,482,0.35030319039211716
104,483,0.34991096272024996
104,484,0.35962408573128457
104,485,0.3565654089284498
104,486,0.33449604760768803
104,487,0.3515241049056829
104,488,0.3610473788061807
104,489,0.34693578925243646
104,490,0.3486753119978794
104,491,0.3372926621936088
104,492,0.3540053409199382
104,493,0.3384188538373903
104,494,0.3335076660610909
104,495,0.3228726380093153
104,496,0.32692425611407255
104,497,0.32401758224465127
104,498,0.34469892673714214
104,499,0.332015605166901
104,500,0.3293255290319753
104,501,0.3312456427618515
104,502,0.32407590954802756
104,503,0.33558727211730427
104,504,0.3553874464922173
104,505,0.3557978986307632
104,506,0.32414955940357476
104,507,0.3347512344981349
104,508,0.3252683358136998
104,509,0.3369094750215841
104,510,0.32532608578371447
104,511,0.35107091900914217
104,512,0.3452284710351811
104,513,0.3502522734708564
104,514,0.3388840348221535
104,515,0.36063785469809245
104,516,0.33545549040616945
104,517,0.3230644048646439
104,518,0.33308349861655123
104,519,0.3119937822569248
104,520,0.33968771820844607
104,521,0.33196685480517013
104,522,0.3472177462522374
104,523,0.3247243574885435
104,524,0.34332295975019766
104,525,0.35525965274766436
104,526,0.3188812199027039
104,527,0.3364158605420312
104,528,0.33591003750645837
104,529,0.33302397714104764
104,530,0.3113349835539973
104,531,0.3242341030475705
104,532,0.3271246413851893
104,533,0.33237897310146064
104,534,0.34889760128287384
104,535,0.34338481481685196
104,536,0.3364787503730419
104,537,0.3215468816978987
104,538,0.35057121030119964
104,539,0.3341028073499369
104,540,0.3547415566998859
104,541,0.34264809586281
104,542,0.32903547203818034
104,543,0.35272795655006584
104,544,0.33178408894427985
104,545,0.3390471325364224
104,546,0.3236381515514019
104,547,0.3381843539171441
104,548,0.3336438169313032
104,549,0.32406544616056043
104,550,0.35864559994187467
104,551,0.3476238285386285
104,552,0.3446806710819865
104,553,0.3364236964735874
104,554,0.32794127907863885
104,555,0.34475473193235173
104,556,0.3298758199048597
104,557,0.3405599711939346
104,558,0.2999534724756729
104,559,0.3330274099527403
104,560,0.3206154392209164
104,561,0.31936453109563784
104,562,0.29914699737415756
104,563,0.34086183753124505
104,564,0.31241480624952983
104,565,0.3203451966130456
104,566,0.3267190477182699
104,567,0.3326057077840317
104,568,0.32048850281294
104,569,0.32595321605371874
104,570,0.34682482896849165
104,571,0.3427031539207281
104,572,0.3221102221760639
104,573,0.3088638810224311
104,574,0.3399007032776988
104,575,0.32323812676030533
104,576,0.31807114357172056
104,577,0.3449252247810364
104,578,0.32325247761815096
104,579,0.3250238334023675
104,580,0.3365497485149738
104,581,0.33774321716885236
104,582,0.31326417243757915
104,583,0.32925099619599274
104,584,0.3278532866821733
104,585,0.3390610155671142
104,586,0.34360040481700455
104,587,0.3179096496382425
104,588,0.3106081360994383
104,589,0.3142260264518649
104,590,0.3275594766749892
104,591,0.3012662141822105
104,592,0.31532418381336125
104,593,0.2998076968414839
104,594,0.32219565330549726
104,595,0.31256950040196263
104,596,0.32562083768290145
104,597,0.29367045815600906
104,598,0.32922688334487205
104,599,0.32897080862244893
104,600,0.3187764980072199
104,601,0.31746419987013175
104,602,0.3226844626803731
104,603,0.3292844940063565
104,604,0.34546496424564094
104,605,0.3365620423194974
104,606,0.32663309643434923
104,607,0.3313641416472058
104,608,0.343918654114701
104,609,0.32464733858441197
104,610,0.32507948404134707
104,611,0.32010665397311366
104,612,0.31019689662511957
104,613,0.3220637731773909
104,614,0.3377469694891641
104,615,0.30734574101692025
104,616,0.2977477970511414
104,617,0.3162754656270493
104,618,0.3567646679490112
104,619,0.3247478680555211
104,620,0.33191593719083207
104,621,0.329302414212116
104,622,0.31405990761379865
104,623,0.3277711057385733
104,624,0.32081489576849825
104,625,0.3284329065056734
104,626,0.3389331850894662
104,627,0.33006456979485443
104,628,0.3129034603750983
104,629,0.33540818441745845
104,630,0.33127789303313854
104,631,0.3207971467528232
104,632,0.3167004134765891
104,633,0.30856940011645473
104,634,0.3118967483210009
104,635,0.33229324983996017
104,636,0.34183835012968194
104,637,0.3313458471797233
104,638,0.33311901258867843
104,639,0.32860039763672405
104,640,0.33014281475266744
104,641,0.30541679089845614
104,642,0.32220242328422016
104,643,0.31149173683898396
104,644,0.31359526584314745
104,645,0.3041039920130441
104,646,0.288573540920435
104,647,0.31986842113871905
104,648,0.32505613010983136
104,649,0.3091284930706024
104,650,0.32718277462693146
104,651,0.30875121438226033
104,652,0.3155417823514273
104,653,0.31429640775503115
104,654,0.30816295950911765
104,655,0.30490713202676106
104,656,0.33582746081574016
104,657,0.3398355730744295
104,658,0.3403170781080113
104,659,0.3142688433791316
104,660,0.3245266114556512
104,661,0.3261883924173754
104,662,0.3048708736896515
104,663,0.3442035171874734
104,664,0.3581893360892007
104,665,0.3312078464862912
104,666,0.3341626892256182
104,667,0.307604078636613
104,668,0.3256135527477708
104,669,0.31110129384107366
104,670,0.30282889964968657
104,671,0.296009830264158
104,672,0.3061548111050628
104,673,0.3114351990611054
104,674,0.3086011021636253
104,675,0.2935711679070495
104,676,0.3105503577132558
104,677,0.35519494566806525
104,678,0.3187340400939764
104,679,0.31480383942293566
104,680,0.2991476544114046
104,681,0.3079558985177861
104,682,0.2896125476027644
104,683,0.2863598691169606
104,684,0.3023015600304271
104,685,0.3023365250853605
104,686,0.3241817022478858
104,687,0.29483159198317416
104,688,0.30047109723091125
104,689,0.3096390227938807
104,690,0.3213362596755804
104,691,0.30634947987489924
104,692,0.3141157308290171
104,693,0.3399071402327959
104,694,0.2915284328682478
104,695,0.3130120593448018
104,696,0.3083639422128367
104,697,0.30869444095811177
104,698,0.32242854528648907
104,699,0.3193344515423442
104,700,0.30594325550766877
104,701,0.31018030089001325
104,702,0.29731460088907286
104,703,0.29653069792791853
104,704,0.3119391022726547
104,705,0.2962503052035043
104,706,0.3223017752170563
104,707,0.29441202795782756
104,708,0.3122114802515784
104,709,0.3162134629349376
104,710,0.2972289895595506
104,711,0.3073498620543369
104,712,0.30663033210954
104,713,0.29001699630604233
104,714,0.3023088470447895
104,715,0.299830233981443
104,716,0.3192193043786426
104,717,0.2828751421251962
104,718,0.3117432947768721
104,719,0.3088300352872804
104,720,0.2938032039376192
104,721,0.3429574612961259
104,722,0.3112272446931795
104,723,0.3032402070455773
104,724,0.3110084083191184
104,725,0.32817871556725614
104,726,0.3094303601009901
104,727,0.2955323693364166
104,728,0.3225086345229038
104,729,0.30349477813687437
104,730,0.30810376585916033
104,731,0.2987986893154854
104,732,0.3107690014118372
104,733,0.3045067870339682
104,734,0.2999811110108398
104,735,0.2958548547223557
104,736,0.31563359221746756
104,737,0.309412163357402
104,738,0.29839400981747827
104,739,0.33849464530168577
104,740,0.3226445095483647
104,741,0.3006347951500915
104,742,0.32521099683850313
104,743,0.3033880106238432
104,744,0.29775593932284866
104,745,0.2973380255144696
104,746,0.31049040722292526
104,747,0.2970088567844657
104,748,0.2955625209697457
104,749,0.2948022817456445
104,750,0.31269549214562703
104,751,0.31398458466973417
104,752,0.32674708685209586
104,753,0.32290396302245383
104,754,0.30860613113225893
104,755,0.3087619889614194
104,756,0.33659404308296914
104,757,0.30749386341072793
104,758,0.31740498542785645
104,759,0.3332818968351497
104,760,0.2716343382070231
104,761,0.3304953512757324
104,762,0.3044812305029048
104,763,0.3226483048394669
104,764,0.29709492242613506
104,765,0.3153722487216772
104,766,0.3035299535407576
104,767,0.33261831971101985
104,768,0.32018368258032687
104,769,0.323248460542324
104,770,0.3038502190002175
104,771,0.3166241410166718
104,772,0.28752007283443626
104,773,0.28507587729498396
104,774,0.29851838669111563
104,775,0.3285436990649201
104,776,0.309524315041165
104,777,0.3092745133610659
104,778,0.30204448103904724
104,779,0.29554637573486153
104,780,0.314721567686214
104,781,0.3246668812840484
104,782,0.34072963442913323
104,783,0.30367380727169124
104,784,0.320225351771643
104,785,0.330130408669627
104,786,0.3061273797999981
104,787,0.3121891742528871
104,788,0.30359657351360764
104,789,0.3243203980978145
104,790,0.31626894584921905
104,791,0.2787111373834832
104,792,0.2829937151698179
104,793,0.2855253032473631
104,794,0.2943227499030357
104,795,0.3096843451954598
104,796,0.306726545788521
104,797,0.2984045362749765
104,798,0.3090823660063189
104,799,0.3115507246449936
104,800,0.33037060499191284
104,801,0.29868457137152205
104,802,0.2961750370125438
104,803,0.294752616521924
104,804,0.2795545077601144
104,805,0.30395021549490997
104,806,0.3127432202183923
104,807,0.2911220691924871
104,808,0.29323169034580854
104,809,0.2980691305426664
104,810,0.30156857329745623
104,811,0.2803887600122496
104,812,0.3034972354423168
104,813,0.3090156018733978
104,814,0.2899617504241855
104,815,0.291223548179449
104,816,0.3026491611502891
104,817,0.29140948278959405
104,818,0.28825974810955135
104,819,0.3094965808613356
104,820,0.3198238202305727
104,821,0.2931764534739561
104,822,0.2737409874450329
104,823,0.31084823677706164
104,824,0.3079473930735921
104,825,0.29920596369477204
104,826,0.3154210808665253
104,827,0.28712548835333
104,828,0.3058117683543715
104,829,0.29662502574366195
104,830,0.3002254935198052
104,831,0.29144084592198216
104,832,0.29490111872207286
104,833,0.29690435736678367
104,834,0.2783257198888202
104,835,0.29649820785189784
104,836,0.29886987909328105
104,837,0.31806164910626966
104,838,0.31932184862536056
104,839,0.3088543532892715
104,840,0.3222088626650877
104,841,0.3142045445220415
104,842,0.32053817704666493
104,843,0.2877145634834157
104,844,0.3080387163993924
104,845,0.29518161124961323
104,846,0.2962223665658818
104,847,0.27690443119337393
104,848,0.29449679685193436
104,849,0.2922536980274112
104,850,0.31739520887995876
104,851,0.2920920370623123
104,852,0.31360751390457153
104,853,0.2987360621607581
104,854,0.30226492604544
104,855,0.30653734747753586
104,856,0.29411332551823105
104,857,0.29398481513178626
104,858,0.3113508612610573
104,859,0.28233424660771395
104,860,0.2926944036816442
104,861,0.30091365755990496
104,862,0.29805445116619733
104,863,0.29875883182813956
104,864,0.3182558070781619
104,865,0.3031280331833418
104,866,0.30850637374922285
104,867,0.290836047294528
104,868,0.2961770185204439
104,869,0.3084104774996292
104,870,0.29040855307911717
104,871,0.29712611159612967
104,872,0.31785715665928155
104,873,0.2950296658416127
104,874,0.2977965266205544
104,875,0.29714332902154256
104,876,0.2688670678194179
104,877,0.28795718315035795
104,878,0.2762935792290887
104,879,0.2862589012744815
104,880,0.285587235938671
104,881,0.3097511030906855
104,882,0.27427618101585743
104,883,0.29080792325873706
104,884,0.29973669523416563
104,885,0.30039316415786743
104,886,0.2944826040157052
104,887,0.26887288585651753
104,888,0.30619735218757804
104,889,0.3057542505652405
104,890,0.29745305970657704
104,891,0.27446944942308027
104,892,0.308670571377111
104,893,0.3041006506875504
104,894,0.27435490281082864
104,895,0.29595932918925616
104,896,0.315552880597669
104,897,0.292474991360376
104,898,0.30013267869173094
104,899,0.30519077459047006
104,900,0.272324541280436
104,901,0.304644959610562
104,902,0.29183920663456586
104,903,0.30457644822985624
104,904,0.2933511231527772
104,905,0.28326046397519666
104,906,0.29334093318429105
104,907,0.28503678080647493
104,908,0.29379074518070664
104,909,0.2809917434703472
104,910,0.31440513702326045
104,911,0.3043736884760302
104,912,0.28775398537170055
104,913,0.29961396649826405
104,914,0.3008977174758911
104,915,0.29671052375505136
104,916,0.30330775089042133
104,917,0.28297934837119526
104,918,0.30399252578269603
104,919,0.29018892590389694
104,920,0.28324881750483843
104,921,0.2926836991032889
104,922,0.29544285702150924
104,923,0.283187375512234
104,924,0.3082519984522531
104,925,0.29188381031502125
104,926,0.299219444047573
104,927,0.28062676378460816
104,928,0.28998971054720324
104,929,0.2908514623725137
104,930,0.3008532635001249
104,931,0.3009288380312365
104,932,0.2986885038919227
104,933,0.29093617720659387
104,934,0.29581606526707493
104,935,0.2832317539425783
104,936,0.29435940121495446
104,937,0.2867839086887448
104,938,0.2870967803999435
104,939,0.293064005846201
104,940,0.29535401768462605
104,941,0.2893832811089449
104,942,0.29906773082045623
104,943,0.3073709724947464
104,944,0.27396281652672344
104,945,0.28204110819239947
104,946,0.29322348916253377
104,947,0.28445629602254824
104,948,0.2871593846831211
104,949,0.28232463466566665
104,950,0.2942560557709184
104,951,0.2870288068471953
104,952,0.28468544192092365
104,953,0.2982578326103299
104,954,0.2799026661140974
104,955,0.28461331683535906
104,956,0.2751853673957115
104,957,0.3107078851655472
104,958,0.2893941083619761
104,959,0.2812287176764289
104,960,0.2701569660458454
104,961,0.27210500697756923
104,962,0.2866748373868854
104,963,0.3010227063367533
104,964,0.2747869477715603
104,965,0.2924081870289736
104,966,0.28722837567329407
104,967,0.2662565119044725
104,968,0.28886461535165475
104,969,0.29069555741409925
104,970,0.2941920085008754
104,971,0.2860075256159139
104,972,0.2850877795108529
104,973,0.28246013924132946
104,974,0.2970746769461521
104,975,0.27384214969568477
104,976,0.29697607769522555
104,977,0.27045813965242965
104,978,0.3019968215809312
104,979,0.27796648200168167
104,980,0.27922010837599287
104,981,0.2852620226006175
104,982,0.28337178465931917
104,983,0.26966758314953293
104,984,0.2775302425373432
104,985,0.29164290705392526
104,986,0.29404621761898664
104,987,0.29623356600140416
104,988,0.28787959522979206
104,989,0.2729515280834464
104,990,0.30398058752680934
104,991,0.29730633594268974
104,992,0.2853082019922345
104,993,0.2901583189188048
104,994,0.30890205086663713
104,995,0.299797126720118
104,996,0.2969415998736093
104,997,0.286642943703851
104,998,0.290996324184329
104,999,0.29132024770559267
104,1000,0.24892518513424453
104,1001,0.2792551143224849
104,1002,0.27151473663574044
104,1003,0.2644566034161767
104,1004,0.2952325004477834
104,1005,0.3026099163432454
104,1006,0.31114256728527157
104,1007,0.28260963323504423
104,1008,0.28047694924265837
104,1009,0.29858366833176725
104,1010,0.30009823275166886
104,1011,0.29159072457357893
104,1012,0.30232512604358586
104,1013,0.26709176773248716
104,1014,0.2899963800297227
104,1015,0.261842975436255
104,1016,0.2803837338159251
104,1017,0.2811270474001419
104,1018,0.2878585035024687
104,1019,0.28913154089173604
104,1020,0.28263299686964166
104,1021,0.2853960062182227
104,1022,0.28610384810802547
104,1023,0.28410240730573966
104,1024,0.30238293076670447
104,1025,0.29045466905416445
104,1026,0.29261573317439055
104,1027,0.2825745510500531
104,1028,0.2836007704568464
104,1029,0.29118149848871455
104,1030,0.2827074292094208
104,1031,0.2816895461359689
104,1032,0.28183161034140475
104,1033,0.2745658762233202
104,1034,0.30126123372898544
104,1035,0.2843620534553084
104,1036,0.2779613490714583
104,1037,0.2940337373766788
104,1038,0.28081417291663413
104,1039,0.27599026851875835
104,1040,0.2961985274802807
104,1041,0.2853461185167002
104,1042,0.2837155551411385
104,1043,0.2925414415292962
104,1044,0.2641921653303989
104,1045,0.28518466616785804
104,1046,0.2799330901267917
104,1047,0.26683316258497014
104,1048,0.2820237147253613
104,1049,0.31312867583230486
104,1050,0.25551593130411104
104,1051,0.2852197934028714
104,1052,0.2642332793668259
104,1053,0.264798017088757
104,1054,0.25517618171004364
104,1055,0.2898692890655163
104,1056,0.27203793927680614
104,1057,0.29450697815695476
104,1058,0.27464200383008913
104,1059,0.2770020677599796
104,1060,0.2678867717121923
104,1061,0.29082535172617713
104,1062,0.2901399405889733
104,1063,0.2785337303960046
104,1064,0.2767815600300944
104,1065,0.277067233656728
104,1066,0.2616849708002667
104,1067,0.26826770291772
104,1068,0.28064965231474054
104,1069,0.2845206222561903
104,1070,0.27101351459359013
104,1071,0.2857698929864307
104,1072,0.2851928708165191
104,1073,0.28018793948861054
104,1074,0.29575886282809943
104,1075,0.29310484958249466
104,1076,0.2707002786702888
104,1077,0.27318602384522905
104,1078,0.2735195014365884
104,1079,0.28452925557313963
104,1080,0.26677565103353457
104,1081,0.2743206232093101
104,1082,0.2758659886759381
104,1083,0.2655580036861952
104,1084,0.2806938450003779
104,1085,0.28374105622602064
104,1086,0.28237001147381097
104,1087,0.26930959106877794
104,1088,0.2867349455522936
104,1089,0.2705059266367624
104,1090,0.2961066316726596
104,1091,0.2745604196260142
104,1092,0.2780819847140201
104,1093,0.2872672184955242
104,1094,0.28898041123567625
104,1095,0.27486918138903244
104,1096,0.2712090978788775
104,1097,0.2729926570210346
104,1098,0.2665061791275823
104,1099,0.26677292585372925
104,1100,0.2824415315029233
104,1101,0.2771588113418845
104,1102,0.2648939393287481
104,1103,0.2859111712422482
104,1104,0.2760758850463601
104,1105,0.27163052974745283
104,1106,0.2923810003801834
104,1107,0.28202482295590775
104,1108,0.282482118800629
104,1109,0.27142494501069536
104,1110,0.27774007583773413
104,1111,0.2815638073655062
104,1112,0.2816349489744319
104,1113,0.26613446030505866
104,1114,0.2916434441888055
104,1115,0.27187260846759
104,1116,0.24729237237641977
104,1117,0.2665983895922816
104,1118,0.25658648928930594
104,1119,0.2750439737425294
104,1120,0.26681519455687946
104,1121,0.2674797530784163
104,1122,0.24899259833402412
104,1123,0.27904509943585065
104,1124,0.2576674514038618
104,1125,0.25805775024170097
104,1126,0.2678089186895725
104,1127,0.27315104908721394
104,1128,0.27077859362890555
104,1129,0.2602671849173169
104,1130,0.28635743156422017
104,1131,0.27384541894114295
104,1132,0.27513866369114365
104,1133,0.2751323095587797
104,1134,0.25561888134756755
104,1135,0.2659626651641934
104,1136,0.29872459173202515
104,1137,0.27656535215156025
104,1138,0.29726480744605843
104,1139,0.2878760806349821
104,1140,0.2929907773816308
104,1141,0.29888833262199577
104,1142,0.2597039612226708
104,1143,0.2890534629655439
104,1144,0.2766978948615318
104,1145,0.2847708214161008
104,1146,0.285334367391675
104,1147,0.3088322385799053
104,1148,0.27837179705154064
104,1149,0.26180224016655324
104,1150,0.2595033694145291
104,1151,0.2574418388133825
104,1152,0.26214697056038433
104,1153,0.25167939101540765
104,1154,0.2685192906579306
104,1155,0.295880269865657
104,1156,0.2785894080649975
104,1157,0.2664966701075088
104,1158,0.26810886970786163
104,1159,0.29628514793030053
104,1160,0.2801266000714413
104,1161,0.28398099125817766
104,1162,0.2819490606008574
104,1163,0.26322546081487525
104,1164,0.26258347062177434
104,1165,0.2508896100659703
104,1166,0.2822393795778585
104,1167,0.24919225032939468
104,1168,0.29965163143568263
104,1169,0.27086180587147557
104,1170,0.28261451319206593
104,1171,0.2584433160548986
104,1172,0.245577521102373
104,1173,0.2740015997443088
104,1174,0.27290703598843064
104,1175,0.25939589496268783
104,1176,0.27926974726277726
104,1177,0.26542535112347715
104,1178,0.2843330065871394
104,1179,0.26600526099981264
104,1180,0.26573384709136433
104,1181,0.25929644080095515
104,1182,0.24846940816834914
104,1183,0.2750412613846535
104,1184,0.2746038145797197
104,1185,0.2645757080510605
104,1186,0.26956184208393097
104,1187,0.277240561884503
104,1188,0.2777310706848322
104,1189,0.26103795371776406
104,1190,0.27613967102627424
104,1191,0.26439016433649287
104,1192,0.27344748239184535
104,1193,0.29445705996003263
104,1194,0.27522796600363975
104,1195,0.2636988835279332
104,1196,0.3008540348951207
104,1197,0.29288277515145233
104,1198,0.2723036935163099
104,1199,0.28360654309738514
104,1200,0.26817741886127827
104,1201,0.2871146583279898
104,1202,0.2582650382158368
104,1203,0.26368911425734676
104,1204,0.28376452312913053
104,1205,0.2542831578920054
104,1206,0.27031011082405265
104,1207,0.2700784400452015
104,1208,0.27495835132377094
104,1209,0.25276897951614025
104,1210,0.2864773509114288
104,1211,0.2898981252381968
104,1212,0.2550597818091858
104,1213,0.2902984272601993
104,1214,0.245088966433392
104,1215,0.2660762334978858
104,1216,0.2677070470743401
104,1217,0.27127196171949075
104,1218,0.27431303955787834
104,1219,0.2756954008756682
104,1220,0.2821807390035585
104,1221,0.2553276828555174
104,1222,0.2546454231406367
104,1223,0.2805967926979065
104,1224,0.2697516350552093
104,1225,0.27750399292901506
104,1226,0.26362796370373215
104,1227,0.2705419396245202
104,1228,0.2673433547796205
104,1229,0.27006447453831517
104,1230,0.25713472900002504
104,1231,0.27247917652130127
104,1232,0.2849591235781825
104,1233,0.2836375326611275
104,1234,0.2753151468066282
104,1235,0.25661172076713207
104,1236,0.28017605459967326
104,1237,0.2877591051334559
104,1238,0.2677814808002738
104,1239,0.2887325525976891
104,1240,0.2799725068169971
104,1241,0.27566296797852186
104,1242,0.27528912522072013
104,1243,0.25292526636012763
104,1244,0.2595382045174754
104,1245,0.25394463885662166
104,1246,0.26232082760611247
104,1247,0.2901870961799178
104,1248,0.2622249168018962
104,1249,0.28811712459076283
104,1250,0.27859318394993626
104,1251,0.27084715595079023
104,1252,0.2874091156693392
104,1253,0.2635649082272552
104,1254,0.2598059918991355
104,1255,0.2628713631352713
104,1256,0.24791078338789385
104,1257,0.27606596711070036
104,1258,0.26177911564361217
104,1259,0.2567484073860701
104,1260,0.2684035218039224
104,1261,0.28852440486120623
104,1262,0.252479353616404
104,1263,0.272092477180237
104,1264,0.2701935040396313
104,1265,0.2688626910364905
104,1266,0.305211178438608
104,1267,0.27973571003869524
104,1268,0.2856055241684581
104,1269,0.2675429495961167
104,1270,0.26571898959403817
104,1271,0.26400105932424234
104,1272,0.2767514451298603
104,1273,0.2564244762409565
104,1274,0.2557665639838507
104,1275,0.26094869125721065
104,1276,0.25299528587696163
104,1277,0.24621648393398107
104,1278,0.24752815171729686
104,1279,0.246888363777205
104,1280,0.2568816625794699
104,1281,0.23227488821329073
104,1282,0.23951156229473824
104,1283,0.25508893506471503
104,1284,0.2661088656547458
104,1285,0.2736814174541207
104,1286,0.2649770538474238
104,1287,0.2803813641847566
104,1288,0.2802042115566342
104,1289,0.2808875642543615
104,1290,0.2791473789270534
104,1291,0.289990134017412
104,1292,0.26237629735192586
104,1293,0.2825530455556027
104,1294,0.27659350287082585
104,1295,0.2792166811089183
104,1296,0.25499633647674735
104,1297,0.2697540147359981
104,1298,0.2633394411830015
104,1299,0.27600084141243336
104,1300,0.2556792802588884
104,1301,0.260197720555372
104,1302,0.2756747790547304
104,1303,0.2796495844458425
104,1304,0.24006886260454044
104,1305,0.29301182405893195
104,1306,0.24911414398703463
104,1307,0.26592187964638997
104,1308,0.2527960334406343
104,1309,0.24947789588639901
104,1310,0.2780274125032647
104,1311,0.2724218929922858
104,1312,0.27360676263653955
104,1313,0.26602879686411035
104,1314,0.25262828067291615
104,1315,0.2560890594194102
104,1316,0.2876220276189405
104,1317,0.2849897946729216
104,1318,0.27491740120011704
104,1319,0.26019841536533
104,1320,0.26793866795162824
104,1321,0.2722989563332048
104,1322,0.27486027014809983
104,1323,0.2637369826782581
104,1324,0.24884600729443307
104,1325,0.2513188276180001
104,1326,0.2703068142020425
104,1327,0.27480247166267663
104,1328,0.25152026705963665
104,1329,0.236593424580818
104,1330,0.25579992976299554
104,1331,0.25891004190888517
104,1332,0.26555554187575053
104,1333,0.2568876459154972
104,1334,0.2662981443626936
104,1335,0.28183252866878067
104,1336,0.24455336429351984
104,1337,0.2593469217766163
104,1338,0.2568702108638231
104,1339,0.2592805384896522
104,1340,0.2534671522850214
104,1341,0.2562996786694194
104,1342,0.26452185525450594
104,1343,0.2505531414996746
104,1344,0.2830847331950831
104,1345,0.2780363462692083
104,1346,0.25232568036678227
104,1347,0.265695592691732
104,1348,0.26213609583156056
104,1349,0.25422687655271486
104,1350,0.2674005603374437
104,1351,0.25977788553681486
104,1352,0.2727600609840349
104,1353,0.25339749559413555
104,1354,0.24986547751482144
104,1355,0.273818546949431
104,1356,0.2517719448998917
104,1357,0.2641625965750495
104,1358,0.2565966844558716
104,1359,0.275057889001314
104,1360,0.2770159390083579
104,1361,0.26184423579726107
104,1362,0.2765443882969923
104,1363,0.2610045699186103
104,1364,0.2419033369352651
104,1365,0.25675670074862106
104,1366,0.25144254156323365
104,1367,0.2668621366800264
104,1368,0.24724759819895722
104,1369,0.2463248212670171
104,1370,0.27127797243207
104,1371,0.25816303006438324
104,1372,0.26035290540650835
104,1373,0.2545463969541151
104,1374,0.26458000686279565
104,1375,0.28884380917216457
104,1376,0.28103972555593004
104,1377,0.27153958969337993
104,1378,0.2594266849201779
104,1379,0.2800888363705125
104,1380,0.260172821754633
104,1381,0.25789667215458184
104,1382,0.25274552543495976
104,1383,0.2800092056047085
104,1384,0.2785958793274192
104,1385,0.28353793468586236
104,1386,0.27792061692060427
104,1387,0.2650203185026036
104,1388,0.25440523097681444
104,1389,0.2608431390551634
104,1390,0.28129228533700457
104,1391,0.26469023421753285
104,1392,0.24749237714811814
104,1393,0.25786806989547817
104,1394,0.27626788546872694
104,1395,0.2593485529339591
104,1396,0.2692627983037816
104,1397,0.2515520106914432
104,1398,0.258015256981517
104,1399,0.25427534899046256
104,1400,0.2466885561859885
104,1401,0.26888044940870864
104,1402,0.250104227038317
104,1403,0.23379360381947006
104,1404,0.24530873672906742
104,1405,0.25610095609066097
104,1406,0.284183521603429
104,1407,0.2823281326266222
104,1408,0.25795630105706147
104,1409,0.24535207450389862
104,1410,0.26351615301398346
104,1411,0.26109313583651256
104,1412,0.2695888818003411
104,1413,0.2690648173176965
104,1414,0.26547011733055115
104,1415,0.2651726191127023
104,1416,0.24555558590001839
104,1417,0.2518900951673818
104,1418,0.2552920690802641
104,1419,0.27521205918733466
104,1420,0.27174336134001265
104,1421,0.2653287829354752
104,1422,0.2613574900599413
104,1423,0.2711142225320949
104,1424,0.25382099179334416
104,1425,0.2715285517448603
104,1426,0.26578529109788496
104,1427,0.2723199149896932
104,1428,0.27085015073765156
104,1429,0.26802957439145375
104,1430,0.2474244333976923
104,1431,0.26781867756399996
104,1432,0.25571016690065695
104,1433,0.24509099888247113
104,1434,0.23602000849191532
104,1435,0.27088791651781213
104,1436,0.2638918695061706
104,1437,0.25044362905413603
104,1438,0.2571476891983387
104,1439,0.2786739503228387
104,1440,0.24808521360851998
104,1441,0.24301309779632924
104,1442,0.24793983337491057
104,1443,0.2554694102254025
104,1444,0.24339580535888672
104,1445,0.2755147662273673
104,1446,0.25085443188977796
104,1447,0.28064855621304624
104,1448,0.24713058041971783
104,1449,0.2618464903776036
104,1450,0.24898034091605697
104,1451,0.256088373272918
104,1452,0.262441361712855
104,1453,0.2566532097583593
104,1454,0.2647469584331956
104,1455,0.2565467357635498
104,1456,0.25439394352047945
104,1457,0.27428616756616636
104,1458,0.2553596794605255
104,1459,0.24993742690529935
104,1460,0.23841507767522058
104,1461,0.2538217860598897
104,1462,0.2599838549314543
104,1463,0.2564868462640186
104,1464,0.26168494030486705
104,1465,0.2649588085884272
104,1466,0.2582367422968842
104,1467,0.26243246121462
104,1468,0.24422027066696522
104,1469,0.28353717160779374
104,1470,0.24828768608181975
104,1471,0.27449385163395906
104,1472,0.2665325607671294
104,1473,0.2710666552532551
104,1474,0.26452842562697654
104,1475,0.29235601702401803
104,1476,0.2549472558636998
104,1477,0.2514260418193285
104,1478,0.26449521405752313
104,1479,0.2752817792947902
104,1480,0.291223558575608
104,1481,0.26310988255711487
104,1482,0.2505777311879535
104,1483,0.2557925159154936
104,1484,0.26064706056617026
104,1485,0.2617455623870672
104,1486,0.25101127874019535
104,1487,0.2416975349187851
104,1488,0.24699774765691093
104,1489,0.23066161642240923
104,1490,0.2360208284023196
104,1491,0.2668318585600964
104,1492,0.26543842845184856
104,1493,0.24504605351492417
104,1494,0.2507508341656175
104,1495,0.25353689214517905
104,1496,0.25359296244244245
104,1497,0.2598394592140996
104,1498,0.2595274060271507
104,1499,0.22626726814480716
104,1500,0.2654371635858403
104,1501,0.2365130082119343
104,1502,0.24980008636796197
104,1503,0.26200403307759484
104,1504,0.2527903422366741
104,1505,0.23415428226770357
104,1506,0.23921046042165092
104,1507,0.259311915137047
104,1508,0.25622406393982644
104,1509,0.2528954356215721
104,1510,0.259928262510965
104,1511,0.2538366071706594
104,1512,0.2699852987777355
104,1513,0.2632868570643802
104,1514,0.2742121614689051
104,1515,0.2678568027047224
104,1516,0.27354643511217697
104,1517,0.25803288540174796
104,1518,0.2563678400461064
104,1519,0.24153840368570284
104,1520,0.25450380458388216
104,1521,0.260040492512459
104,1522,0.24686192703801532
104,1523,0.2593305402023848
104,1524,0.24648477448973544
104,1525,0.25420751890470816
104,1526,0.2493934125401253
104,1527,0.2654589095781016
104,1528,0.2530026969521545
104,1529,0.2559932165367659
104,1530,0.24914026676222337
104,1531,0.2409051587415296
104,1532,0.2564364172691523
104,1533,0.2535720412121263
104,1534,0.25406618866809577
104,1535,0.25886970689130384
104,1536,0.257145119960918
104,1537,0.2636648035326669
104,1538,0.24643245408701342
104,1539,0.28396419591681904
104,1540,0.26035857824392095
104,1541,0.2617438560308412
104,1542,0.2687997530366099
104,1543,0.27323162728963896
104,1544,0.25361355931259866
104,1545,0.25141404430533565
104,1546,0.26329248935677285
104,1547,0.273914038441902
104,1548,0.28410675359326737
104,1549,0.25459919696630434
104,1550,0.24259462224882702
104,1551,0.26162125274192455
104,1552,0.25499763322430985
104,1553,0.2550031251685564
104,1554,0.2547351121902466
104,1555,0.25339441347953884
104,1556,0.2660554581603339
104,1557,0.2627360273239224
104,1558,0.261382327869881
104,1559,0.26275579665982446
104,1560,0.252895584633184
104,1561,0.25932776234870736
104,1562,0.2654150502626286
104,1563,0.25255195900451305
104,1564,0.2714891960454542
104,1565,0.24272157078565554
104,1566,0.27295935431192087
104,1567,0.27595532286998836
104,1568,0.23847022860549216
104,1569,0.25696061031762946
104,1570,0.28343632747960645
104,1571,0.25515175281569014
104,1572,0.2319767627605172
104,1573,0.253414019595745
104,1574,0.23866819087849106
104,1575,0.2391865911871888
104,1576,0.2769317259622175
104,1577,0.2585724197154821
104,1578,0.24939733015936474
104,1579,0.247970370359199
104,1580,0.2546675364638484
104,1581,0.24431922685268315
104,1582,0.25430351565050524
104,1583,0.2521157888479011
104,1584,0.2674066043177316
104,1585,0.26226101295892584
104,1586,0.24928338998971983
104,1587,0.2562104664569677
104,1588,0.25044439767682275
104,1589,0.23624667663906895
104,1590,0.23882678220438402
104,1591,0.2411786248517591
104,1592,0.2526894807815552
104,1593,0.24074670464493508
104,1594,0.25613240516462993
104,1595,0.23524375502453293
104,1596,0.2460061152314031
104,1597,0.24910941789316576
104,1598,0.25565179905226065
104,1599,0.2436852753162384
104,1600,0.2474618089753528
104,1601,0.22227098151694896
104,1602,0.23850095895833748
104,1603,0.25775332229081976
104,1604,0.2665435664875563
104,1605,0.24392809840135796
104,1606,0.2385660354481187
104,1607,0.2423103569551956
104,1608,0.2619221238202827
104,1609,0.2601539891126544
104,1610,0.24293257677277855
104,1611,0.22820563198522079
104,1612,0.24750837614369947
104,1613,0.25128588981406635
104,1614,0.24983460819998451
104,1615,0.2312206085338149
104,1616,0.2549841365841932
104,1617,0.24910656414752783
104,1618,0.25726660393005196
104,1619,0.23276497111764066
104,1620,0.24172404616378074
104,1621,0.243389637664307
104,1622,0.24889510523441227
104,1623,0.26971155405044556
104,1624,0.23682368460089662
104,1625,0.24054096673810205
104,1626,0.25891082577927166
104,1627,0.2478448575319246
104,1628,0.2576604097388511
104,1629,0.25094523194224333
104,1630,0.23603848662487295
104,1631,0.2691840778949649
104,1632,0.2630716236524804
104,1633,0.2498377540776896
104,1634,0.25019415658573774
104,1635,0.2507889059393905
104,1636,0.25359668911889544
104,1637,0.2454868035261021
104,1638,0.25835794834203496
104,1639,0.25591276897940524
104,1640,0.24938801970592764
104,1641,0.25460144738818324
104,1642,0.2529918260352556
104,1643,0.2740109341089116
104,1644,0.2522546475709871
104,1645,0.2377613380897877
104,1646,0.26236704338428585
104,1647,0.2783203436884769
104,1648,0.2378654119580291
104,1649,0.25102790323800817
104,1650,0.2608197740344114
104,1651,0.25031889455263007
104,1652,0.24800682587679043
104,1653,0.24017131328582764
104,1654,0.2493210954721584
104,1655,0.2372887158809706
104,1656,0.23843295005864876
104,1657,0.24189426940540934
104,1658,0.23479310163231784
104,1659,0.24294595662937607
104,1660,0.2580608891886334
104,1661,0.24933259431705918
104,1662,0.26099309151948885
104,1663,0.265921272510706
104,1664,0.24209653603476147
104,1665,0.26194230623023457
104,1666,0.23981261045433755
104,1667,0.2511943155942961
104,1668,0.2426821603331455
104,1669,0.2443070924559305
104,1670,0.23701852178850838
104,1671,0.25145539468110994
104,1672,0.2337931838146476
104,1673,0.23851379960082297
104,1674,0.24508566080137742
104,1675,0.2508047701314438
104,1676,0.2447222540544909
104,1677,0.2585393328999364
104,1678,0.26089979604233143
104,1679,0.23380307229452355
104,1680,0.23727082928945853
104,1681,0.2261466706214949
104,1682,0.25033747595410016
104,1683,0.2510142333285753
104,1684,0.21477788721406182
104,1685,0.2554145992495293
104,1686,0.239983661576759
104,1687,0.23501429169677024
104,1688,0.24625156923781993
104,1689,0.2571939358184504
104,1690,0.2623262630645619
104,1691,0.25294246126052944
104,1692,0.24952440656894861
104,1693,0.2793186923792196
104,1694,0.24511113069778265
104,1695,0.26640495519305385
104,1696,0.24553534873696262
104,1697,0.24350619662639705
104,1698,0.2348158712996993
104,1699,0.2358515990334888
104,1700,0.24878346642782523
104,1701,0.23766998773397402
104,1702,0.25547210490980815
104,1703,0.24277663473473038
104,1704,0.26068180279676306
104,1705,0.258956944526628
104,1706,0.25528529979461845
104,1707,0.2554966287557469
104,1708,0.2293878613516342
104,1709,0.24685598736585573
104,1710,0.25805170972679936
104,1711,0.26518929420515547
104,1712,0.23555446364158808
104,1713,0.25102834750053493
104,1714,0.2322836265314457
104,1715,0.24211007564566855
104,1716,0.24802124985428745
104,1717,0.24726148712080578
104,1718,0.2450801657382832
104,1719,0.24661881736544675
104,1720,0.2482323185649029
104,1721,0.25286416466846023
104,1722,0.23813757716223252
104,1723,0.2411731609771418
104,1724,0.24239526307860085
104,1725,0.2439547153406365
104,1726,0.24680231892785362
104,1727,0.2511548240517461
104,1728,0.24132328081962673
104,1729,0.24879631400108337
104,1730,0.2508769371481829
104,1731,0.2683346392803414
104,1732,0.23149658843528392
104,1733,0.2541943452385969
104,1734,0.25052311808563943
104,1735,0.2401919309483018
104,1736,0.22900383416996445
104,1737,0.23679780093736427
104,1738,0.23645871600439383
104,1739,0.2525612916364226
104,1740,0.24710364466489748
104,1741,0.26704882119977197
104,1742,0.2386848108713017
104,1743,0.25675210599289383
104,1744,0.2423973436965499
104,1745,0.23498565374418748
104,1746,0.23595030571139136
104,1747,0.2604610871436984
104,1748,0.2597869222247323
104,1749,0.24847553705060205
104,1750,0.21257289897563847
104,1751,0.23849021556765534
104,1752,0.25788630233254545
104,1753,0.2509366339722345
104,1754,0.24562301815942275
104,1755,0.2543962642897007
104,1756,0.23120515776235004
104,1757,0.2423086817874465
104,1758,0.24899985519952553
104,1759,0.23293972188650175
104,1760,0.24590339355690535
104,1761,0.2673197159933489
104,1762,0.25324878928273226
104,1763,0.2360013647134914
104,1764,0.22048166844733927
104,1765,0.2430034439231074
104,1766,0.23232314198516135
104,1767,0.2436287687268368
104,1768,0.2318176481612893
104,1769,0.23241714405459027
104,1770,0.26228143032207046
104,1771,0.2166282136079877
104,1772,0.2286437451839447
104,1773,0.21920189815898275
104,1774,0.234005861850672
104,1775,0.23362460351267525
104,1776,0.23239153207734572
104,1777,0.24254854266033615
104,1778,0.24237792367158933
104,1779,0.25274337169735933
104,1780,0.23998864584190902
104,1781,0.24227743543857752
104,1782,0.23799309342406516
104,1783,0.24655773611955864
104,1784,0.23695225285929303
104,1785,0.2646987552559653
104,1786,0.24860307227733525
104,1787,0.24623865097068076
104,1788,0.25183278945989385
104,1789,0.26260462056758793
104,1790,0.24047513063563858
104,1791,0.24682358981564986
104,1792,0.25554137451704156
104,1793,0.2401533088711805
104,1794,0.2437488045110259
104,1795,0.23864481996658238
104,1796,0.22823075846184132
104,1797,0.2455999587857446
104,1798,0.24795846952948458
104,1799,0.2432507896839186
104,1800,0.24872618047303932
104,1801,0.23437213620474173
104,1802,0.2527356535889382
104,1803,0.23607550249543302
104,1804,0.25660323958064235
104,1805,0.24505420964817667
104,1806,0.24385892721109612
104,1807,0.2327145587566287
104,1808,0.25266301562619764
104,1809,0.23149814300758895
104,1810,0.24061660919078562
104,1811,0.24765361637570138
104,1812,0.2261172467192938
104,1813,0.23387862360754677
104,1814,0.23893329223921134
104,1815,0.23474272461824638
104,1816,0.23789250573446585
104,1817,0.23013042606586634
104,1818,0.239968006347501
104,1819,0.23924342698829118
104,1820,0.2397692657487337
104,1821,0.24374733795953352
104,1822,0.23366363034691923
104,1823,0.24688486408355625
104,1824,0.24925250369448995
104,1825,0.26296273878840515
104,1826,0.2449184361585351
104,1827,0.25646145121995795
104,1828,0.26300936521485796
104,1829,0.2668249842732452
104,1830,0.26082445126633313
104,1831,0.24603363940882128
104,1832,0.24196663637493931
104,1833,0.25029409001039904
104,1834,0.24046937774780186
104,1835,0.2338412833768268
104,1836,0.245361375254254
104,1837,0.2534509807132011
104,1838,0.2366365156201429
104,1839,0.24987481395865596
104,1840,0.2303748494663904
104,1841,0.24073166660098141
104,1842,0.25913136365801787
104,1843,0.22274692772432816
104,1844,0.21808303338150645
104,1845,0.2384259170571039
104,1846,0.23449965999570005
104,1847,0.24168440283730971
104,1848,0.23942309929880984
104,1849,0.2572840590809667
104,1850,0.24569242257018423
104,1851,0.24466462433338165
104,1852,0.23499188416225966
104,1853,0.2564565878967906
104,1854,0.23759192124355671
104,1855,0.24402363009231035
104,1856,0.23084259171818577
104,1857,0.22764188467070115
104,1858,0.24965816458990409
104,1859,0.23716143189474595
104,1860,0.2566082980050597
104,1861,0.25609118647353596
104,1862,0.24697599161502926
104,1863,0.26273640990257263
104,1864,0.2524142819781636
104,1865,0.2531664884367654
104,1866,0.2519519886998243
104,1867,0.2424125310986541
104,1868,0.24268484115600586
104,1869,0.243625967655071
104,1870,0.2532730116400608
104,1871,0.25090166961037835
104,1872,0.2424768053515013
104,1873,0.23586539577606114
104,1874,0.22539504114971604
104,1875,0.24335459325202677
104,1876,0.24659557779167973
104,1877,0.25251445312832677
104,1878,0.23440275774445646
104,1879,0.24684330543806388
104,1880,0.2470582779063735
104,1881,0.2561649631622226
104,1882,0.25880536991496417
104,1883,0.25166180244711944
104,1884,0.2539896635815155
104,1885,0.2438166668248731
104,1886,0.2323369463515836
104,1887,0.2501831664595493
104,1888,0.2553124971861063
104,1889,0.24386594080647758
104,1890,0.2192450997441314
104,1891,0.26327390656914823
104,1892,0.2488029647705167
104,1893,0.23613694656726925
104,1894,0.23161724694939548
104,1895,0.2554311163203661
104,1896,0.24073107436645863
104,1897,0.22728680074214935
104,1898,0.2375839203596115
104,1899,0.24057572213716286
104,1900,0.22019002499968507
104,1901,0.23784279546072318
104,1902,0.24319497859755226
104,1903,0.2366133904041246
104,1904,0.2581688907257346
104,1905,0.2586483764787053
104,1906,0.22250800423843917
104,1907,0.23487144084863884
104,1908,0.24098195586093638
104,1909,0.256900938790898
104,1910,0.244734468155129
104,1911,0.24603761490001236
104,1912,0.2470216903575631
104,1913,0.23500829519227492
104,1914,0.2411947177593098
104,1915,0.23636579063049581
104,1916,0.24710415476976438
104,1917,0.2354978149713472
104,1918,0.2513025506984356
104,1919,0.24518614660861882
104,1920,0.23131514912427859
104,1921,0.22121810670508896
104,1922,0.22844522221143856
104,1923,0.2315006068972654
104,1924,0.2451731080925742
104,1925,0.2243590774231179
104,1926,0.24480117857456207
104,1927,0.24189874321915383
104,1928,0.21686884102433227
104,1929,0.2400246647208236
104,1930,0.22984292548756266
104,1931,0.2576932442742725
104,1932,0.23361799883288006
104,1933,0.22684469472530278
104,1934,0.23145929637343385
104,1935,0.24666504735170408
104,1936,0.2358210100684055
104,1937,0.24922551977079968
104,1938,0.2505655805038851
104,1939,0.2345378991476325
104,1940,0.237920529620592
104,1941,0.23651341366213421
104,1942,0.23733450645624204
104,1943,0.24346962709759556
104,1944,0.22934879431890887
104,1945,0.2203922091528427
104,1946,0.24595118088777676
104,1947,0.2415835316791091
104,1948,0.24145386627940243
104,1949,0.24258047550223594
104,1950,0.2024485534706781
105,1,1.6534213742544486
105,2,1.1292407249295435
105,3,0.9927378643390744
105,4,0.9166802403538726
105,5,0.8388331948324691
105,6,0.7990382729574691
105,7,0.7739863686783369
105,8,0.7669183722762174
105,9,0.7316555574882863
105,10,0.7263139735820682
105,11,0.6971442630124647
105,12,0.6885434610899105
105,13,0.6834990534671518
105,14,0.7052012834438058
105,15,0.6543977302174235
105,16,0.6640953823577526
105,17,0.6613929964775263
105,18,0.6179440160130345
105,19,0.6388679326966752
105,20,0.6308825639791267
105,21,0.6449473389359408
105,22,0.6287290273710738
105,23,0.6347923847131951
105,24,0.5984723789747372
105,25,0.6246163429215897
105,26,0.5923237911490506
105,27,0.582808117533839
105,28,0.5954756819924643
105,29,0.6053471787031307
105,30,0.6014608311098676
105,31,0.5645748557046403
105,32,0.5913202235865038
105,33,0.5503844916820526
105,34,0.6179769552031229
105,35,0.5811826503554056
105,36,0.56796037734941
105,37,0.56322699923848
105,38,0.5876992220102355
105,39,0.5691315892130829
105,40,0.5845094614250715
105,41,0.5694858556570008
105,42,0.5707752995712813
105,43,0.549976976804955
105,44,0.5652995941250823
105,45,0.5588219470755998
105,46,0.5467129640801008
105,47,0.5631734285243722
105,48,0.5141112624212753
105,49,0.5577298874078795
105,50,0.5355716486309849
105,51,0.5712859949400259
105,52,0.5554001345190891
105,53,0.5358259178871332
105,54,0.5349120393741963
105,55,0.534130431884943
105,56,0.5161060954249183
105,57,0.5587077390315921
105,58,0.5262689243915469
105,59,0.49861119514287905
105,60,0.4968071926471799
105,61,0.5408902265304742
105,62,0.5213800128116164
105,63,0.5244633167289025
105,64,0.5473545775857083
105,65,0.5203055004740871
105,66,0.5072163184021794
105,67,0.5292878033116807
105,68,0.5008073490719462
105,69,0.5137062509392583
105,70,0.4920786168686179
105,71,0.4828730669132499
105,72,0.48878557945406714
105,73,0.5002058453338091
105,74,0.5045576677765957
105,75,0.49302646240522696
105,76,0.4829613344613896
105,77,0.48866870930028516
105,78,0.48048697723898776
105,79,0.5140626070111297
105,80,0.5193268684453742
105,81,0.4927939426067264
105,82,0.5088755335918692
105,83,0.48024473911107973
105,84,0.5181807958802511
105,85,0.4762437225774277
105,86,0.497578760912252
105,87,0.4690017131871955
105,88,0.4725261940512546
105,89,0.47608997447546136
105,90,0.46699849186941633
105,91,0.4775877199893774
105,92,0.48296891395435776
105,93,0.46223311299501463
105,94,0.45855290529339815
105,95,0.47419816671415815
105,96,0.48270096196684725
105,97,0.47918300434600475
105,98,0.4688492999520413
105,99,0.4815562450608542
105,100,0.4941092681053073
105,101,0.4742957824884459
105,102,0.47425297734349275
105,103,0.47209716397662493
105,104,0.4942102044127708
105,105,0.4768376087033471
105,106,0.45480356867923294
105,107,0.49227791885996974
105,108,0.4692015433034232
105,109,0.45758653657380927
105,110,0.4582464528638263
105,111,0.4602666095245716
105,112,0.46047305922175563
105,113,0.43642062988392144
105,114,0.46168905773828195
105,115,0.46443513728851493
105,116,0.46333167719286544
105,117,0.45408317377400953
105,118,0.4610898439274278
105,119,0.4646709339563237
105,120,0.4943286319111669
105,121,0.4586381544900495
105,122,0.5028697162173515
105,123,0.45230223966199296
105,124,0.4605682519979255
105,125,0.4543871006300283
105,126,0.44373932827350704
105,127,0.4639197955297869
105,128,0.46413919260335523
105,129,0.4322503583375798
105,130,0.4554840360963067
105,131,0.44417104540869246
105,132,0.4407622814178467
105,133,0.4379942666652591
105,134,0.4495882939460666
105,135,0.45980442332666976
105,136,0.46184604389722955
105,137,0.45272291815558147
105,138,0.46423192911369854
105,139,0.4561372718145681
105,140,0.47809270162915074
105,141,0.46348116841427117
105,142,0.4510735987230789
105,143,0.45798717265905337
105,144,0.43606596907903983
105,145,0.47107652314873627
105,146,0.44570434855860336
105,147,0.4796809193699859
105,148,0.4525752358658369
105,149,0.4425197021905766
105,150,0.4563262213108151
105,151,0.433766539013663
105,152,0.4353001235529434
105,153,0.4367385090783585
105,154,0.4412422991076181
105,155,0.42715525003366694
105,156,0.42576126442399137
105,157,0.43322624162186024
105,158,0.43788368757380997
105,159,0.4526546694511591
105,160,0.4356806590113529
105,161,0.4204137387663819
105,162,0.43615163342897284
105,163,0.4354188102622365
105,164,0.45894311472427013
105,165,0.4286336981972983
105,166,0.4176041178925093
105,167,0.41954604830852776
105,168,0.4193631369014119
105,169,0.4333095716875653
105,170,0.4251169118770333
105,171,0.45669374424357745
105,172,0.4363745880681415
105,173,0.42426279533741085
105,174,0.4386184672976649
105,175,0.43220803072286207
105,176,0.4314898626748906
105,177,0.4018281102180481
105,178,0.4225872304550437
105,179,0.43995762356491974
105,180,0.42829168813173163
105,181,0.4178945470687955
105,182,0.414697844621747
105,183,0.4262812671273254
105,184,0.3950166404247284
105,185,0.42019674875015434
105,186,0.4138957546200863
105,187,0.4013399682765783
105,188,0.41369154494862226
105,189,0.39830306310986363
105,190,0.39938851012740023
105,191,0.42052759819252544
105,192,0.43993852027626923
105,193,0.4141691971656888
105,194,0.40274345389632293
105,195,0.4094908209734185
105,196,0.43290885520535843
105,197,0.4338651937107707
105,198,0.4061859340168709
105,199,0.4195053889307865
105,200,0.44254664418309236
105,201,0.4074869100437608
105,202,0.45240433964618415
105,203,0.41619261475496516
105,204,0.41891377887060477
105,205,0.4478833245676617
105,206,0.4021408356899439
105,207,0.41744405862896944
105,208,0.463691933210506
105,209,0.4209550813187
105,210,0.406878835933153
105,211,0.41543019303055695
105,212,0.3961046317289042
105,213,0.404437220373819
105,214,0.4185236657774726
105,215,0.4272800018621046
105,216,0.400928339985914
105,217,0.4189487203609112
105,218,0.42251305247462073
105,219,0.4125929204530494
105,220,0.44923717060754464
105,221,0.42259453479633774
105,222,0.41675079423327777
105,223,0.3927107598892478
105,224,0.41131875681322677
105,225,0.4308401103629622
105,226,0.4409907307735709
105,227,0.4094488475211831
105,228,0.4182172084963599
105,229,0.3983953976353934
105,230,0.4115611841512281
105,231,0.39079579918883567
105,232,0.39962008942005245
105,233,0.3961200831934463
105,234,0.4045423227687215
105,235,0.3929962592069493
105,236,0.41812388148418694
105,237,0.4029401478379272
105,238,0.3909308321254198
105,239,0.3946395356987798
105,240,0.3865725966387017
105,241,0.3793880010760108
105,242,0.4078667323256648
105,243,0.4073636926883875
105,244,0.3837557033050892
105,245,0.3870420559894207
105,246,0.39341952634412186
105,247,0.4243212605631629
105,248,0.3784180574638899
105,249,0.4182144043057464
105,250,0.39041086268979447
105,251,0.4074451826339544
105,252,0.372737773629122
105,253,0.3806514213251513
105,254,0.39150563852731574
105,255,0.38064701473990153
105,256,0.3993901956913083
105,257,0.4083673413409743
105,258,0.37162268300389134
105,259,0.3857819729073103
105,260,0.4148931842903758
105,261,0.4011011650395948
105,262,0.4014351756073708
105,263,0.4151375224423963
105,264,0.3899753024411756
105,265,0.4049668506134388
105,266,0.40493173030919805
105,267,0.3929739961790484
105,268,0.41222999816717104
105,269,0.38745020711144734
105,270,0.38500840026278826
105,271,0.38004428148269653
105,272,0.37050881912541944
105,273,0.3841490142567213
105,274,0.38448250917501225
105,275,0.3904658937176993
105,276,0.37599097296249034
105,277,0.389466033425442
105,278,0.39521762867306554
105,279,0.38470330973004185
105,280,0.4001579610414283
105,281,0.3771571156590484
105,282,0.39598038861917895
105,283,0.3838445890781491
105,284,0.40645367669504745
105,285,0.40474016098088994
105,286,0.35632425408030666
105,287,0.3769993886005047
105,288,0.4004053612088048
105,289,0.3690244590127191
105,290,0.3887245717436768
105,291,0.39772355972334394
105,292,0.3879863467327384
105,293,0.3824822576933129
105,294,0.3793081024358439
105,295,0.3698314178821652
105,296,0.3740075618721718
105,297,0.3710410075132237
105,298,0.3784592317980389
105,299,0.3898619843083759
105,300,0.38526523043943006
105,301,0.3584048935147219
105,302,0.37592003581135774
105,303,0.3906058689882589
105,304,0.3903774632964023
105,305,0.3727021383684735
105,306,0.386651941510134
105,307,0.36457700646200847
105,308,0.38925653210906097
105,309,0.42551324118015377
105,310,0.41273550654566565
105,311,0.40062608552533524
105,312,0.3892611195874769
105,313,0.40251411948093146
105,314,0.37645710762157
105,315,0.3756439831367759
105,316,0.3726261833379435
105,317,0.36611478758412735
105,318,0.37846342907395475
105,319,0.3739107812559882
105,320,0.38482177396153294
105,321,0.374892498864684
105,322,0.39165712442508965
105,323,0.38322524553121523
105,324,0.36208427645439323
105,325,0.37151247401570164
105,326,0.37136358091997546
105,327,0.40785314662511957
105,328,0.3892193762368934
105,329,0.38651010047557743
105,330,0.3836830653423487
105,331,0.38657887938410734
105,332,0.38418849193772603
105,333,0.3795218024142953
105,334,0.3879972384419552
105,335,0.40094592612843183
105,336,0.38160029469534407
105,337,0.37463016426840495
105,338,0.3481734124727027
105,339,0.36552194315333697
105,340,0.368031874645588
105,341,0.39466215981993563
105,342,0.38429274947144265
105,343,0.4033324122428894
105,344,0.3827322187811829
105,345,0.39321954167166423
105,346,0.3823946298554886
105,347,0.3837830278762551
105,348,0.394440621137619
105,349,0.35773754535719404
105,350,0.37443896227104717
105,351,0.379029791022456
105,352,0.4008292022139527
105,353,0.36195357663686883
105,354,0.3609971272390942
105,355,0.3752723953058553
105,356,0.379869821459748
105,357,0.3871693985406743
105,358,0.3615186276823975
105,359,0.3509064503880434
105,360,0.3728540719941605
105,361,0.35854338559993476
105,362,0.3488876694856688
105,363,0.3963101118109947
105,364,0.3919404301532479
105,365,0.3596240926620572
105,366,0.37868745105211127
105,367,0.35120313042818113
105,368,0.3798618268134982
105,369,0.3586674512818802
105,370,0.36269947124081986
105,371,0.37318558471147406
105,372,0.3768666192542675
105,373,0.37306630334188773
105,374,0.38353741099668104
105,375,0.3787430802056956
105,376,0.34883651622506073
105,377,0.37315028490022173
105,378,0.34887941493544466
105,379,0.38453647078469744
105,380,0.36337862527647685
105,381,0.360755218322887
105,382,0.3783143044904221
105,383,0.37082976865213974
105,384,0.37081918328307395
105,385,0.37057407650836677
105,386,0.3739063116007073
105,387,0.3553767869638842
105,388,0.3532335487909095
105,389,0.3487432044605876
105,390,0.3518748345763184
105,391,0.38697467224542487
105,392,0.36969143429467843
105,393,0.35707888007164
105,394,0.3739656618861265
105,395,0.3753207651681678
105,396,0.36097589065862257
105,397,0.35546446747558064
105,398,0.3470496660055116
105,399,0.35362514368323394
105,400,0.35594979205796884
105,401,0.36823099505069645
105,402,0.36557161253552106
105,403,0.3532952742521153
105,404,0.36758792053821476
105,405,0.3809871576553167
105,406,0.3794346160666887
105,407,0.3657970615597658
105,408,0.3553339118181273
105,409,0.3584439858447674
105,410,0.356624000294264
105,411,0.33900097566981646
105,412,0.3691491221272668
105,413,0.35371694038080614
105,414,0.3424910549507585
105,415,0.36029039219368336
105,416,0.3762481261131375
105,417,0.36785602985426435
105,418,0.3698764540428339
105,419,0.3340459355088167
105,420,0.37938456064046816
105,421,0.36683241295260055
105,422,0.39789530288341435
105,423,0.3464751964391664
105,424,0.3676996695440869
105,425,0.34427438641703406
105,426,0.36374286579531295
105,427,0.3429322492244632
105,428,0.3649493712325429
105,429,0.3466386212859043
105,430,0.34956056226131527
105,431,0.33588005290475004
105,432,0.3745949531710425
105,433,0.3556763231754303
105,434,0.35498927083126336
105,435,0.34350686572318856
105,436,0.3687103383762892
105,437,0.33248677780461866
105,438,0.3670217186905617
105,439,0.3506175549917443
105,440,0.33029528620631193
105,441,0.3517723998358083
105,442,0.34232293797093766
105,443,0.35947686780330745
105,444,0.33228783967883085
105,445,0.35273970005124117
105,446,0.3510477293369382
105,447,0.352468038021132
105,448,0.3511910001898921
105,449,0.36564155650693314
105,450,0.3371916482614916
105,451,0.3731659013171529
105,452,0.36396489586941033
105,453,0.34128460218740064
105,454,0.34343595213668293
105,455,0.37285845848016963
105,456,0.3736792920633804
105,457,0.349103334338166
105,458,0.3470355209916137
105,459,0.3417003660701042
105,460,0.33314969858457877
105,461,0.34817963422730913
105,462,0.3473461311916972
105,463,0.3687710186769796
105,464,0.3487692170364912
105,465,0.356710588516191
105,466,0.3597583694513454
105,467,0.3672907400962918
105,468,0.35131159840628157
105,469,0.35914368962132653
105,470,0.3528903750486152
105,471,0.3225874069125153
105,472,0.34813830256462097
105,473,0.3323811334232951
105,474,0.3420316327449887
105,475,0.3316788222900657
105,476,0.3545963812706082
105,477,0.34211785502211994
105,478,0.31901754334915516
105,479,0.3273215557253638
105,480,0.31533923745155334
105,481,0.35129686843517216
105,482,0.3383543879486794
105,483,0.3406644886316255
105,484,0.33244132856990016
105,485,0.3347219415875368
105,486,0.34333525702010753
105,487,0.35363436854162883
105,488,0.34317372080891634
105,489,0.32752344081568163
105,490,0.33790388079576716
105,491,0.3397019768870154
105,492,0.3433402617310369
105,493,0.355909725261289
105,494,0.3629519412683886
105,495,0.33301818648049997
105,496,0.36880487134290296
105,497,0.3593576585137567
105,498,0.3453144763791284
105,499,0.34879539525786113
105,500,0.32620507201483084
105,501,0.3423287785330484
105,502,0.3613523508227149
105,503,0.34593019929043084
105,504,0.3611106643843096
105,505,0.3480460477429767
105,506,0.34790849547053493
105,507,0.3412530650926191
105,508,0.35533491123554317
105,509,0.3320052492064099
105,510,0.32487708746000776
105,511,0.3621584974056066
105,512,0.34875897889913515
105,513,0.3446375838545866
105,514,0.33587109765341117
105,515,0.3367968478868174
105,516,0.31875384408374163
105,517,0.3474916441496028
105,518,0.34513431995414023
105,519,0.32437582972437834
105,520,0.34530574707097783
105,521,0.3609924468883248
105,522,0.3480407221372737
105,523,0.3624292764552804
105,524,0.32176502430161763
105,525,0.3132914519587228
105,526,0.32021388203598733
105,527,0.3260957030362861
105,528,0.3361417824445769
105,529,0.3377024968003118
105,530,0.338767574277035
105,531,0.3388631066610647
105,532,0.31951096653938293
105,533,0.31332638998364293
105,534,0.3368577977945638
105,535,0.3361574376738349
105,536,0.32046733761942664
105,537,0.3415912285793659
105,538,0.3260094710560732
105,539,0.32515092575272847
105,540,0.3425136257049649
105,541,0.3333333813866904
105,542,0.3445055692694908
105,543,0.3202493662057921
105,544,0.33548612996589305
105,545,0.3257530969242717
105,546,0.3370788561743359
105,547,0.3570707218591557
105,548,0.337722402672435
105,549,0.3362686994463898
105,550,0.31332698117854985
105,551,0.34443871018498445
105,552,0.3366633355617523
105,553,0.32128727782604305
105,554,0.33128576847009883
105,555,0.3451490845791129
105,556,0.35187146206234776
105,557,0.3107443756835405
105,558,0.3461577400218609
105,559,0.33990455436152084
105,560,0.32750139264173284
105,561,0.31950365110885265
105,562,0.33309442151424495
105,563,0.3327773185663445
105,564,0.311430097319359
105,565,0.33974177269048467
105,566,0.33710925315701684
105,567,0.344998894042747
105,568,0.3406938647114953
105,569,0.32458958099054736
105,570,0.32727092088654985
105,571,0.34173311882240825
105,572,0.3277236639067184
105,573,0.34254820471586184
105,574,0.328672026478967
105,575,0.3115754356217939
105,576,0.31190088044765385
105,577,0.3332491801228634
105,578,0.32207239297933354
105,579,0.3428633642751117
105,580,0.3368972567624824
105,581,0.3395826851212701
105,582,0.3353190602258194
105,583,0.3518719874149145
105,584,0.31778840616691945
105,585,0.3654935380747152
105,586,0.33412614326144374
105,587,0.3457841568214949
105,588,0.3297851695570835
105,589,0.30781839268152106
105,590,0.33503959275955375
105,591,0.3297228002270987
105,592,0.32878120347510936
105,593,0.33116551817849627
105,594,0.3287056538947793
105,595,0.31546733615010286
105,596,0.3559379175651905
105,597,0.31620083437409513
105,598,0.33803684004517487
105,599,0.3519216831340346
105,600,0.3346601821655451
105,601,0.323516822138498
105,602,0.328898326602093
105,603,0.35816123873688455
105,604,0.32089845940124156
105,605,0.3286344852558402
105,606,0.3343097616073697
105,607,0.3260909831801126
105,608,0.36021341071572416
105,609,0.3422225789968358
105,610,0.33292687909547675
105,611,0.3381016323732775
105,612,0.3521368371885876
105,613,0.33068638069685113
105,614,0.3260824105074239
105,615,0.3355994051279024
105,616,0.3119759760623754
105,617,0.3343196109283802
105,618,0.31831642361574397
105,619,0.3373559193555699
105,620,0.33243031002754386
105,621,0.31450898494831353
105,622,0.3200705190037572
105,623,0.3131041786698408
105,624,0.3523901368296424
105,625,0.30858085529748785
105,626,0.3263609728147817
105,627,0.3323033098564592
105,628,0.3130264074303383
105,629,0.32756633120913836
105,630,0.32820982988490616
105,631,0.31655854749125106
105,632,0.3297082677830097
105,633,0.3442894705506258
105,634,0.3136103673036708
105,635,0.32411673387815787
105,636,0.32234097150869145
105,637,0.3288625811421594
105,638,0.30016998565474223
105,639,0.3234376803387043
105,640,0.3321512078129968
105,641,0.3363480394662813
105,642,0.3441237606281458
105,643,0.33598014989564584
105,644,0.3195227859325187
105,645,0.3339252610539281
105,646,0.31469856999641244
105,647,0.3367660468400911
105,648,0.3179735326489737
105,649,0.32582503626512926
105,650,0.31661815421525824
105,651,0.2958961593550305
105,652,0.30537576661553495
105,653,0.30823377121326534
105,654,0.31968933759733686
105,655,0.3143123180367226
105,656,0.3006832467955212
105,657,0.33210781632467756
105,658,0.3237171588942062
105,659,0.3478529210700545
105,660,0.3348583391932554
105,661,0.32625204047491385
105,662,0.3263781237047772
105,663,0.30878160582032316
105,664,0.32562670527502546
105,665,0.31086477290752323
105,666,0.33036529186160063
105,667,0.31971957794455597
105,668,0.3157178953636524
105,669,0.3169039023476978
105,670,0.33140425349390784
105,671,0.3242287892241811
105,672,0.3068505747373714
105,673,0.3015945318133332
105,674,0.3202088981173759
105,675,0.31126109943833463
105,676,0.32722662631855454
105,677,0.32259917675062666
105,678,0.314666431310565
105,679,0.3478969550409982
105,680,0.3174535153910171
105,681,0.33275397503098775
105,682,0.3140101592208064
105,683,0.2995268127252889
105,684,0.2916061767311983
105,685,0.32771092029505
105,686,0.30163517940876095
105,687,0.32937406523283136
105,688,0.31237644927446234
105,689,0.340611572875533
105,690,0.3110519307990407
105,691,0.3394612413506175
105,692,0.31189986682215404
105,693,0.34982433083445524
105,694,0.31638069693432297
105,695,0.31211932523306024
105,696,0.3269537021947462
105,697,0.29599590149036675
105,698,0.32471938812455464
105,699,0.3190870319688043
105,700,0.2947286935739739
105,701,0.3335922776266586
105,702,0.3140868378240009
105,703,0.30548711225043895
105,704,0.32540123892384903
105,705,0.3331542756668357
105,706,0.32448107073473376
105,707,0.3157948955546978
105,708,0.32647470055624495
105,709,0.3215088851230089
105,710,0.31188953615898307
105,711,0.3336189243682595
105,712,0.3287416779717734
105,713,0.3209634811379189
105,714,0.30059814938279084
105,715,0.30479306952897894
105,716,0.303077103093613
105,717,0.30548417984053144
105,718,0.3284814558749975
105,719,0.32164131624754083
105,720,0.3258082242899163
105,721,0.31036717461985214
105,722,0.3450680437476136
105,723,0.3339233245960502
105,724,0.31651805791743964
105,725,0.3257748345996058
105,726,0.31683465422585955
105,727,0.3248248703257982
105,728,0.30659990601761394
105,729,0.3183619844359021
105,730,0.3148940101612446
105,731,0.3242220393446989
105,732,0.33753258821576143
105,733,0.32454685554947965
105,734,0.35252985427545946
105,735,0.32179588218067967
105,736,0.3330904765184535
105,737,0.32307520508766174
105,738,0.31769684650177177
105,739,0.2989188093085622
105,740,0.31093219061230504
105,741,0.31763929752416387
105,742,0.29961910428002825
105,743,0.33384755323099535
105,744,0.2954994135124739
105,745,0.3014318603415822
105,746,0.3108979477438816
105,747,0.28808756415234055
105,748,0.31213767098826034
105,749,0.3158103879107985
105,750,0.3060588081215703
105,751,0.30963620612787646
105,752,0.31193489113519357
105,753,0.2938741480195245
105,754,0.30775779624317967
105,755,0.3081215696279393
105,756,0.29946335249168926
105,757,0.29782453387282615
105,758,0.30164552635924763
105,759,0.3113046413244203
105,760,0.2864530571671419
105,761,0.2958004814247752
105,762,0.30687311915464177
105,763,0.3004133756770644
105,764,0.3040465178877808
105,765,0.2835712696230689
105,766,0.2991358159586441
105,767,0.31643046611963316
105,768,0.2982138083424679
105,769,0.3070023309352786
105,770,0.3027422774669736
105,771,0.31973347691602483
105,772,0.31261896740558537
105,773,0.2968232035636902
105,774,0.3114419607229011
105,775,0.3046470125054204
105,776,0.3234900908414708
105,777,0.30908677536387774
105,778,0.30432328651117724
105,779,0.309205821087194
105,780,0.28011137524316476
105,781,0.32602082504782565
105,782,0.2931001179440077
105,783,0.29933528775392576
105,784,0.3021434822747874
105,785,0.3158916214177775
105,786,0.29593080975288566
105,787,0.29731607367826063
105,788,0.3244295837574227
105,789,0.3129598089428835
105,790,0.3065246101035628
105,791,0.30927093361699304
105,792,0.3070018513258113
105,793,0.30109676649404127
105,794,0.3066957516725673
105,795,0.3156604697537977
105,796,0.2941935027754584
105,797,0.28663993644159896
105,798,0.30685042849806854
105,799,0.3169359287550283
105,800,0.2930169819399368
105,801,0.29294304930886556
105,802,0.2882464971653251
105,803,0.3147063109763833
105,804,0.28593533191570014
105,805,0.2896454251089761
105,806,0.3160640417143356
105,807,0.29366155419238776
105,808,0.30872885709585146
105,809,0.29257691807525105
105,810,0.29267344363900116
105,811,0.309164201797441
105,812,0.30615347554517347
105,813,0.32149270869964774
105,814,0.3028078079223633
105,815,0.3088133674721385
105,816,0.3183475261510805
105,817,0.3143980669420819
105,818,0.296325262202773
105,819,0.30060471559679786
105,820,0.2828213433886683
105,821,0.3097029127353846
105,822,0.29697495698928833
105,823,0.2968125100745711
105,824,0.3066775036412616
105,825,0.29539327427398326
105,826,0.30772056967713113
105,827,0.3159363172775091
105,828,0.3054593891598458
105,829,0.3056831505409507
105,830,0.31146588089854216
105,831,0.28346624623897465
105,832,0.3060005438882251
105,833,0.28068816315296086
105,834,0.2892663035281869
105,835,0.30284560766330987
105,836,0.296566798936489
105,837,0.29777763679970143
105,838,0.30398932653804156
105,839,0.311877311662186
105,840,0.2881774784520615
105,841,0.2806674921235373
105,842,0.30277721271958463
105,843,0.3058900708375975
105,844,0.2960930515167325
105,845,0.30836870018825974
105,846,0.30355066684789433
105,847,0.3098859814710395
105,848,0.32582218286603
105,849,0.29192092945409376
105,850,0.29186836370201996
105,851,0.3023989554061446
105,852,0.31606928830923037
105,853,0.2949758331442988
105,854,0.30149381590443985
105,855,0.2986807448919429
105,856,0.31488360221995865
105,857,0.2788620556509772
105,858,0.2837798137997472
105,859,0.29420559142911157
105,860,0.3095274983450424
105,861,0.2994992947855661
105,862,0.3004047045874041
105,863,0.29838723498721453
105,864,0.28699330188507255
105,865,0.2680022948703101
105,866,0.30417747345081597
105,867,0.3015880778778431
105,868,0.27558017331500384
105,869,0.30047476984733756
105,870,0.2898343628229097
105,871,0.29631712616876116
105,872,0.30777527287948964
105,873,0.2792437395384145
105,874,0.3065777725951616
105,875,0.28593704104423523
105,876,0.303849199483561
105,877,0.30123081526090933
105,878,0.3087659606406855
105,879,0.3008470992709315
105,880,0.31069181755531666
105,881,0.30601726922878
105,882,0.32042932510375977
105,883,0.2785301416419273
105,884,0.3012559677279273
105,885,0.3088070022505383
105,886,0.2954941807791244
105,887,0.272657630748527
105,888,0.29379897581976516
105,889,0.2795667211676753
105,890,0.28909123082493626
105,891,0.2909023283525955
105,892,0.2885214388370514
105,893,0.29751357228256936
105,894,0.28888045147407887
105,895,0.2978147996026416
105,896,0.2944580420505169
105,897,0.2833815993264664
105,898,0.2894343782302945
105,899,0.28455340065235313
105,900,0.29884920841039614
105,901,0.2905858904123306
105,902,0.2981159326642059
105,903,0.2873830323995546
105,904,0.3070805169815241
105,905,0.2928771757802298
105,906,0.28463364305884337
105,907,0.2811730864436127
105,908,0.27995895784954694
105,909,0.29587291423664536
105,910,0.3116334711396417
105,911,0.3107762253561685
105,912,0.31195240103921223
105,913,0.29113450923631357
105,914,0.2948013620321141
105,915,0.29377536787543185
105,916,0.3013559212518293
105,917,0.28718334089877995
105,918,0.3184030936207882
105,919,0.2913930942845899
105,920,0.3082472162191258
105,921,0.2897676915623421
105,922,0.28032514245011086
105,923,0.27215520101924273
105,924,0.30440304029819576
105,925,0.30353506775789485
105,926,0.28381471162618593
105,927,0.2972332904505175
105,928,0.3030409757481065
105,929,0.2939055804596391
105,930,0.2961486931457076
105,931,0.28843001709427946
105,932,0.2879282852938009
105,933,0.29553420113962753
105,934,0.31033221718876863
105,935,0.2868222920007484
105,936,0.29538254405176917
105,937,0.3017282347346461
105,938,0.3052981960219006
105,939,0.31048474131628523
105,940,0.2876682804767476
105,941,0.30592202031335164
105,942,0.28510933248109593
105,943,0.287914420283118
105,944,0.28987239335858545
105,945,0.2734219612077225
105,946,0.30161786772484
105,947,0.3020090765731279
105,948,0.30809267385061395
105,949,0.2698267552741738
105,950,0.31110653974289115
105,951,0.2888998915982801
105,952,0.2871088302412698
105,953,0.3147971290488576
105,954,0.29696008770964866
105,955,0.30542869692625
105,956,0.29766371014506315
105,957,0.2860619709935299
105,958,0.313225915958715
105,959,0.29069317080253776
105,960,0.2792577452437822
105,961,0.29913048896678657
105,962,0.2734012077021044
105,963,0.2965309072372525
105,964,0.2785723736119825
105,965,0.2894629267759101
105,966,0.2722354517426602
105,967,0.30083186335341877
105,968,0.28332802098850873
105,969,0.2860058254973833
105,970,0.28506295764169026
105,971,0.27940665705259454
105,972,0.2972382958545241
105,973,0.30577599031980646
105,974,0.2953308231608812
105,975,0.27593676364699077
105,976,0.2979817556780438
105,977,0.2931674178256545
105,978,0.2815613316935162
105,979,0.2901096295478732
105,980,0.3043351817962735
105,981,0.2908018993776898
105,982,0.2982998746772145
105,983,0.2771176529485126
105,984,0.30419852844504425
105,985,0.2932875988095306
105,986,0.272962641577388
105,987,0.28920978931493535
105,988,0.29670793233915815
105,989,0.289501256027887
105,990,0.28915921061537986
105,991,0.27528236078661544
105,992,0.28705941521844197
105,993,0.2764140166515528
105,994,0.27982318470644396
105,995,0.2830476396998694
105,996,0.2875106608451799
105,997,0.2716339854306953
105,998,0.27886221852413445
105,999,0.2758801316106042
105,1000,0.2842089104097943
105,1001,0.2758801870567854
105,1002,0.2770256178323613
105,1003,0.28208690188651864
105,1004,0.27582864220752273
105,1005,0.2950282311716745
105,1006,0.2900146537048872
105,1007,0.26898439055265383
105,1008,0.2848491530085719
105,1009,0.279790788195854
105,1010,0.29503141308939734
105,1011,0.28593376348184985
105,1012,0.2837537818176802
105,1013,0.2916687948759212
105,1014,0.29555241070514504
105,1015,0.2971418035584827
105,1016,0.2846459392891374
105,1017,0.27277188592178875
105,1018,0.28321788719920227
105,1019,0.2672502401956292
105,1020,0.27446934684764507
105,1021,0.27412074527075125
105,1022,0.2820201588924541
105,1023,0.25979511335838673
105,1024,0.27662789821624756
105,1025,0.25752730910168137
105,1026,0.25456341962481654
105,1027,0.26563603517621065
105,1028,0.27055689727151117
105,1029,0.267844008151875
105,1030,0.2830307670803957
105,1031,0.2760120436202648
105,1032,0.29873478967089984
105,1033,0.3025301635958428
105,1034,0.27456987008105876
105,1035,0.29908076829688496
105,1036,0.27185247665227846
105,1037,0.2816738978374836
105,1038,0.2939570220403893
105,1039,0.28075250255507095
105,1040,0.27844325054523555
105,1041,0.26447849391504774
105,1042,0.2634678018647571
105,1043,0.26786302965740827
105,1044,0.30257793775824615
105,1045,0.28859642633171967
105,1046,0.29079375294751897
105,1047,0.275070249341255
105,1048,0.26966110287710676
105,1049,0.29553465510523597
105,1050,0.30733877766964046
105,1051,0.2981908030288164
105,1052,0.30044824404771936
105,1053,0.27101076342338737
105,1054,0.26339186416115873
105,1055,0.29599488821140557
105,1056,0.2769180910531865
105,1057,0.29542129954626395
105,1058,0.2698792686989141
105,1059,0.27015061433925186
105,1060,0.2918037314747655
105,1061,0.2533798682135205
105,1062,0.25977801098379977
105,1063,0.2866760339847831
105,1064,0.30219255976898723
105,1065,0.29059309113857357
105,1066,0.28137832602789237
105,1067,0.3028656819532084
105,1068,0.2705569807873216
105,1069,0.2741615169270094
105,1070,0.29046331449996593
105,1071,0.29066787972006686
105,1072,0.2768466112225555
105,1073,0.2717553522697715
105,1074,0.28799329386201017
105,1075,0.28423432589963427
105,1076,0.26327136990635897
105,1077,0.2859332027823426
105,1078,0.28074577520059985
105,1079,0.28041436471218284
105,1080,0.27773051552994305
105,1081,0.2715388051299162
105,1082,0.2907207220099693
105,1083,0.2720495233702105
105,1084,0.2844089477561241
105,1085,0.2679808777432109
105,1086,0.26829254973766414
105,1087,0.3065976431203443
105,1088,0.2663616018239842
105,1089,0.2949296672676885
105,1090,0.27415920066279037
105,1091,0.2565933167934418
105,1092,0.2742730975151062
105,1093,0.28388276418974234
105,1094,0.30625538424003956
105,1095,0.2667214225891025
105,1096,0.2727425715257955
105,1097,0.278342371763185
105,1098,0.2744775830313217
105,1099,0.2671766925689786
105,1100,0.27335642451463743
105,1101,0.2740541765856188
105,1102,0.276573391154755
105,1103,0.27640714964201285
105,1104,0.2674070562041083
105,1105,0.29218047510745915
105,1106,0.28558739777221237
105,1107,0.26437938837117925
105,1108,0.3072508947793828
105,1109,0.2882700895154199
105,1110,0.2687450993892758
105,1111,0.28756226841793503
105,1112,0.2916413635708565
105,1113,0.2683354359726573
105,1114,0.2657105395960253
105,1115,0.2796526904716048
105,1116,0.2800378047449644
105,1117,0.2778455095235692
105,1118,0.28006974486417546
105,1119,0.26099607452403667
105,1120,0.29799119469731356
105,1121,0.27238134589306146
105,1122,0.26082649792349616
105,1123,0.27593492629916166
105,1124,0.2569073681221452
105,1125,0.29621591055115987
105,1126,0.27120298355124717
105,1127,0.2575047951798106
105,1128,0.2865152948124464
105,1129,0.29392195094463436
105,1130,0.2953465781932653
105,1131,0.2880337522473446
105,1132,0.25548124451969945
105,1133,0.2810818781686384
105,1134,0.28510038450706837
105,1135,0.2697501030079154
105,1136,0.26918273471122567
105,1137,0.27625241737033046
105,1138,0.2820926273978034
105,1139,0.28878288629443144
105,1140,0.27872450892315354
105,1141,0.26835400281950483
105,1142,0.2954620871432992
105,1143,0.2748830346174018
105,1144,0.27313856122105623
105,1145,0.2511697543221851
105,1146,0.2716362892195236
105,1147,0.26351056265276535
105,1148,0.2680740446545357
105,1149,0.27232819864916247
105,1150,0.25880664690982463
105,1151,0.2907452687274578
105,1152,0.29114012454831323
105,1153,0.2716546301231828
105,1154,0.2683545357959215
105,1155,0.26743690738844317
105,1156,0.26814752331999847
105,1157,0.2735324294068093
105,1158,0.2747916731723519
105,1159,0.25464151487794034
105,1160,0.2656631407349609
105,1161,0.2787526963755142
105,1162,0.28142164682233056
105,1163,0.27789151460625405
105,1164,0.28305305991061896
105,1165,0.27030815530654995
105,1166,0.273041310698487
105,1167,0.28298830708792044
105,1168,0.27465953383334846
105,1169,0.2827315178028373
105,1170,0.276189235060714
105,1171,0.2805441534796426
105,1172,0.2735360826170722
105,1173,0.2828722478345383
105,1174,0.26376195078672365
105,1175,0.27748352254545966
105,1176,0.2993555408577586
105,1177,0.27491508458935937
105,1178,0.26913143313208293
105,1179,0.274192329062972
105,1180,0.29319531973018204
105,1181,0.28552814486414885
105,1182,0.2671897896500521
105,1183,0.2635306210018868
105,1184,0.24727592565292536
105,1185,0.27617789908897045
105,1186,0.29350235087926996
105,1187,0.28906928384026814
105,1188,0.29188847888347713
105,1189,0.2701652867849483
105,1190,0.27753449040789935
105,1191,0.291554921934771
105,1192,0.275289433640103
105,1193,0.2935291570286418
105,1194,0.284294877634492
105,1195,0.28213529600653536
105,1196,0.2723200165255125
105,1197,0.27150897577751515
105,1198,0.25386773569639337
105,1199,0.2659096884173016
105,1200,0.27441996890445086
105,1201,0.29786723297695783
105,1202,0.27750436926996985
105,1203,0.26703096406404364
105,1204,0.2751277380211409
105,1205,0.253906671390977
105,1206,0.2411837265935055
105,1207,0.28103255047354586
105,1208,0.2524272903453472
105,1209,0.2889281899430031
105,1210,0.26753956218098485
105,1211,0.28453766814498016
105,1212,0.24993731081485748
105,1213,0.25197981575200723
105,1214,0.26047586978868
105,1215,0.24889481136965197
105,1216,0.2581594326468401
105,1217,0.24287285707717718
105,1218,0.27910702103792234
105,1219,0.2636933791082959
105,1220,0.2627543044644733
105,1221,0.2425978301569473
105,1222,0.252788117458654
105,1223,0.26492971597715864
105,1224,0.2669011416823365
105,1225,0.28403315017389696
105,1226,0.27829631747201433
105,1227,0.29014388211937836
105,1228,0.28634719862494357
105,1229,0.29373032686322237
105,1230,0.25774516546448994
105,1231,0.2626292456028073
105,1232,0.2588060938341673
105,1233,0.27363976455012035
105,1234,0.26688385009765625
105,1235,0.2798387435979621
105,1236,0.30344644812650456
105,1237,0.26269494932751325
105,1238,0.2931475673997125
105,1239,0.2723580792892811
105,1240,0.28660554975964303
105,1241,0.2885322834170142
105,1242,0.27946665120679276
105,1243,0.2772535986678545
105,1244,0.24860860719237216
105,1245,0.28385492396909134
105,1246,0.2692647042662598
105,1247,0.28696356124656147
105,1248,0.2681184688279795
105,1249,0.26392722926860634
105,1250,0.25595665532489154
105,1251,0.26520951542743415
105,1252,0.25954465048257697
105,1253,0.2718983569810557
105,1254,0.2581158585326616
105,1255,0.2829454506552497
105,1256,0.29505780547164207
105,1257,0.27157177620155865
105,1258,0.2883759376614593
105,1259,0.27230304548906725
105,1260,0.26474585990573085
105,1261,0.28026298797407817
105,1262,0.28045450150966644
105,1263,0.2668592236762823
105,1264,0.29211903172870013
105,1265,0.25598675185857817
105,1266,0.29101043385128644
105,1267,0.2645285254301027
105,1268,0.2709988861583
105,1269,0.27515142462974373
105,1270,0.25220837807932567
105,1271,0.257713510893112
105,1272,0.25274894334549125
105,1273,0.2447164637404819
105,1274,0.2569679572831753
105,1275,0.2622291969005452
105,1276,0.2467344878024833
105,1277,0.2550062564916389
105,1278,0.26843460909155914
105,1279,0.2714485484500264
105,1280,0.27178610202878023
105,1281,0.28183978310851165
105,1282,0.25092865180137547
105,1283,0.2603766027578088
105,1284,0.2631777282371077
105,1285,0.26809866033321206
105,1286,0.2660273982341899
105,1287,0.25881901383399963
105,1288,0.26748449441998506
105,1289,0.25830831638602325
105,1290,0.28109964936278586
105,1291,0.2522237221168917
105,1292,0.2738070772137753
105,1293,0.2905696970085765
105,1294,0.26590830434200374
105,1295,0.2811881712702818
105,1296,0.2661105089409407
105,1297,0.2700621069863785
105,1298,0.2745212656120921
105,1299,0.2604615265546843
105,1300,0.24482131246910538
105,1301,0.28288645002731055
105,1302,0.26898120309031287
105,1303,0.27445361018180847
105,1304,0.2650270818970924
105,1305,0.2656167457963145
105,1306,0.27503677301628643
105,1307,0.2724528790906418
105,1308,0.2688004395296407
105,1309,0.2677979084641434
105,1310,0.287070257719173
105,1311,0.25436000421989796
105,1312,0.2686340198960415
105,1313,0.2741330778876016
105,1314,0.27137375189814456
105,1315,0.2558220936808475
105,1316,0.27147332977416905
105,1317,0.2511313890301904
105,1318,0.2583454680997272
105,1319,0.2605570367602415
105,1320,0.2582531872876855
105,1321,0.2571732464224793
105,1322,0.24673627490221067
105,1323,0.23785589254179665
105,1324,0.261686246062434
105,1325,0.23657578160596449
105,1326,0.26294211038323334
105,1327,0.27765786474527315
105,1328,0.24183175383612168
105,1329,0.2579670652400616
105,1330,0.26627292120179463
105,1331,0.27957411456939785
105,1332,0.2503960153391195
105,1333,0.2626869778993518
105,1334,0.25862411565558857
105,1335,0.26948098942290905
105,1336,0.2637651230013648
105,1337,0.2504697736612586
105,1338,0.26883014516775
105,1339,0.26878877296004183
105,1340,0.2530137920795485
105,1341,0.25505997795005175
105,1342,0.23709128970323606
105,1343,0.2546233864024628
105,1344,0.25903798466505007
105,1345,0.2662278808826624
105,1346,0.2654384291449258
105,1347,0.286243338917577
105,1348,0.27606505363486533
105,1349,0.2681269659552463
105,1350,0.2528602335342141
105,1351,0.2834203676428906
105,1352,0.27838003080944684
105,1353,0.2836350999599279
105,1354,0.24763047799121501
105,1355,0.26670534804809926
105,1356,0.27962998941887257
105,1357,0.257270198575286
105,1358,0.26792203167150186
105,1359,0.274277129838633
105,1360,0.26727861373923545
105,1361,0.26138769263444944
105,1362,0.2572600661322128
105,1363,0.264669316452603
105,1364,0.23855410516262054
105,1365,0.27123417480047357
105,1366,0.25309850310170373
105,1367,0.269268975701443
105,1368,0.25888062147207036
105,1369,0.2604439168475395
105,1370,0.24889577890551368
105,1371,0.25393479057522705
105,1372,0.2619779366393422
105,1373,0.2514049171708351
105,1374,0.2614215310922889
105,1375,0.25159743220307107
105,1376,0.26189236377560815
105,1377,0.23868927013042363
105,1378,0.27009669050227764
105,1379,0.2673415264417959
105,1380,0.27090431715166846
105,1381,0.2627538844596508
105,1382,0.2640520500582318
105,1383,0.26586820011915163
105,1384,0.26216785921606905
105,1385,0.2634056657552719
105,1386,0.278926502826602
105,1387,0.27129372677137686
105,1388,0.2612840387710305
105,1389,0.2552348902059156
105,1390,0.26551799649416014
105,1391,0.2581271335136059
105,1392,0.26150537438170857
105,1393,0.2640673098869102
105,1394,0.26067830726157787
105,1395,0.2824321021867353
105,1396,0.26328927902288213
105,1397,0.2655412527017815
105,1398,0.24690041153929954
105,1399,0.2565300859684168
105,1400,0.2663876369248989
105,1401,0.24429793551910756
105,1402,0.25597916647445323
105,1403,0.2506530929443448
105,1404,0.24834070857181106
105,1405,0.26240648017373197
105,1406,0.2480573765067167
105,1407,0.27027516517528266
105,1408,0.2563313574985016
105,1409,0.25976507816203803
105,1410,0.2926624528197355
105,1411,0.27513707099958906
105,1412,0.2659557226092316
105,1413,0.26664975216222364
105,1414,0.26136258868284
105,1415,0.24507536098014476
105,1416,0.24493182329244392
105,1417,0.25949758360552233
105,1418,0.24443004228347956
105,1419,0.2665309729271157
105,1420,0.27870934508567635
105,1421,0.2625633928664895
105,1422,0.2542679230141085
105,1423,0.26157982196918755
105,1424,0.2645830744227698
105,1425,0.270770727895027
105,1426,0.24778037570243658
105,1427,0.25432084292866464
105,1428,0.28516362364902054
105,1429,0.2742802216563114
105,1430,0.2820371306219766
105,1431,0.2737202062163242
105,1432,0.27582521701967994
105,1433,0.26980457541554476
105,1434,0.2566808621550715
105,1435,0.2704547207022822
105,1436,0.26630332719448
105,1437,0.26183637907338697
105,1438,0.2605811094128808
105,1439,0.2531407329925271
105,1440,0.2573274824508401
105,1441,0.242492166715999
105,1442,0.26191145528194515
105,1443,0.24532093419585116
105,1444,0.2510535342748775
105,1445,0.2745540921771249
105,1446,0.25213377766830974
105,1447,0.2494390360837759
105,1448,0.2870891440746396
105,1449,0.258317451837451
105,1450,0.25524073561956717
105,1451,0.27384294049684393
105,1452,0.25856897789378497
105,1453,0.2582686591980069
105,1454,0.27639661833297374
105,1455,0.2633870393037796
105,1456,0.2567603182654048
105,1457,0.2978207274924877
105,1458,0.26424453078314314
105,1459,0.2699479131504547
105,1460,0.25020876804063485
105,1461,0.24445531292017117
105,1462,0.25353325938069543
105,1463,0.26538305850916133
105,1464,0.2527663770110108
105,1465,0.25373616606690164
105,1466,0.2504044098909511
105,1467,0.25646589315214824
105,1468,0.26671327200046807
105,1469,0.23891519148682439
105,1470,0.22704392948815988
105,1471,0.24377610378487166
105,1472,0.26615232506463693
105,1473,0.270942920169165
105,1474,0.2419197864310686
105,1475,0.27630180882853134
105,1476,0.2593449607144955
105,1477,0.2626226509726325
105,1478,0.26904728939366895
105,1479,0.24941413901573004
105,1480,0.26097388115040093
105,1481,0.24193476868230243
105,1482,0.26347955992055494
105,1483,0.2576700206412825
105,1484,0.2675076480521712
105,1485,0.2631002269511999
105,1486,0.2465283191481302
105,1487,0.262545095626698
105,1488,0.26794103619664217
105,1489,0.2589103025059367
105,1490,0.2724110747492591
105,1491,0.24844769336456476
105,1492,0.2456309608248777
105,1493,0.266653087250022
105,1494,0.26415618838265886
105,1495,0.23926575759122537
105,1496,0.27315145800280016
105,1497,0.26605024517968645
105,1498,0.24591520567272984
105,1499,0.25354503545650214
105,1500,0.2356895360835763
105,1501,0.24188337665657664
105,1502,0.26576563300088396
105,1503,0.21990078271821487
105,1504,0.24741161493367927
105,1505,0.2623207219118296
105,1506,0.25099500251370804
105,1507,0.2605237087538076
105,1508,0.2622196248104406
105,1509,0.265151931795963
105,1510,0.2561651357384615
105,1511,0.23958628676658453
105,1512,0.24985835025476855
105,1513,0.24677935381268346
105,1514,0.2564614456753398
105,1515,0.25617833816727925
105,1516,0.26705094929351364
105,1517,0.2491519596687583
105,1518,0.2630262485770292
105,1519,0.2619714882484702
105,1520,0.273750189431878
105,1521,0.2573240884514742
105,1522,0.25618152389692705
105,1523,0.2631435841321945
105,1524,0.25382795028908306
105,1525,0.2694383242795634
105,1526,0.26593244907467867
105,1527,0.26358642203863275
105,1528,0.27251689933067147
105,1529,0.2669694316248561
105,1530,0.25651464212772457
105,1531,0.2520885990802632
105,1532,0.25428134237611016
105,1533,0.2645557689112286
105,1534,0.27393776178359985
105,1535,0.2539860010147095
105,1536,0.24476323086161947
105,1537,0.24477432841478391
105,1538,0.25034582441629366
105,1539,0.2643909246422524
105,1540,0.2569347779418147
105,1541,0.24001097991022952
105,1542,0.2521009663509768
105,1543,0.25617663042489874
105,1544,0.2486509095097697
105,1545,0.25647856295108795
105,1546,0.2574204026266586
105,1547,0.26021976942239805
105,1548,0.2515181282231974
105,1549,0.2417722223109977
105,1550,0.2643146715884985
105,1551,0.2498700251412946
105,1552,0.23837942092917686
105,1553,0.2511550000933714
105,1554,0.24197862730469816
105,1555,0.2596372178820677
105,1556,0.24335637238136557
105,1557,0.2417200096817904
105,1558,0.24469868041748224
105,1559,0.2670630251252374
105,1560,0.2458622095196746
105,1561,0.2705116195734157
105,1562,0.25299670737843183
105,1563,0.2850322778834853
105,1564,0.2748907250027324
105,1565,0.2782799823339595
105,1566,0.2602478251900784
105,1567,0.25882054241590724
105,1568,0.2858694833378459
105,1569,0.2675823638605517
105,1570,0.25126497482144555
105,1571,0.2608243552751319
105,1572,0.2617550097232641
105,1573,0.2663968108421148
105,1574,0.27997143739877745
105,1575,0.27477856985358307
105,1576,0.2626234362291735
105,1577,0.27331391115521275
105,1578,0.26451203573581783
105,1579,0.2505706008090529
105,1580,0.26098751501981604
105,1581,0.24775284494078437
105,1582,0.26820331326750824
105,1583,0.26267814151076385
105,1584,0.23831502261549928
105,1585,0.22954968033834947
105,1586,0.25666870869869407
105,1587,0.26121295087559276
105,1588,0.25370186636614245
105,1589,0.25466022796409077
105,1590,0.25461585646451906
105,1591,0.25889706646287164
105,1592,0.2476541171240252
105,1593,0.24189382410326668
105,1594,0.24344060379405355
105,1595,0.24445165797721508
105,1596,0.22892151149206383
105,1597,0.23948687661525814
105,1598,0.2479207571162734
105,1599,0.24459046471950618
105,1600,0.2529945789381515
105,1601,0.2424174540264662
105,1602,0.2513639199179272
105,1603,0.24017917070277903
105,1604,0.23828272382880367
105,1605,0.2637885060421256
105,1606,0.22913621262062428
105,1607,0.24258568189864935
105,1608,0.24948647237101265
105,1609,0.2343986231920331
105,1610,0.23970301414644996
105,1611,0.2489521177702172
105,1612,0.24323940103830294
105,1613,0.24609634210897047
105,1614,0.23250337152980094
105,1615,0.23930173835089041
105,1616,0.25719389250112135
105,1617,0.2455064092957696
105,1618,0.2470189887423848
105,1619,0.2546019474434298
105,1620,0.23632221478362417
105,1621,0.2670419015163599
105,1622,0.24999009142088335
105,1623,0.26585290321083954
105,1624,0.2628047015777854
105,1625,0.23994902365429457
105,1626,0.2596606515174688
105,1627,0.2376277872989344
105,1628,0.2575204580329185
105,1629,0.26026371121406555
105,1630,0.2362840345432592
105,1631,0.247654375641845
105,1632,0.2660014067971429
105,1633,0.2648734415686408
105,1634,0.24240973383881326
105,1635,0.2519930746666221
105,1636,0.27422929572504623
105,1637,0.22203970094059788
105,1638,0.24390315940213758
105,1639,0.24184694262438042
105,1640,0.23793589826240097
105,1641,0.23527604826661044
105,1642,0.24888101185477057
105,1643,0.23599421631458195
105,1644,0.2640932167685309
105,1645,0.23418989292410916
105,1646,0.2622351209784663
105,1647,0.2417528324348982
105,1648,0.2529697504847549
105,1649,0.24794547952884852
105,1650,0.24762347167314486
105,1651,0.2499945732050164
105,1652,0.24905221337495848
105,1653,0.2511205714802409
105,1654,0.26680554068365764
105,1655,0.2667986376340999
105,1656,0.2562896224648453
105,1657,0.2519990895376649
105,1658,0.2501339697560599
105,1659,0.24237667613251265
105,1660,0.2454434134239374
105,1661,0.24699598273565604
105,1662,0.2650936543941498
105,1663,0.2650255914344344
105,1664,0.2563261299632316
105,1665,0.25258106824963594
105,1666,0.2565739411254262
105,1667,0.25736278503440146
105,1668,0.26587041519409005
105,1669,0.2598032036492991
105,1670,0.2572003083173619
105,1671,0.2608491916989171
105,1672,0.25998109371163125
105,1673,0.2524812235388645
105,1674,0.24311431064162142
105,1675,0.24704002640968145
105,1676,0.2577821355919505
105,1677,0.2543702028518499
105,1678,0.24533342102239297
105,1679,0.2309471434632013
105,1680,0.24354731170243996
105,1681,0.22883254636165706
105,1682,0.2501174682794615
105,1683,0.24392369458841723
105,1684,0.23038690104040987
105,1685,0.23730700653652811
105,1686,0.24394239519917688
105,1687,0.25328585644100987
105,1688,0.2621538195499154
105,1689,0.2509519256824671
105,1690,0.2761842019336168
105,1691,0.2519667307997859
105,1692,0.27191184634386106
105,1693,0.25782119396121
105,1694,0.26027932589830355
105,1695,0.24648350477218628
105,1696,0.24511633432188698
105,1697,0.2562590671140094
105,1698,0.2475015877984291
105,1699,0.2548875164153964
105,1700,0.2576832317335661
105,1701,0.2605148962763853
105,1702,0.24987983980844186
105,1703,0.2553836668646613
105,1704,0.24690762231516283
105,1705,0.2696627517079198
105,1706,0.251911019170007
105,1707,0.23553328805191573
105,1708,0.24486686323964318
105,1709,0.23694179432336673
105,1710,0.25206297636032104
105,1711,0.2441532057385112
105,1712,0.2410062787144683
105,1713,0.25381449142167734
105,1714,0.23798633349496265
105,1715,0.24640345573425293
105,1716,0.2520135571790296
105,1717,0.2650238563155019
105,1718,0.25609881032344906
105,1719,0.25140031756356707
105,1720,0.2527958837359451
105,1721,0.2543727769408115
105,1722,0.2238565946734229
105,1723,0.2516250340051429
105,1724,0.2506020568137945
105,1725,0.24648303763810978
105,1726,0.23109966343225435
105,1727,0.23050092126047889
105,1728,0.24931801682294802
105,1729,0.2560566005318664
105,1730,0.226227309121642
105,1731,0.23000958146050918
105,1732,0.22298086001429446
105,1733,0.2503265509771746
105,1734,0.2472717886747316
105,1735,0.23686192132705866
105,1736,0.2637373569399811
105,1737,0.2439674575661504
105,1738,0.24730019999104877
105,1739,0.2706516232601432
105,1740,0.2515512323656747
105,1741,0.23935165758742843
105,1742,0.24149397466071817
105,1743,0.250778864289439
105,1744,0.2637404203414917
105,1745,0.2487210915532223
105,1746,0.2499949602886688
105,1747,0.2538624856361123
105,1748,0.25550677887229034
105,1749,0.25342201978661294
105,1750,0.24685839719550554
105,1751,0.2344910526691481
105,1752,0.23787094375421836
105,1753,0.2504364619421404
105,1754,0.2724627325701159
105,1755,0.2538662670656692
105,1756,0.2361773706452791
105,1757,0.252240564934043
105,1758,0.23651178146517554
105,1759,0.23314451824787052
105,1760,0.26130248017089314
105,1761,0.24946003389912982
105,1762,0.24882473294125046
105,1763,0.24466209494790367
105,1764,0.2535033135913139
105,1765,0.24148349186708762
105,1766,0.23170298511205717
105,1767,0.23623858496200206
105,1768,0.2336482398731764
105,1769,0.2431063873823299
105,1770,0.24676429185756418
105,1771,0.21519257058930952
105,1772,0.2430023564848789
105,1773,0.2515656248081562
105,1774,0.24577482772427936
105,1775,0.2424629344496616
105,1776,0.25312024701473324
105,1777,0.2539796680212021
105,1778,0.2385674264541892
105,1779,0.2447005635084108
105,1780,0.24362835426663243
105,1781,0.23884446191233258
105,1782,0.2612199353617291
105,1783,0.22983495960401934
105,1784,0.23406529738459475
105,1785,0.220257785777713
105,1786,0.24031430621479832
105,1787,0.24524325270985448
105,1788,0.2375818355831989
105,1789,0.238088762344316
105,1790,0.24792606886043106
105,1791,0.25335321662037874
105,1792,0.25655037927073104
105,1793,0.25166943669319153
105,1794,0.24667309501836465
105,1795,0.24313369220079378
105,1796,0.24278053225472915
105,1797,0.23162993996642356
105,1798,0.2638323002083357
105,1799,0.24261431915815487
105,1800,0.23515766304592753
105,1801,0.25275731606538904
105,1802,0.22972262945286062
105,1803,0.24629204079162242
105,1804,0.2464326890402062
105,1805,0.2827081888221031
105,1806,0.23711797040562296
105,1807,0.2617138852906782
105,1808,0.25310233824474865
105,1809,0.2360171336074208
105,1810,0.2338920800491821
105,1811,0.26321853870569273
105,1812,0.23650346731030664
105,1813,0.25348794737527536
105,1814,0.2684267516746077
105,1815,0.24362319292024123
105,1816,0.2508731311143831
105,1817,0.26433206782784574
105,1818,0.2435179449791132
105,1819,0.251794035005015
105,1820,0.2610914624014566
105,1821,0.22603564484174862
105,1822,0.23614334020503733
105,1823,0.22244776785373688
105,1824,0.24749717878740887
105,1825,0.25771642770878106
105,1826,0.2611881938091544
105,1827,0.2386578778887904
105,1828,0.25461400456206745
105,1829,0.24822820099287254
105,1830,0.26266706821530367
105,1831,0.25090648476467575
105,1832,0.2380505100239155
105,1833,0.2416563418715499
105,1834,0.22098060472067013
105,1835,0.2364514172077179
105,1836,0.2321908141291419
105,1837,0.25123281811558923
105,1838,0.25840693019157235
105,1839,0.2704382559587789
105,1840,0.2209387504777243
105,1841,0.23569627903228582
105,1842,0.24096470308858295
105,1843,0.23654680404552195
105,1844,0.23713349117789156
105,1845,0.23573248088359833
105,1846,0.24275494037672532
105,1847,0.2487200779277225
105,1848,0.2310984696066657
105,1849,0.22824727449306223
105,1850,0.2639652677746706
105,1851,0.2371434316385624
105,1852,0.26658996246581856
105,1853,0.24246570814487545
105,1854,0.24499684433604396
105,1855,0.23116418372753056
105,1856,0.23266235340473262
105,1857,0.2563056127969609
105,1858,0.2582062649172406
105,1859,0.24619859630285307
105,1860,0.2511134133782498
105,1861,0.26106238295865614
105,1862,0.22655489867509798
105,1863,0.24638171459353247
105,1864,0.23780672286832055
105,1865,0.24723730253618817
105,1866,0.2435237210850383
105,1867,0.23411223465620085
105,1868,0.2376663601675699
105,1869,0.24581106804138006
105,1870,0.2567617207072502
105,1871,0.23178171661011007
105,1872,0.22302032348721526
105,1873,0.22380756222924522
105,1874,0.23196741314821465
105,1875,0.23913107916366222
105,1876,0.240900399379952
105,1877,0.24180021847403327
105,1878,0.23079952251079472
105,1879,0.24754109701444937
105,1880,0.24506131403667983
105,1881,0.23042262778725736
105,1882,0.2524297857700392
105,1883,0.253461875194727
105,1884,0.24899705447429835
105,1885,0.2350408736356469
105,1886,0.23522969595221585
105,1887,0.2261245683875195
105,1888,0.23472636834133503
105,1889,0.256989412529524
105,1890,0.23744131936583407
105,1891,0.2490327171114988
105,1892,0.2353488778652147
105,1893,0.25108363115510274
105,1894,0.23913564411706703
105,1895,0.23401700757270635
105,1896,0.23339665698450665
105,1897,0.24083363801934
105,1898,0.2540094297985698
105,1899,0.25025400450063306
105,1900,0.24426539068998293
105,1901,0.23971258034539777
105,1902,0.23909643465696379
105,1903,0.23381004984988724
105,1904,0.23448101101919663
105,1905,0.23809559747230175
105,1906,0.24802265818728958
105,1907,0.2351174465445585
105,1908,0.24280735503795536
105,1909,0.25632643249145776
105,1910,0.24449747177057488
105,1911,0.22062931608322056
105,1912,0.23545529433461124
105,1913,0.24031268545361453
105,1914,0.22695932000182395
105,1915,0.22510528910991756
105,1916,0.2377986017354699
105,1917,0.2455352749242339
105,1918,0.21730053320873616
105,1919,0.24299831376519315
105,1920,0.23565737660541092
105,1921,0.24897812237573225
105,1922,0.24127427783123281
105,1923,0.22478031626967496
105,1924,0.25780812980130663
105,1925,0.24921213471612266
105,1926,0.23980830852375473
105,1927,0.24290838491084965
105,1928,0.2586458540239999
105,1929,0.24380755112614744
105,1930,0.23141279920589092
105,1931,0.256162831256556
105,1932,0.22341087252594705
105,1933,0.2160026088010433
105,1934,0.2534478279047234
105,1935,0.23899377431980398
105,1936,0.22657523217589357
105,1937,0.23510358014772104
105,1938,0.237765091796254
105,1939,0.23566098060718801
105,1940,0.22983130050259967
105,1941,0.23444366420424262
105,1942,0.2510569851065791
105,1943,0.2454056719014811
105,1944,0.25381480261336925
105,1945,0.25176792990329655
105,1946,0.24167075614596523
105,1947,0.2313381225563759
105,1948,0.23927508155966914
105,1949,0.2360558592995932
105,1950,0.24404827002869095
105,1951,0.2509269984655602
105,1952,0.23869755171066107
105,1953,0.24647146047547805
105,1954,0.24912906282169875
105,1955,0.24898986483729163
105,1956,0.23375782647798227
105,1957,0.23549003309981767
105,1958,0.2462388311707696
105,1959,0.23234817212404207
105,1960,0.259676783583885
105,1961,0.26446272190227066
105,1962,0.2463139860435974
105,1963,0.24135961851408316
105,1964,0.2304295613322147
105,1965,0.2251633429943129
105,1966,0.24326052707295084
105,1967,0.24186880020208137
105,1968,0.26149359345436096
105,1969,0.24898787917092788
105,1970,0.21388215346391812
105,1971,0.2351234323063562
105,1972,0.24344913696133813
105,1973,0.2401326350694479
105,1974,0.2278844000295151
105,1975,0.23464564528576162
105,1976,0.23992779954921367
105,1977,0.25356231595194617
105,1978,0.25025014821873154
105,1979,0.2350347038618354
105,1980,0.22930378934671714
105,1981,0.2276356986095739
105,1982,0.2176118673280228
105,1983,0.24768129129742467
105,1984,0.22736103139644445
105,1985,0.2376250430595043
105,1986,0.24315749074137488
105,1987,0.2372539133526558
105,1988,0.25477349203686384
105,1989,0.2510529922884564
105,1990,0.24026297067486962
105,1991,0.24724905435429062
105,1992,0.2236225012429925
105,1993,0.2485467365314794
105,1994,0.24361945030301116
105,1995,0.234024369785952
105,1996,0.23130844914635948
105,1997,0.23320305000903996
105,1998,0.25948541490144506
105,1999,0.2597089492997458
105,2000,0.23676773767138637
105,2001,0.23429633780967357
105,2002,0.22800898967787278
105,2003,0.22924117570699648
105,2004,0.23371278858462044
105,2005,0.22056654546149942
105,2006,0.23024140263712684
105,2007,0.23791497460631436
105,2008,0.2422667637813923
105,2009,0.23776676107284633
105,2010,0.2362271464148233
105,2011,0.23111198322717533
105,2012,0.2605333078739255
105,2013,0.24493978813637135
105,2014,0.25278964118902075
105,2015,0.23220716416835785
105,2016,0.24400561493496561
105,2017,0.23698010486225748
105,2018,0.2431997788506885
105,2019,0.2448817231627398
105,2020,0.2257720685975496
105,2021,0.23213337846966678
105,2022,0.24206798783568448
105,2023,0.22853886942530788
105,2024,0.23125485798647238
105,2025,0.24997877520184184
105,2026,0.23857232858968336
105,2027,0.21833595529545186
105,2028,0.22883490143820298
105,2029,0.2217779869950095
105,2030,0.23803639689157174
105,2031,0.24368154621401497
105,2032,0.22324287336926127
105,2033,0.22380823520726936
105,2034,0.24195661101230356
105,2035,0.23657032812750617
105,2036,0.2512466009966163
105,2037,0.2368783063666765
105,2038,0.2353007710257242
105,2039,0.22462737525618354
105,2040,0.2278717326563458
105,2041,0.23900850151860437
105,2042,0.23203594982624054
105,2043,0.22838805581248084
105,2044,0.2237033164778421
105,2045,0.22005954731342403
105,2046,0.2235707051532213
105,2047,0.24146557166132815
105,2048,0.23476058521936105
105,2049,0.23777175677377124
105,2050,0.22430960036987482
105,2051,0.26050560973411385
105,2052,0.2473137839589008
105,2053,0.2433448236349017
105,2054,0.2233210524847341
105,2055,0.2279458874186804
105,2056,0.23977509834045588
105,2057,0.23700898192649664
105,2058,0.25686035738434904
105,2059,0.218579770520676
105,2060,0.20552734216285307
105,2061,0.2277143147102622
105,2062,0.2256113779406215
105,2063,0.23935086990511695
105,2064,0.20810196150180904
105,2065,0.26377477098342983
105,2066,0.21436614075372384
105,2067,0.21325475809186004
105,2068,0.2204168736934662
105,2069,0.22550614490065463
105,2070,0.23044108304866526
105,2071,0.23172030684559844
105,2072,0.2327484918195148
105,2073,0.2350039180628089
105,2074,0.23811682088430539
105,2075,0.22123420966226
105,2076,0.2254281238067982
105,2077,0.24215819877247477
105,2078,0.21648333862770436
105,2079,0.23161508732063826
105,2080,0.22298749969449155
105,2081,0.21741085863390633
105,2082,0.22013999660347783
105,2083,0.23192540019057517
105,2084,0.22297039246836373
105,2085,0.2438261203987654
105,2086,0.23259248601835827
105,2087,0.24641945057137069
105,2088,0.22958493163419325
105,2089,0.2345310442669447
105,2090,0.2201788674953372
105,2091,0.23452935142572537
105,2092,0.23398904952892038
105,2093,0.22685314922831779
105,2094,0.24268186473569206
105,2095,0.25079860451609587
105,2096,0.22858379261438236
105,2097,0.2363470657620319
105,2098,0.2220422615145528
105,2099,0.24058130452799242
105,2100,0.23754076313140782
105,2101,0.21931724111701167
105,2102,0.24113336413405662
105,2103,0.22142259707284528
105,2104,0.2258158679618392
105,2105,0.23799856284330057
105,2106,0.2356641490099042
105,2107,0.23233872894630875
105,2108,0.23622871831405995
105,2109,0.23334787370160567
105,2110,0.2525769673114599
105,2111,0.24945715693540352
105,2112,0.23272030228792234
105,2113,0.23572873549405918
105,2114,0.23410041907499002
105,2115,0.22528330219346424
105,2116,0.2125496964815051
105,2117,0.2433135661967965
105,2118,0.23524519523908927
105,2119,0.23364090642263724
105,2120,0.21507945518160976
105,2121,0.2510456390852152
105,2122,0.22989190040632737
105,2123,0.23203442124433296
105,2124,0.23234446034875028
105,2125,0.23547346993934276
105,2126,0.23632377663324045
105,2127,0.2284928421641505
105,2128,0.2235682270554609
105,2129,0.2256403551545254
105,2130,0.23454624587713285
105,2131,0.21541242959887483
105,2132,0.23532118908194607
105,2133,0.22249487250350242
105,2134,0.23498436947201573
105,2135,0.2449360233406688
105,2136,0.24761065598144089
105,2137,0.19616240124369777
105,2138,0.22387902889140818
105,2139,0.2337236948484598
105,2140,0.2082707154196362
105,2141,0.22144009415493454
105,2142,0.22507624224174855
105,2143,0.2386870377285536
105,2144,0.2281960692516593
105,2145,0.23235523076944573
105,2146,0.23529648711515028
105,2147,0.22743318385856096
105,2148,0.23438898075458614
105,2149,0.2340610450090364
105,2150,0.2202223740344824
105,2151,0.22872234222500823
105,2152,0.2124024473650511
105,2153,0.2124546360830928
105,2154,0.21008134200129397
105,2155,0.22563450003779212
105,2156,0.2260302374529284
105,2157,0.23064798913722814
105,2158,0.2510953874782074
105,2159,0.22642989006153372
105,2160,0.23991969366406285
105,2161,0.24738136349722398
105,2162,0.2324646493030149
105,2163,0.23072168750818386
105,2164,0.24351850637169772
105,2165,0.23418661189633747
105,2166,0.23727347060691478
105,2167,0.23304798506027044
105,2168,0.20954254269599915
105,2169,0.21667213148848954
105,2170,0.2368655877057896
105,2171,0.2388530394365621
105,2172,0.2336412449908811
105,2173,0.2540176351403081
105,2174,0.23658884819163833
105,2175,0.2219277738138687
105,2176,0.222582736680674
105,2177,0.21652129500411277
105,2178,0.23358700580375139
105,2179,0.20821451759615608
105,2180,0.24864611341509707
105,2181,0.22135751538498458
105,2182,0.2340178302554197
105,2183,0.2361279026020405
105,2184,0.22626416211904482
105,2185,0.23425922386868056
105,2186,0.21238115984340047
105,2187,0.22599668939446294
105,2188,0.22992934841056203
105,2189,0.2593533486820931
105,2190,0.23416766905507377
105,2191,0.21413784352845924
105,2192,0.21504034968309624
105,2193,0.23466684582621553
105,2194,0.22313754849655684
105,2195,0.24110274813896002
105,2196,0.26666432445825533
105,2197,0.2374292851187462
105,2198,0.22108402467051216
105,2199,0.2277406329332396
105,2200,0.260758732640466
105,2201,0.2152437037506769
105,2202,0.22699830351873887
105,2203,0.22269856860471327
105,2204,0.25236385887445406
105,2205,0.21174924040949622
105,2206,0.24560732966245608
105,2207,0.22834632736305857
105,2208,0.24102231201737426
105,2209,0.22329183962456015
105,2210,0.241103004577548
105,2211,0.23744289611661157
105,2212,0.24304739472477935
105,2213,0.2339703035215999
105,2214,0.22850033467592196
105,2215,0.237535146086715
105,2216,0.22671779574349868
105,2217,0.22393845784109692
105,2218,0.24160242046034613
105,2219,0.2445482784925505
105,2220,0.22065746125786803
105,2221,0.23990263010180274
105,2222,0.21839040829691775
105,2223,0.2149062572523605
105,2224,0.2269655639349028
105,2225,0.21088311699933784
105,2226,0.22692376513813817
105,2227,0.21276662966539694
105,2228,0.21960728182349093
105,2229,0.23520601384861525
105,2230,0.21686253124891325
105,2231,0.23286590603894966
105,2232,0.2073058804800344
105,2233,0.23370634088682574
105,2234,0.22825066710627356
105,2235,0.21629831402800803
105,2236,0.2476353333439938
105,2237,0.23118366994136988
105,2238,0.22119906891223995
105,2239,0.24499607224797093
105,2240,0.21041309868180474
105,2241,0.22524929601092672
105,2242,0.23685769078343413
105,2243,0.23686304723107537
105,2244,0.2240372972432957
105,2245,0.2290554705054261
105,2246,0.2321929470744244
105,2247,0.22858421608459117
105,2248,0.22950567201126454
105,2249,0.2182522242845491
105,2250,0.23640024454094644
105,2251,0.2159113883972168
105,2252,0.248847097158432
105,2253,0.22015910266443742
105,2254,0.24702341958533885
105,2255,0.24346572368644004
105,2256,0.23348141998745675
105,2257,0.25737676890783534
105,2258,0.2112574993177902
105,2259,0.23486283178939377
105,2260,0.23114235525907473
105,2261,0.22514039693876756
105,2262,0.23621451300243998
105,2263,0.2202343712019366
105,2264,0.22014893002288285
105,2265,0.20844185317671576
105,2266,0.2104700679002806
105,2267,0.22280742158723432
105,2268,0.20553812696490176
105,2269,0.23449735655341036
105,2270,0.22642627358436584
105,2271,0.2210002728672915
105,2272,0.22699831841990006
105,2273,0.23095547425192456
105,2274,0.21924836309843285
105,2275,0.2238552778266197
105,2276,0.21815811790699183
105,2277,0.22731136236079905
105,2278,0.2326848195042721
105,2279,0.22230553245821663
105,2280,0.22141726696214012
105,2281,0.22880860816600712
105,2282,0.2339942143406979
105,2283,0.23182614459547884
105,2284,0.23131474887215814
105,2285,0.2292423830475918
105,2286,0.22980881222458774
105,2287,0.2316616777070733
105,2288,0.23629029129826745
105,2289,0.2169127790040748
105,2290,0.23788192937540453
105,2291,0.23412271883598593
105,2292,0.22747657881226652
105,2293,0.21500746767188228
105,2294,0.2379045056742291
105,2295,0.23498283638510592
105,2296,0.2234818069047706
105,2297,0.2496557454037112
105,2298,0.23247967036657555
105,2299,0.2526066490384035
105,2300,0.24282137183255928
105,2301,0.2375176542027052
105,2302,0.23431041698123134
105,2303,0.2419040508048479
105,2304,0.22767712210499963
105,2305,0.22765089467514393
105,2306,0.23795887273411417
105,2307,0.2362190096877342
105,2308,0.22704017994015716
105,2309,0.23003836010777673
105,2310,0.21796875360400178
105,2311,0.22897079760252043
105,2312,0.23289897760679557
105,2313,0.2293628038362015
105,2314,0.23404546740443208
105,2315,0.22761316389538522
105,2316,0.21615983233895414
105,2317,0.22570033960564193
105,2318,0.24349308984224186
105,2319,0.22250154579794684
105,2320,0.2190811048413432
105,2321,0.24685282762660538
105,2322,0.2274654881898747
105,2323,0.25196878300156705
105,2324,0.22182729736317036
105,2325,0.22957302525986073
105,2326,0.2168988734483719
105,2327,0.21395529529383017
105,2328,0.21548314219297365
105,2329,0.22436043550801832
105,2330,0.21942723247894022
105,2331,0.23195132543874342
105,2332,0.2232787588308024
105,2333,0.21117827989334284
105,2334,0.23120316343252048
105,2335,0.22989384102266888
105,2336,0.22217294608437738
105,2337,0.22193132132984872
105,2338,0.20143975629362948
105,2339,0.2199869592522466
105,2340,0.2371904843075331
105,2341,0.23223886275014213
105,2342,0.22356726125229237
105,2343,0.2123452085395192
105,2344,0.213639929544094
105,2345,0.22626158803008323
105,2346,0.22663630475831587
105,2347,0.22735128153202144
105,2348,0.23073536573454392
105,2349,0.2200216997501462
105,2350,0.2166057450826778
105,2351,0.21867457552011624
105,2352,0.21344798248867655
105,2353,0.22372614193794338
105,2354,0.222793128947879
105,2355,0.2166234979102778
105,2356,0.2243453593448151
105,2357,0.2279249058906422
105,2358,0.21593652596307356
105,2359,0.23163636305997537
105,2360,0.23946869269359944
105,2361,0.22173276058463162
105,2362,0.2153453165015509
105,2363,0.20829934748106224
105,2364,0.24533682333868603
105,2365,0.23187977768654047
105,2366,0.22714096377062243
105,2367,0.213054416484611
105,2368,0.22308872293594273
105,2369,0.23299936638321989
105,2370,0.23061077088810678
105,2371,0.2357405285502589
105,2372,0.23025900506696037
105,2373,0.23547809692316277
105,2374,0.2320067574118459
105,2375,0.22234774952711062
105,2376,0.22650464676147283
105,2377,0.2296019432156585
105,2378,0.22500525796136192
105,2379,0.22131056182606276
105,2380,0.2146255824454995
105,2381,0.22407108510649482
105,2382,0.2165116470220477
105,2383,0.22183897814085318
105,2384,0.21431755291861157
105,2385,0.23005785290585007
105,2386,0.22723701111105984
105,2387,0.23377367715502895
105,2388,0.21884754404079082
105,2389,0.2351188236890837
105,2390,0.23897779473038608
105,2391,0.23322270914565685
105,2392,0.24463899191035782
105,2393,0.23572466401166695
105,2394,0.2278730827708577
105,2395,0.21312767371188762
105,2396,0.23408974464549576
105,2397,0.216468466229217
105,2398,0.22985061621943184
105,2399,0.22006101386491642
105,2400,0.21900272126807724
106,1,1.8287934619326924
106,2,1.1283003230427586
106,3,0.9652294849240503
106,4,0.9220635294914246
106,5,0.8483571895333224
106,6,0.7935429534246755
106,7,0.7965462789979092
106,8,0.7639457929966061
106,9,0.7345097771910734
106,10,0.708688311798628
106,11,0.7088377974754156
106,12,0.6548471326051757
106,13,0.6589571265287177
106,14,0.6976743409799975
106,15,0.7048700382543165
106,16,0.6583387546761091
106,17,0.6660351004711417
106,18,0.6287281554798747
106,19,0.6374405234359032
106,20,0.6396506900011107
106,21,0.6543659151986588
106,22,0.6348989508872809
106,23,0.6238491313402043
106,24,0.6457172160924867
106,25,0.6254268815351087
106,26,0.637641330097997
106,27,0.6192129836526028
106,28,0.6307664555172587
106,29,0.5874372069225755
106,30,0.5921788520591204
106,31,0.6073226207910583
106,32,0.583037817200949
106,33,0.5843443316082622
106,34,0.5704224816588468
106,35,0.5682075689005297
106,36,0.5645004829695058
106,37,0.5811573710552481
106,38,0.5569018458211145
106,39,0.5812511554984159
106,40,0.6105794781862304
106,41,0.585874596307444
106,42,0.568162600661433
106,43,0.5516896656779355
106,44,0.5735770256020302
106,45,0.5670550659645436
106,46,0.5606161716372468
106,47,0.5281280417774998
106,48,0.5423347534135331
106,49,0.5483355757802032
106,50,0.5507334948972215
106,51,0.5488968824231347
106,52,0.5124647201493729
106,53,0.5325560763824818
106,54,0.5416935377342756
106,55,0.5343110228693763
106,56,0.5198354021061299
106,57,0.5211192743722782
106,58,0.5193571476049201
106,59,0.5230251564535984
106,60,0.5318820476531982
106,61,0.5001093190769816
106,62,0.5288235836250837
106,63,0.5080625775248505
106,64,0.5219789757285007
106,65,0.5299679470616717
106,66,0.5131645673929259
106,67,0.5166106237921604
106,68,0.5369719807491746
106,69,0.4918113628099131
106,70,0.5085994046787883
106,71,0.5003843972849291
106,72,0.5039987979933273
106,73,0.5040272016857945
106,74,0.49828895579936894
106,75,0.4955357881479485
106,76,0.5064194770746453
106,77,0.5107309541036916
106,78,0.5175665201142777
106,79,0.49745937835338505
106,80,0.522689844286719
106,81,0.46152404297229854
106,82,0.49455695928529253
106,83,0.47520689631617347
106,84,0.500669447488563
106,85,0.5042869545692621
106,86,0.48499218530433125
106,87,0.5067217675752418
106,88,0.4852350929448771
106,89,0.4816956374534341
106,90,0.4779813622319421
106,91,0.4680411198804545
106,92,0.464726118154304
106,93,0.4939247272735418
106,94,0.48488158195517783
106,95,0.511590163375056
106,96,0.4624272252238074
106,97,0.4970438917015874
106,98,0.46094649059827936
106,99,0.4597341071727664
106,100,0.46246071679647577
106,101,0.4326385044774344
106,102,0.4640748632508655
106,103,0.4539351463317871
106,104,0.4551375917223997
106,105,0.47746822237968445
106,106,0.48710326815760413
106,107,0.4736271001571833
106,108,0.4941932988721271
106,109,0.46681201665900474
106,110,0.44113639967386115
106,111,0.4496241045552631
106,112,0.43234204137048055
106,113,0.42810858266298163
106,114,0.45932283789612527
106,115,0.4550535041232442
106,116,0.46821297323981
106,117,0.46785068650578343
106,118,0.4797507475974948
106,119,0.4621400916299155
106,120,0.4589730598205744
106,121,0.431623695201652
106,122,0.46534543675045636
106,123,0.46587280201357467
106,124,0.45398978992950084
106,125,0.4410669193711392
106,126,0.46160848542701366
106,127,0.4749244215876557
106,128,0.43226984836334403
106,129,0.4670054039289785
106,130,0.47571199092754096
106,131,0.44226472807485
106,132,0.42777535388636034
106,133,0.4461894444254942
106,134,0.4627041262249614
106,135,0.45323423036309174
106,136,0.4368098703927772
106,137,0.4407600739667582
106,138,0.4390055911485539
106,139,0.4564234642095344
106,140,0.44338477350944694
106,141,0.4508645097876704
106,142,0.4590394663256268
106,143,0.42733949769374935
106,144,0.44503165538920914
106,145,0.4380528795164685
106,146,0.4479280516158703
106,147,0.4313669676004454
106,148,0.4372896073862564
106,149,0.45645760658175444
106,150,0.4443984766339147
106,151,0.45975623712983243
106,152,0.4306696674158407
106,153,0.442876702131227
106,154,0.42415330853573113
106,155,0.45078406015107797
106,156,0.45891857008601344
106,157,0.43412745692009147
106,158,0.4375148013580677
106,159,0.45364841056424515
106,160,0.46417628748472345
106,161,0.45237330988396046
106,162,0.4389625080796175
106,163,0.4175050757652105
106,164,0.43192791245704476
106,165,0.4418586236099864
106,166,0.4360346045604972
106,167,0.429108495629111
106,168,0.41110297413759456
106,169,0.43195033212040745
106,170,0.43275910893151925
106,171,0.40430850414342656
106,172,0.4253100219161011
106,173,0.4425709490166154
106,174,0.40099076129669364
106,175,0.43847784053447636
106,176,0.43418667829313945
106,177,0.42012483020161473
106,178,0.40314796913501827
106,179,0.46974548974702524
106,180,0.4231858447540638
106,181,0.4521849162356798
106,182,0.4301678337330042
106,183,0.43959079024403597
106,184,0.4091376003830932
106,185,0.4378165817537973
106,186,0.4206753082053606
106,187,0.4130588804566583
106,188,0.4135153674802115
106,189,0.4312738187091295
106,190,0.4008799805197605
106,191,0.41223445396090663
106,192,0.40023010622623356
106,193,0.4298082056433655
106,194,0.461745677992355
106,195,0.39559447488119437
106,196,0.42606027805527974
106,197,0.4333722272584605
106,198,0.42898640036582947
106,199,0.40230152357456295
106,200,0.43301391878793405
106,201,0.4012411146662956
106,202,0.416386965402337
106,203,0.41597964666610543
106,204,0.416702481203301
106,205,0.40597754994104074
106,206,0.4066113434558691
106,207,0.41653576839801876
106,208,0.3871993006661881
106,209,0.3937486417071764
106,210,0.4131256293418796
106,211,0.42687720961348957
106,212,0.42223937566890274
106,213,0.43209467031234916
106,214,0.3947124585162762
106,215,0.39446458982866867
106,216,0.4091027933497762
106,217,0.4154714255831962
106,218,0.4004825346691664
106,219,0.4006020135657732
106,220,0.38745778660441554
106,221,0.3986487194549206
106,222,0.40629130809806113
106,223,0.4060691726762195
106,224,0.38343346881311996
106,225,0.3855505252993384
106,226,0.3928483904794205
106,227,0.3882216388402983
106,228,0.39153543877047164
106,229,0.40346031757288203
106,230,0.3978673670181008
106,231,0.3794282979743425
106,232,0.41727935436160063
106,233,0.3899738289589106
106,234,0.4082300690717475
106,235,0.3991574929204098
106,236,0.3874545984489973
106,237,0.39779923336450446
106,238,0.4117941551430281
106,239,0.3971884666487228
106,240,0.41177695989608765
106,241,0.4148248808328496
106,242,0.41153019597364027
106,243,0.3906633985597034
106,244,0.37503423732380536
106,245,0.39202331526334894
106,246,0.4341038742730784
106,247,0.4197847371877626
106,248,0.40232177806455033
106,249,0.4000914644363315
106,250,0.3989602237246757
106,251,0.3938455796518991
106,252,0.40782443243403765
106,253,0.3973819876826087
106,254,0.41247875607290935
106,255,0.39291339350301163
106,256,0.41070428421331007
106,257,0.3767343814982924
106,258,0.4220152282437613
106,259,0.3618738886921905
106,260,0.38075853225796724
106,261,0.4103168567945791
106,262,0.40812784710595773
106,263,0.4029495799264243
106,264,0.4047227099884388
106,265,0.3927766472794289
106,266,0.3764755199121874
106,267,0.39754241011863534
106,268,0.379664586033932
106,269,0.39060566453046575
106,270,0.37437782800474834
106,271,0.3815335347208866
106,272,0.4031125715998716
106,273,0.37881334576495856
106,274,0.3968022139959557
106,275,0.4046471430811771
106,276,0.39474231351253597
106,277,0.41029434703117196
106,278,0.37824956899465517
106,279,0.37700867167738983
106,280,0.38745961563531744
106,281,0.3986367271390072
106,282,0.3831277004508085
106,283,0.3877041665620582
106,284,0.3982495963573456
106,285,0.38348181303157364
106,286,0.3695934401002041
106,287,0.40172333911407826
106,288,0.3823109775088554
106,289,0.3573783698470093
106,290,0.38742889845094014
106,291,0.39458394050598145
106,292,0.39595714835233464
106,293,0.38192111392353856
106,294,0.3816512954789539
106,295,0.3820334381835405
106,296,0.37756704868272295
106,297,0.37625661561655444
106,298,0.4071843180545541
106,299,0.3859879464604134
106,300,0.3794924395028935
106,301,0.38069844661757
106,302,0.3972074819165607
106,303,0.3794124507626822
106,304,0.38556149324705435
106,305,0.3960628641206165
106,306,0.39545403594194456
106,307,0.3848773608374041
106,308,0.36951487979223563
106,309,0.3781557318776153
106,310,0.36485003662663834
106,311,0.3754558057286019
106,312,0.40019572197004805
106,313,0.36905822920244796
106,314,0.3684578184471574
106,315,0.36250908360924833
106,316,0.34613020822059276
106,317,0.36107301504112954
106,318,0.3807482871898385
106,319,0.3594952814800795
106,320,0.3775250960228055
106,321,0.3737060469250346
106,322,0.37293932673543
106,323,0.37109169571898704
106,324,0.3511785850968472
106,325,0.3801569016866906
106,326,0.36172315409017164
106,327,0.37638506986374076
106,328,0.36865661934364674
106,329,0.37392235495323356
106,330,0.378644562044809
106,331,0.373604100110919
106,332,0.35045254091883815
106,333,0.3866429821003315
106,334,0.36997483289519023
106,335,0.38014456005983577
106,336,0.3618565839390422
106,337,0.3584881646688594
106,338,0.37413028506345525
106,339,0.3640386614688607
106,340,0.3767899233241414
106,341,0.36834845986477166
106,342,0.3835314796414486
106,343,0.36402408744013587
106,344,0.3881386289762896
106,345,0.3689116717771042
106,346,0.3502618829871333
106,347,0.3651602580103763
106,348,0.3665811100671458
106,349,0.3529489892859792
106,350,0.36279229438582133
106,351,0.38518209512843643
106,352,0.37191217860510184
106,353,0.39415034166602203
106,354,0.35727721591328465
106,355,0.3814179017100223
106,356,0.3545187399830929
106,357,0.3671269021755041
106,358,0.3588143476220064
106,359,0.37877429640570354
106,360,0.351083017365877
106,361,0.36056796270747515
106,362,0.3556622738061949
106,363,0.3619482295457707
106,364,0.3724712563115497
106,365,0.38987860083580017
106,366,0.38756745291310685
106,367,0.379594542952471
106,368,0.367644072965134
106,369,0.36088566655336424
106,370,0.3730958381364512
106,371,0.36601608159930205
106,372,0.36096767769303434
106,373,0.3662298793016478
106,374,0.37273650113926377
106,375,0.35660874219827876
106,376,0.3725013732910156
106,377,0.3699480406073637
106,378,0.35870125889778137
106,379,0.3411218523979187
106,380,0.3636545414148375
106,381,0.36131411444309147
106,382,0.35517300284186076
106,383,0.36162580376447634
106,384,0.3409960394681886
106,385,0.3582618278126384
106,386,0.34134725914445035
106,387,0.351432089195695
106,388,0.3426409876623819
106,389,0.33564924431401627
106,390,0.3715898789638697
106,391,0.35789886671443316
106,392,0.3694599049035893
106,393,0.37899105770643365
106,394,0.3553743147572806
106,395,0.37482258677482605
106,396,0.3390291721321816
106,397,0.36040884256362915
106,398,0.34386363278987797
106,399,0.3378681297912154
106,400,0.33361878159434294
106,401,0.35534617582032846
106,402,0.35702228268911673
106,403,0.37227927598842353
106,404,0.37473746649054596
106,405,0.35221926348153937
106,406,0.34174237140389374
106,407,0.34717933660329775
106,408,0.33335283606551414
106,409,0.35802542678145477
106,410,0.3717229560364124
106,411,0.38680693437886793
106,412,0.36365801442501156
106,413,0.348778412785641
106,414,0.3580722122691398
106,415,0.3501912251461384
106,416,0.3353635128154311
106,417,0.3509154097978459
106,418,0.3346056044101715
106,419,0.33319251481876816
106,420,0.3755110987397127
106,421,0.34853638396706693
106,422,0.3563054668348889
106,423,0.3426359621591346
106,424,0.3467253384202026
106,425,0.3458507234273955
106,426,0.34907259497531623
106,427,0.3355846834737201
106,428,0.3489051696866058
106,429,0.3656798628873603
106,430,0.3471258573753889
106,431,0.36537409313889435
106,432,0.3393847471059755
106,433,0.3529326236525247
106,434,0.3509641088718592
106,435,0.3631850411725599
106,436,0.3698785277300103
106,437,0.35591400085493574
106,438,0.3381272609843764
106,439,0.35504964132641637
106,440,0.34876827860987464
106,441,0.35096973873848136
106,442,0.3378001250499903
106,443,0.33836898173010627
106,444,0.3417571193950121
106,445,0.3529237626596939
106,446,0.35358788177024486
106,447,0.34884708911873574
106,448,0.341352911189545
106,449,0.35468571407850397
106,450,0.373627993949624
106,451,0.35076144337654114
106,452,0.3380680333736331
106,453,0.33643867872482125
106,454,0.34193820800892144
106,455,0.35099284108295
106,456,0.35629352095515227
106,457,0.3594385378582533
106,458,0.3524547087591748
106,459,0.3397819212702818
106,460,0.35836356393126556
106,461,0.35714882958767025
106,462,0.37080315656440205
106,463,0.3491836044677468
106,464,0.3632153501344282
106,465,0.3510106552478879
106,466,0.3309537643610045
106,467,0.3387541694696559
106,468,0.35325990236082744
106,469,0.3608604212139928
106,470,0.36510818434316056
106,471,0.34502795200015224
106,472,0.3548739899036496
106,473,0.33723574599554373
106,474,0.3327798981999242
106,475,0.34372452247974483
106,476,0.35854795990988264
106,477,0.35842441750127213
106,478,0.3638610354689665
106,479,0.30804321932238204
106,480,0.354520205841508
106,481,0.332093546556872
106,482,0.3448784295902696
106,483,0.3606903469839761
106,484,0.3505141499430634
106,485,0.3524683083212653
106,486,0.3406030189159305
106,487,0.3267422242220058
106,488,0.36313598585683243
106,489,0.3435513793035995
106,490,0.3229577250258867
106,491,0.35149572339168816
106,492,0.34687814324401145
106,493,0.3499330171318941
106,494,0.3249570013478745
106,495,0.33450190203134406
106,496,0.34448156800380975
106,497,0.39433053759641423
106,498,0.3389839488406514
106,499,0.3464435179566228
106,500,0.34490410948908606
106,501,0.3367918605028197
106,502,0.3682990490004074
106,503,0.339186113241107
106,504,0.3525699189929075
106,505,0.35471334083135736
106,506,0.34163243895353274
106,507,0.3526468782923942
106,508,0.348460036654805
106,509,0.3219850929670556
106,510,0.3344023248483968
106,511,0.3489880201428436
106,512,0.34418486509212226
106,513,0.35417466385419977
106,514,0.35103609603504804
106,515,0.3244961822448775
106,516,0.34690435473309006
106,517,0.35109014289323676
106,518,0.3537544046723565
106,519,0.34102880885434705
106,520,0.3432572546393372
106,521,0.3757200837135315
106,522,0.3345313730627991
106,523,0.3251603647719982
106,524,0.3303262563638909
106,525,0.34149287467779116
106,526,0.32863886758338573
106,527,0.3216639916564143
106,528,0.3267963646456253
106,529,0.3465252879054047
106,530,0.32280545525772625
106,531,0.3538820119791253
106,532,0.3276963663655658
106,533,0.34760220591412033
106,534,0.36197331131890764
106,535,0.3285563096057537
106,536,0.33580698592718256
106,537,0.3380551733249842
106,538,0.3482170382211375
106,539,0.3249844201775484
106,540,0.32084135260692864
106,541,0.3236257198245026
106,542,0.3407278892605804
106,543,0.3279626951661221
106,544,0.3287486239921215
106,545,0.31881491112154586
106,546,0.326369431822799
106,547,0.33662140161492105
106,548,0.3472450708234033
106,549,0.3133433114650638
106,550,0.303227131449899
106,551,0.34233643703682476
106,552,0.31489919160687646
106,553,0.2974499089773311
106,554,0.31541622724643975
106,555,0.3129487585189731
106,556,0.32638785035111184
106,557,0.3170970012975294
106,558,0.32086007886154705
106,559,0.31707802969355914
106,560,0.32596213942350344
106,561,0.33231299976969875
106,562,0.31617922145266864
106,563,0.3450056744176288
106,564,0.29714052205862
106,565,0.351492035527562
106,566,0.3228017937305362
106,567,0.3279392019260761
106,568,0.31040874955266023
106,569,0.32218874679055326
106,570,0.31625682600708893
106,571,0.33050413603006407
106,572,0.33502591903819595
106,573,0.34082621197367824
106,574,0.3315096573774205
106,575,0.334043528451476
106,576,0.3246775955654854
106,577,0.3302124828793282
106,578,0.31966100598490516
106,579,0.3233668000199074
106,580,0.3165431979090668
106,581,0.31313862772875056
106,582,0.34168941822162896
106,583,0.3084206179130909
106,584,0.32699161767959595
106,585,0.323354929339054
106,586,0.3042470112789509
106,587,0.3147611819034399
106,588,0.3199885064779326
106,589,0.31592643884725347
106,590,0.3383601924707723
106,591,0.31658279965090197
106,592,0.32397508829139
106,593,0.30533631180607995
106,594,0.33777465446050775
106,595,0.3053925286891849
106,596,0.320585208576779
106,597,0.3071470343789389
106,598,0.31889062426811043
106,599,0.30858067786970805
106,600,0.3237855268079181
106,601,0.3049470699110696
106,602,0.3152976812318314
106,603,0.31453051123508186
106,604,0.36394372443820155
106,605,0.3230469192183295
106,606,0.31061105256856875
106,607,0.317678022523259
106,608,0.3205384944760522
106,609,0.3282465186229972
106,610,0.31901942713316095
106,611,0.29541513323783875
106,612,0.31806917176690214
106,613,0.31318315655686135
106,614,0.31384732071743454
106,615,0.32991386984669885
106,616,0.317444012608639
106,617,0.3321871085222377
106,618,0.338644836531129
106,619,0.3375686393227688
106,620,0.33185056129167245
106,621,0.30454170565272487
106,622,0.3262853871944339
106,623,0.3298355867696363
106,624,0.3396266899829687
106,625,0.32441655979600065
106,626,0.32105448634125466
106,627,0.3152118768802909
106,628,0.31727978933689205
106,629,0.3257925794568173
106,630,0.30753749331762625
106,631,0.31756037750909494
106,632,0.3246687054634094
106,633,0.335358050673507
106,634,0.3000701173793438
106,635,0.31494395330894825
106,636,0.32571504282396896
106,637,0.31333895893984065
106,638,0.3181653674258742
106,639,0.3240050451700078
106,640,0.33578624974849614
106,641,0.34607023832409883
106,642,0.32591924833696945
106,643,0.35617067439611566
106,644,0.3013965515203254
106,645,0.3054129481315613
106,646,0.30820381017618403
106,647,0.297824339811192
106,648,0.3080174416996712
106,649,0.31434573891550993
106,650,0.31063882902611134
106,651,0.31793795352758364
106,652,0.33583521219187007
106,653,0.31375118189079815
106,654,0.3290700219398321
106,655,0.2988504656525545
106,656,0.32391867942588276
106,657,0.3249002362406531
106,658,0.3146104715591253
106,659,0.3194556194682454
106,660,0.33689802469209185
106,661,0.32766036585319874
106,662,0.3398308421290198
106,663,0.3133336305618286
106,664,0.3533534476923388
106,665,0.3367325885351314
106,666,0.3202049059923305
106,667,0.30694303055142247
106,668,0.300506123276644
106,669,0.3124660087186237
106,670,0.3102409229722134
106,671,0.33148945140284164
106,672,0.3113652904366338
106,673,0.29390965298164723
106,674,0.3125561773777008
106,675,0.3141224016976911
106,676,0.3163194781125978
106,677,0.3046807327935862
106,678,0.31418497340623724
106,679,0.3046488664871038
106,680,0.3168942394644715
106,681,0.3169314119704934
106,682,0.3108058045076769
106,683,0.3189202519350274
106,684,0.3225995655669722
106,685,0.31044548056846444
106,686,0.32051171812900275
106,687,0.3264776530653931
106,688,0.3160867198955181
106,689,0.31811449555463567
106,690,0.30199133379514825
106,691,0.3206655882125677
106,692,0.3071660080621409
106,693,0.2989272551481114
106,694,0.30415305841800777
106,695,0.27426557970601456
106,696,0.31233581623365714
106,697,0.31877104972684106
106,698,0.3463017566259517
106,699,0.3036040039949639
106,700,0.3218843569589216
106,701,0.29779330311819563
106,702,0.3132661227570024
106,703,0.3051782742489216
106,704,0.2999892934810284
106,705,0.3275870486747387
106,706,0.29479917190795724
106,707,0.3029705736526223
106,708,0.30951073696446973
106,709,0.2963494894116424
106,710,0.3111887705880542
106,711,0.31400075069693634
106,712,0.2931583544542623
106,713,0.3237084150314331
106,714,0.30453131365221603
106,715,0.31485821549282517
106,716,0.3107418674369191
106,717,0.3270130802032559
106,718,0.29633730927179025
106,719,0.3000115734893222
106,720,0.34005074099052784
106,721,0.3057561135569284
106,722,0.3079131578290185
106,723,0.32808652589487475
106,724,0.32276860711186434
106,725,0.303873902143434
106,726,0.3017869051112685
106,727,0.310062087552492
106,728,0.2868489089400269
106,729,0.30933516732482025
106,730,0.2987950333329134
106,731,0.3228701789711797
106,732,0.31822446889655537
106,733,0.30830514084461125
106,734,0.31039257174314455
106,735,0.3048589770184007
106,736,0.33200807973395946
106,737,0.33935040859288945
106,738,0.3122462110463963
106,739,0.3083823538103769
106,740,0.3086261277975038
106,741,0.27543824356655744
106,742,0.296386017355808
106,743,0.29630800319272416
106,744,0.29863030619399494
106,745,0.3012126892112022
106,746,0.29292530861011773
106,747,0.304492931726367
106,748,0.3279523426710173
106,749,0.3142913545286933
106,750,0.31006620373836785
106,751,0.32421163556187654
106,752,0.3057420704253884
106,753,0.2981471537157547
106,754,0.29761221589044085
106,755,0.2914678156375885
106,756,0.2942973195120346
106,757,0.3125188336815945
106,758,0.3054287842539854
106,759,0.2837374854919522
106,760,0.30977289136065994
106,761,0.30056905330613604
106,762,0.2782879256924918
106,763,0.28144931377366533
106,764,0.31074074257251827
106,765,0.293226630188698
106,766,0.2966503597969233
106,767,0.31959535701330316
106,768,0.31546676436135934
106,769,0.3038555813390155
106,770,0.3105155271153117
106,771,0.312688737414604
106,772,0.300690870991973
106,773,0.29910035812577535
106,774,0.2901530376700468
106,775,0.2948717648206755
106,776,0.271688581899155
106,777,0.2910836255827615
106,778,0.2857164671254713
106,779,0.284280096375665
106,780,0.30701770269593526
106,781,0.30005689970282623
106,782,0.2819665857525759
106,783,0.30810995157374893
106,784,0.29706232353698375
106,785,0.28301286558772243
106,786,0.286506220351818
106,787,0.2948101765887682
106,788,0.3022804066192272
106,789,0.29427901672762496
106,790,0.3043909204560657
106,791,0.28865762158881786
106,792,0.28584994895513666
106,793,0.30098561977231225
106,794,0.29836677188097044
106,795,0.3194477807643802
106,796,0.28232917882675346
106,797,0.2951890611371329
106,798,0.307824430077575
106,799,0.3027459486972454
106,800,0.32657783253248346
106,801,0.32023127411687097
106,802,0.2847941954468572
106,803,0.3077810198761696
106,804,0.29694228463394695
106,805,0.29305275858834734
106,806,0.29165414530177447
106,807,0.3002181756635045
106,808,0.27266867354858754
106,809,0.2778890742812046
106,810,0.2873536961716275
106,811,0.28790106814961103
106,812,0.29436589326969415
106,813,0.29238037106602693
106,814,0.3054316348807756
106,815,0.29538110695606057
106,816,0.2942809746708981
106,817,0.29723709336546966
106,818,0.29184425778167195
106,819,0.302079402430113
106,820,0.29029347314391024
106,821,0.2976812879706538
106,822,0.303508180518483
106,823,0.3113824295443158
106,824,0.3163227016149565
106,825,0.3145384940990182
106,826,0.28245515324348625
106,827,0.30069432979406313
106,828,0.30451627803403275
106,829,0.3103043457796407
106,830,0.30774095723795336
106,831,0.30582001874613207
106,832,0.30745889142502186
106,833,0.29252539263215177
106,834,0.30687623938848807
106,835,0.3240228177503098
106,836,0.3049043527869291
106,837,0.3130602677201116
106,838,0.3169902750225954
106,839,0.322569165118905
106,840,0.3134753863478816
106,841,0.30930685511855194
106,842,0.30421839619791785
106,843,0.2823936904585639
106,844,0.29713431555171343
106,845,0.3113688279029935
106,846,0.30991550586944405
106,847,0.3172896442025207
106,848,0.30780401479366215
106,849,0.28484101836071457
106,850,0.3143204464468845
106,851,0.29500694122425347
106,852,0.2965436453043028
106,853,0.306407630443573
106,854,0.2975823809934217
106,855,0.30050559723099995
106,856,0.3024156287659046
106,857,0.300136361011239
106,858,0.3024079408063445
106,859,0.29450670577758964
106,860,0.3138218154740888
106,861,0.29454878180526023
106,862,0.30979103889576226
106,863,0.29747064584909483
106,864,0.2985201256219731
106,865,0.29735999121222384
106,866,0.29357305654259613
106,867,0.29287351910458054
106,868,0.2783204344815986
106,869,0.27282668164996215
106,870,0.28339016645453696
106,871,0.31123925988064255
106,872,0.30314462268075276
106,873,0.28986521585043085
106,874,0.2936901263026304
106,875,0.3150631716085035
106,876,0.3003839656364086
106,877,0.28806083839993146
106,878,0.28941557677679286
106,879,0.28930049580197004
106,880,0.2961694459582484
106,881,0.2943091926186584
106,882,0.31193344121755556
106,883,0.29996634361355806
106,884,0.29184796227965243
106,885,0.3053072261255841
106,886,0.3091919089472571
106,887,0.30110970416734384
106,888,0.29533963147983994
106,889,0.28781081562818484
106,890,0.3056907570639322
106,891,0.27992031879203266
106,892,0.29140969521777577
106,893,0.29737323037413665
106,894,0.3051554262638092
106,895,0.3072526108386905
106,896,0.2755920412235482
106,897,0.3155553084473277
106,898,0.28821040378060453
106,899,0.29157213554825895
106,900,0.2996666826481043
106,901,0.2992449018151261
106,902,0.3121693782335104
106,903,0.29771672154581824
106,904,0.300857016513514
106,905,0.2733539100303206
106,906,0.29867914041807486
106,907,0.28258056418840277
106,908,0.32143186691195463
106,909,0.2891526340052139
106,910,0.2603845624036567
106,911,0.3227158625458562
106,912,0.29371247388595756
106,913,0.2774343559908312
106,914,0.2927768687869227
106,915,0.29050788976425346
106,916,0.2637066723302353
106,917,0.3147769112919652
106,918,0.2732312097105869
106,919,0.284162768097811
106,920,0.2824095172244449
106,921,0.3059565764526988
106,922,0.2962253845708315
106,923,0.31002434048541755
106,924,0.2733376265265221
106,925,0.3080996410098187
106,926,0.268299084070117
106,927,0.3057688911293828
106,928,0.30209254941274954
106,929,0.29087252880251685
106,930,0.30150918212047845
106,931,0.29479016883428705
106,932,0.2983362979667131
106,933,0.3023057548805725
106,934,0.2919651893682258
106,935,0.2817924778128779
106,936,0.30183206741199936
106,937,0.3011440419873526
106,938,0.307339187278304
106,939,0.3101316354302473
106,940,0.27640070471652717
106,941,0.2654182030711063
106,942,0.2939259721789249
106,943,0.29029902469280155
106,944,0.31438561927440556
106,945,0.30731067304001297
106,946,0.27450840868229087
106,947,0.27267391737117325
106,948,0.29373455740684684
106,949,0.315140318731929
106,950,0.2842305184796799
106,951,0.2910632615865663
106,952,0.2862330280071081
106,953,0.2900262904721637
106,954,0.2961210705513178
106,955,0.26980867843295253
106,956,0.27459691499554834
106,957,0.2728620906208837
106,958,0.29146879980730456
106,959,0.28244892525118453
106,960,0.28340899667074515
106,961,0.28808753296386364
106,962,0.306255380081576
106,963,0.28154198929320934
106,964,0.2979649638020715
106,965,0.29840478162432826
106,966,0.29194806897362996
106,967,0.2986071179079455
106,968,0.2952834908352342
106,969,0.28771629652311637
106,970,0.26406721320263177
106,971,0.2806893153939136
106,972,0.2889955338350562
106,973,0.27543347172958904
106,974,0.27699545788210495
106,975,0.2881956793541132
106,976,0.2815963497688604
106,977,0.3042825342610825
106,978,0.2730623878711878
106,979,0.28994297010954034
106,980,0.29894398672636163
106,981,0.3021261920762617
106,982,0.288701708926711
106,983,0.274577995372373
106,984,0.311342341955318
106,985,0.2919439590254495
106,986,0.29984962524369707
106,987,0.2957051628550818
106,988,0.3085775032292965
106,989,0.275650397289631
106,990,0.300242202919583
106,991,0.27316733778909197
106,992,0.28314739950867585
106,993,0.2809634354225425
106,994,0.27312061883682426
106,995,0.28450366300205854
106,996,0.27726773883021155
106,997,0.27219338611114857
106,998,0.27896178323169085
106,999,0.28778346056161924
106,1000,0.28554050416447396
106,1001,0.27287735148917797
106,1002,0.2844697486522586
106,1003,0.2962837066761283
106,1004,0.2860972818940185
106,1005,0.2813153287699056
106,1006,0.2803777477075887
106,1007,0.2736031572486079
106,1008,0.27318179364814316
106,1009,0.2872509471205778
106,1010,0.2772473415663076
106,1011,0.2827728993670885
106,1012,0.26742514933264533
106,1013,0.2641265440818875
106,1014,0.2641772704069005
106,1015,0.26954570863136024
106,1016,0.2830583099709001
106,1017,0.2837897906469744
106,1018,0.2883122695046802
106,1019,0.3001275540784348
106,1020,0.28707485455413195
106,1021,0.28130178188168725
106,1022,0.29724996173104573
106,1023,0.28447389741276585
106,1024,0.3150679898816486
106,1025,0.2733911067940468
106,1026,0.3068318886812343
106,1027,0.28200939297676086
106,1028,0.2916897355124008
106,1029,0.28491721527521
106,1030,0.28537257085012835
106,1031,0.27815786801105324
106,1032,0.30684163404065506
106,1033,0.27221953626288925
106,1034,0.2842492845862411
106,1035,0.2978033076885135
106,1036,0.2749999477419742
106,1037,0.2676071559273919
106,1038,0.27182797983635304
106,1039,0.2681399812532026
106,1040,0.30103724086007405
106,1041,0.2636877589447554
106,1042,0.29266394016354585
106,1043,0.2981312995733217
106,1044,0.2928493161534154
106,1045,0.28766205005867534
106,1046,0.2846514315799225
106,1047,0.2753711062115292
106,1048,0.2597538856572883
106,1049,0.2933308794054874
106,1050,0.27615878436454505
106,1051,0.25616876330486565
106,1052,0.27368539779685264
106,1053,0.2943869302439135
106,1054,0.2758065455181654
106,1055,0.30629307100939196
106,1056,0.28629150640132817
106,1057,0.3013925060283306
106,1058,0.2895581521267115
106,1059,0.2703328714814297
106,1060,0.2678910618604616
106,1061,0.28671208994333136
106,1062,0.2764618951220845
106,1063,0.27354143317355667
106,1064,0.2806435629378918
106,1065,0.27231657089189043
106,1066,0.2812830992909365
106,1067,0.2735955874587214
106,1068,0.27407666624978533
106,1069,0.27016672942527503
106,1070,0.26694888361664704
106,1071,0.3080975822238035
106,1072,0.2769432670848314
106,1073,0.2770383288693983
106,1074,0.29006888700086014
106,1075,0.2741546714028647
106,1076,0.2891529611376829
106,1077,0.28112430142801864
106,1078,0.28814430708108946
106,1079,0.27177665815796964
106,1080,0.27989962731682977
106,1081,0.2892950329669686
106,1082,0.29529936161152154
106,1083,0.25328126549720764
106,1084,0.2926556967025579
106,1085,0.2649625387302665
106,1086,0.2829152158526487
106,1087,0.28339057294435277
106,1088,0.2981234379979067
106,1089,0.289979123791983
106,1090,0.25814993644869605
106,1091,0.2603847294352775
106,1092,0.2542836915614993
106,1093,0.2862955096156098
106,1094,0.27929430992104287
106,1095,0.27714719294115553
106,1096,0.28335559368133545
106,1097,0.27631514571433846
106,1098,0.2816384282223014
106,1099,0.26122905140699343
106,1100,0.2842093872469525
106,1101,0.2728310795717461
106,1102,0.2680719331946484
106,1103,0.269650281861771
106,1104,0.26900744507479113
106,1105,0.27202000035796053
106,1106,0.2674854196781336
106,1107,0.2510389415330665
106,1108,0.2961896567843681
106,1109,0.2754190127516902
106,1110,0.29329978795938716
106,1111,0.2904593961876492
106,1112,0.2649580947188444
106,1113,0.28215313720148666
106,1114,0.2717423442491265
106,1115,0.27415558626485426
106,1116,0.25656412368596987
106,1117,0.2648253499768501
106,1118,0.2820349519335946
106,1119,0.2632372843664746
106,1120,0.281743633192639
106,1121,0.2714073626801025
106,1122,0.24931454901085343
106,1123,0.28018930554389954
106,1124,0.2627926004487415
106,1125,0.2545829242052034
106,1126,0.26094364912010903
106,1127,0.2880046818145486
106,1128,0.25642697755680527
106,1129,0.27161413361859876
106,1130,0.25571796124757723
106,1131,0.27858662813208823
106,1132,0.26118373593618704
106,1133,0.25803127434364587
106,1134,0.27226356919421707
106,1135,0.2573983852946481
106,1136,0.25686292107715164
106,1137,0.26944032415401103
106,1138,0.29092615981434666
106,1139,0.26883252346238423
106,1140,0.270274011894714
106,1141,0.2743586059226546
106,1142,0.2900538998980855
106,1143,0.28857505321502686
106,1144,0.2930919181468875
106,1145,0.2766053912251495
106,1146,0.26601797550223594
106,1147,0.29285692336947416
106,1148,0.27817716605441517
106,1149,0.2780340494111527
106,1150,0.2702323815157247
106,1151,0.29564509904661845
106,1152,0.2621350101260252
106,1153,0.28256289903507675
106,1154,0.29410324956095496
106,1155,0.2668655279070832
106,1156,0.2906357001426608
106,1157,0.2872983355854833
106,1158,0.2868007913578388
106,1159,0.2794092540131059
106,1160,0.2902124780555104
106,1161,0.2808620195056117
106,1162,0.26907016856725824
106,1163,0.2626921181068864
106,1164,0.27095710122308064
106,1165,0.270332463951998
106,1166,0.26239953865838606
106,1167,0.26765644758246665
106,1168,0.2652157718359038
106,1169,0.262820947308873
106,1170,0.273701899273451
106,1171,0.27630312740802765
106,1172,0.2725847619910573
106,1173,0.2690826436114866
106,1174,0.26160167608150214
106,1175,0.294770875642466
106,1176,0.27651534454767096
106,1177,0.2711159767106522
106,1178,0.26598586176717004
106,1179,0.2763605284136395
106,1180,0.278854277244834
106,1181,0.2884652774001277
106,1182,0.2693640832291093
106,1183,0.26522326885267744
106,1184,0.27460560964983566
106,1185,0.2646615068579829
106,1186,0.30185838147651317
106,1187,0.2789938172628713
106,1188,0.27691763985988704
106,1189,0.27934544724087385
106,1190,0.2698868800734365
106,1191,0.28603106667829115
106,1192,0.25617004827011464
106,1193,0.282935404500296
106,1194,0.2608782167351523
106,1195,0.2721757230370544
106,1196,0.2773932689844176
106,1197,0.2672722398541694
106,1198,0.29638905164807344
106,1199,0.2721683556257292
106,1200,0.28050848148589913
106,1201,0.2684034816054411
106,1202,0.2699102447476498
106,1203,0.2587647514287816
106,1204,0.26685670676619505
106,1205,0.25611872070057445
106,1206,0.24964782283749692
106,1207,0.2621454880681149
106,1208,0.27030809674152106
106,1209,0.2686428885127223
106,1210,0.2739871504694916
106,1211,0.2761068077281464
106,1212,0.26288801535617473
106,1213,0.2521065972572149
106,1214,0.25759141424367593
106,1215,0.2702940709369127
106,1216,0.2845729811247005
106,1217,0.2807502004989358
106,1218,0.25271104137564815
106,1219,0.25689168343710345
106,1220,0.27151634388191753
106,1221,0.29439824195795283
106,1222,0.2751383947771649
106,1223,0.2604541082021802
106,1224,0.24797278746616008
106,1225,0.2708843624175981
106,1226,0.26444122611090193
106,1227,0.2646487493847692
106,1228,0.2759442558122236
106,1229,0.27158245513605517
106,1230,0.2745770756588426
106,1231,0.2690064830835475
106,1232,0.282972457103951
106,1233,0.2811250284660694
106,1234,0.2708639797083167
106,1235,0.2630403700263001
106,1236,0.2597032449273176
106,1237,0.2837518585282703
106,1238,0.29469068244446156
106,1239,0.26927693361459776
106,1240,0.28350230289060013
106,1241,0.2749717564776886
106,1242,0.2817173988320107
106,1243,0.2785278122092402
106,1244,0.27091225912404615
106,1245,0.25668171567972314
106,1246,0.25846316024314525
106,1247,0.263024827075559
106,1248,0.28164749159369357
106,1249,0.26245044449041055
106,1250,0.27236559155375456
106,1251,0.27969212448874187
106,1252,0.27230282439741976
106,1253,0.2824702540109324
106,1254,0.2629090242607649
106,1255,0.26003279588943307
106,1256,0.27958494320858357
106,1257,0.26323133117930836
106,1258,0.2544160353582959
106,1259,0.255926578543907
106,1260,0.25983306072479073
106,1261,0.28008255293202955
106,1262,0.28560698933379597
106,1263,0.2531423835560333
106,1264,0.2691274500170419
106,1265,0.2684473509705344
106,1266,0.2775505101957986
106,1267,0.2643526920745539
106,1268,0.26196428232414776
106,1269,0.2669315040111542
106,1270,0.24048445113869601
106,1271,0.2770620802807253
106,1272,0.2703524259633796
106,1273,0.2622030488280363
106,1274,0.2623420697312022
106,1275,0.26795676558516746
106,1276,0.23368825538213864
106,1277,0.275404411692952
106,1278,0.2673624899498252
106,1279,0.2671246247929196
106,1280,0.2954882411069648
106,1281,0.2716325705134591
106,1282,0.2772458362024884
106,1283,0.25680066402568374
106,1284,0.258727163769478
106,1285,0.26308231298313584
106,1286,0.26382653207279916
106,1287,0.24273020375606624
106,1288,0.2604082552499549
106,1289,0.2717323462630427
106,1290,0.2695004974686822
106,1291,0.2702634944472202
106,1292,0.2645837962627411
106,1293,0.27658369028291035
106,1294,0.2612540971401126
106,1295,0.27224323777265325
106,1296,0.2797471548235694
106,1297,0.25413608377756075
106,1298,0.27415301078973814
106,1299,0.25352841892907785
106,1300,0.26082984306091483
106,1301,0.26320605569107586
106,1302,0.2687080654987069
106,1303,0.24722349505091823
106,1304,0.24911395477694134
106,1305,0.2736513164154319
106,1306,0.28140901687533354
106,1307,0.2571226192075153
106,1308,0.27542375409325887
106,1309,0.2611188687557398
106,1310,0.25823484257210133
106,1311,0.26158296126265856
106,1312,0.2733013532882513
106,1313,0.2797290239223214
106,1314,0.27587327153183694
106,1315,0.29139819256095
106,1316,0.27100634020428327
106,1317,0.2651378682186437
106,1318,0.2678858526917391
106,1319,0.2592553950326387
106,1320,0.2526750606159831
106,1321,0.25915883377540944
106,1322,0.2534762447656587
106,1323,0.25463558837424877
106,1324,0.27613709901654443
106,1325,0.2700248027956763
106,1326,0.2476750203343325
106,1327,0.25753003809341163
106,1328,0.25712054690649344
106,1329,0.263604179371235
106,1330,0.26529070769631585
106,1331,0.24558456172776777
106,1332,0.2534865771615228
106,1333,0.25720459396062895
106,1334,0.2708872425001721
106,1335,0.24503303336542706
106,1336,0.2641330330177795
106,1337,0.25287901939347734
106,1338,0.25748502307159954
106,1339,0.25145195667133774
106,1340,0.2790726596532866
106,1341,0.26499319630999896
106,1342,0.249963283885357
106,1343,0.26249301468217096
106,1344,0.2749376477197159
106,1345,0.2606587798096413
106,1346,0.28310947085535804
106,1347,0.2679429643375929
106,1348,0.26067992767622306
106,1349,0.2808921662874
106,1350,0.25212585440901825
106,1351,0.2807307745828185
106,1352,0.24952778220176697
106,1353,0.26579402872296265
106,1354,0.2562536950721297
106,1355,0.28544047024360925
106,1356,0.28046471123085465
106,1357,0.2564746557280075
106,1358,0.27076749815497286
106,1359,0.2646041664966317
106,1360,0.28105271902195245
106,1361,0.27733354651650716
106,1362,0.27051050926363746
106,1363,0.2808368171370307
106,1364,0.28562532261360524
106,1365,0.26635153730248295
106,1366,0.28845162412454917
106,1367,0.2670571700085041
106,1368,0.27436198224855024
106,1369,0.2538154104421305
106,1370,0.24352204002613245
106,1371,0.27185287933016933
106,1372,0.2585327805474747
106,1373,0.2632205611051515
106,1374,0.2713258165952771
106,1375,0.264769904488741
106,1376,0.2614887405273526
106,1377,0.25921864010566886
106,1378,0.2756873681101688
106,1379,0.2666727429212526
106,1380,0.24810196771178133
106,1381,0.27096712034802106
106,1382,0.24005644092726153
106,1383,0.27547128013400146
106,1384,0.24806955872580064
106,1385,0.26099709854569547
106,1386,0.2659465573554815
106,1387,0.2804240452688794
106,1388,0.2624856663304706
106,1389,0.2291646093823189
106,1390,0.2428182238756224
106,1391,0.266182039366212
106,1392,0.26411573173001757
106,1393,0.24936046468657116
106,1394,0.24972897629405177
106,1395,0.2561156579921412
106,1396,0.2546435261881629
106,1397,0.2680324718009594
106,1398,0.26703802236290863
106,1399,0.26567290411439054
106,1400,0.261499623226565
106,1401,0.24942339644875638
106,1402,0.24643489233283108
106,1403,0.2775848244511804
106,1404,0.26530736476876016
106,1405,0.25966243272603945
106,1406,0.2646906077861786
106,1407,0.2589687050081963
106,1408,0.2605982027774633
106,1409,0.27314759409704875
106,1410,0.26057553984398063
106,1411,0.27032884816790737
106,1412,0.2663348095361577
106,1413,0.263199400763179
106,1414,0.24524162640405256
106,1415,0.26597858584204387
106,1416,0.24258569160173105
106,1417,0.24733342403589292
106,1418,0.25001112319702323
106,1419,0.2524124155210894
106,1420,0.24684348806392314
106,1421,0.22598816627679869
106,1422,0.2520053611938344
106,1423,0.25034603476524353
106,1424,0.2448738518842431
106,1425,0.25324468661186306
106,1426,0.24467199936855671
106,1427,0.24973517309787663
106,1428,0.26447859649048294
106,1429,0.265921845685604
106,1430,0.23163928126179895
106,1431,0.251107431428377
106,1432,0.24918491064116013
106,1433,0.2674080705226854
106,1434,0.26208775195964545
106,1435,0.27488115880378455
106,1436,0.26847122367038284
106,1437,0.2566763547270797
106,1438,0.2576826443505842
106,1439,0.26351806105569353
106,1440,0.26033393796100174
106,1441,0.2582032604272975
106,1442,0.26197936160619867
106,1443,0.2363803060941918
106,1444,0.24507771674976792
106,1445,0.2690800154624983
106,1446,0.26905522096988765
106,1447,0.2642848983753559
106,1448,0.2514879339656165
106,1449,0.24654389190119366
106,1450,0.23510107744571773
106,1451,0.26106756786967433
106,1452,0.25229871307694635
106,1453,0.24330574551294015
106,1454,0.2664321882780208
106,1455,0.2575853619464608
106,1456,0.26493003756500955
106,1457,0.25463997243448744
106,1458,0.25931761465793435
106,1459,0.24880550975023313
106,1460,0.25815325351648555
106,1461,0.25300314052160394
106,1462,0.25469317131264263
106,1463,0.26749995558760886
106,1464,0.25471112547918806
106,1465,0.2606361882631169
106,1466,0.24639784458071687
106,1467,0.26856139094330544
106,1468,0.24804237588893535
106,1469,0.2711226108462311
106,1470,0.2433728052433147
106,1471,0.24972395772157713
106,1472,0.2561194778874863
106,1473,0.25441595773364223
106,1474,0.268852504186852
106,1475,0.2736438727656076
106,1476,0.2643787510866343
106,1477,0.26225933363271314
106,1478,0.24096354218416435
106,1479,0.2675840861575548
106,1480,0.2406520732613497
106,1481,0.2441006129564241
106,1482,0.24703670067842617
106,1483,0.2478760990292527
106,1484,0.23883424768614214
106,1485,0.23979923198389452
106,1486,0.2500961329354796
106,1487,0.2689579960911773
106,1488,0.24429312140442605
106,1489,0.25168284150057063
106,1490,0.2531057360560395
106,1491,0.24712121694586997
106,1492,0.2772740978141164
106,1493,0.2511062774547311
106,1494,0.25357594635597497
106,1495,0.2659394942050756
106,1496,0.25250627343044724
106,1497,0.2677596329256546
106,1498,0.26748851704043014
106,1499,0.2635392969430879
106,1500,0.2500690533671268
106,1501,0.2366494255703549
106,1502,0.2598802769599959
106,1503,0.24688971631748732
106,1504,0.2606182978596798
106,1505,0.26566988853521123
106,1506,0.2590458129727563
106,1507,0.26335676049077233
106,1508,0.27164677339930865
106,1509,0.25926183545312215
106,1510,0.2551640272140503
106,1511,0.25566570460796356
106,1512,0.2545521695946538
106,1513,0.24931059465851896
106,1514,0.27228300169456837
106,1515,0.25630059838294983
106,1516,0.23547903534977935
106,1517,0.2722108890843946
106,1518,0.2513951083948446
106,1519,0.2621120578327844
106,1520,0.2616155840629755
106,1521,0.2622926207475884
106,1522,0.2576886477858521
106,1523,0.28390262951684553
106,1524,0.2761770251185395
106,1525,0.271291947642038
106,1526,0.24666026096011318
106,1527,0.2652324604433636
106,1528,0.26797247348829756
106,1529,0.25592851430870767
106,1530,0.2614892097406609
106,1531,0.25776234407757603
106,1532,0.2531323578468589
106,1533,0.2488313798987588
106,1534,0.240547600873681
106,1535,0.24781558610672175
106,1536,0.2432387485060581
106,1537,0.2291389315627342
106,1538,0.2557820767857308
106,1539,0.22759549978167512
106,1540,0.22920374329700027
106,1541,0.22965157101320666
106,1542,0.24925178358721178
106,1543,0.2381024475014487
106,1544,0.2421948840451795
106,1545,0.22991615949675095
106,1546,0.2574289815370427
106,1547,0.24870669945727947
106,1548,0.25106279378713564
106,1549,0.25530510309130644
106,1550,0.24806568996850833
106,1551,0.2629668241323427
106,1552,0.25487725263418154
106,1553,0.24874695026597313
106,1554,0.2548084903595059
106,1555,0.25290377507376116
106,1556,0.2625316887400871
106,1557,0.2728168617847354
106,1558,0.23851781147857046
106,1559,0.2673846199068912
106,1560,0.2751211967579154
106,1561,0.26114616421766057
106,1562,0.22803874937600868
106,1563,0.25078966035399325
106,1564,0.26799226084420846
106,1565,0.2663784962753917
106,1566,0.2626617419165234
106,1567,0.25552625538304796
106,1568,0.26656742567239805
106,1569,0.25738465993903403
106,1570,0.26851159264875013
106,1571,0.24292180184708084
106,1572,0.2630206211361774
106,1573,0.24216411106808242
106,1574,0.23092383492824642
106,1575,0.23717800891676613
106,1576,0.2483215193415797
106,1577,0.24114391484925912
106,1578,0.2531348858461824
106,1579,0.22488156030344408
106,1580,0.23805048541967258
106,1581,0.23576184552769328
106,1582,0.25017751580060915
106,1583,0.27487819555193876
106,1584,0.25534686480843743
106,1585,0.24969966640306074
106,1586,0.2778798875420593
106,1587,0.24676659010177435
106,1588,0.24619482769522555
106,1589,0.2572093370348908
106,1590,0.24768781765948894
106,1591,0.2548223657663478
106,1592,0.29032836196034456
106,1593,0.25647270332935246
106,1594,0.2496870444264523
106,1595,0.24090326525444208
106,1596,0.2534803089707397
106,1597,0.248571784690369
106,1598,0.24491535543009293
106,1599,0.2649868130683899
106,1600,0.25229231077571246
106,1601,0.26023612465969354
106,1602,0.23303655483001887
106,1603,0.26514746248722076
106,1604,0.25421618375667304
106,1605,0.25376673909120784
106,1606,0.2575207657592241
106,1607,0.2427301871222119
106,1608,0.2556248068116432
106,1609,0.23609320680762447
106,1610,0.2481876015663147
106,1611,0.2506189498790475
106,1612,0.23605577231839645
106,1613,0.2522423482218454
106,1614,0.25138052916804027
106,1615,0.23594417682913846
106,1616,0.24094035944273307
106,1617,0.2478919618351515
106,1618,0.24815744577452195
106,1619,0.22531838091306908
106,1620,0.2552897368752679
106,1621,0.25309828928736755
106,1622,0.2646755520687547
106,1623,0.24758851320244546
106,1624,0.23790674154148544
106,1625,0.24912378815717476
106,1626,0.23336158658182898
106,1627,0.2530642779067505
106,1628,0.27287572275760563
106,1629,0.2555676151153653
106,1630,0.25306038801060166
106,1631,0.23517407303632692
106,1632,0.25832654847655184
106,1633,0.2643247468526973
106,1634,0.2592230009478192
106,1635,0.26375056837880334
106,1636,0.24310141593910928
106,1637,0.24245489648608273
106,1638,0.24121111770008885
106,1639,0.25258453328942143
106,1640,0.26044751114623493
106,1641,0.2433088193106097
106,1642,0.26829377059326615
106,1643,0.2564953094304994
106,1644,0.24067874807257986
106,1645,0.254270778145901
106,1646,0.24526719090550445
106,1647,0.24795266084892806
106,1648,0.26823980205280834
106,1649,0.26999140374882274
106,1650,0.2577899320181026
106,1651,0.25086707639139755
106,1652,0.25716480889985727
106,1653,0.21968904830688654
106,1654,0.23464913285055825
106,1655,0.23842973868514217
106,1656,0.2483086797387101
106,1657,0.25411871491476545
106,1658,0.22250544678333195
106,1659,0.24504308090653532
106,1660,0.2423063641370729
106,1661,0.2713981256928555
106,1662,0.25431998593862665
106,1663,0.23959092761194983
106,1664,0.25547474692034167
106,1665,0.24369375996811446
106,1666,0.25520938149718353
106,1667,0.2622013459371966
106,1668,0.25183093201282414
106,1669,0.2598807690448539
106,1670,0.26074525298074236
106,1671,0.2378015424623046
106,1672,0.2436699555363766
106,1673,0.24519035358761632
106,1674,0.24190623677054116
106,1675,0.26337141976800077
106,1676,0.24005807277768157
106,1677,0.23045875132083893
106,1678,0.25264700138291646
106,1679,0.23217376442842705
106,1680,0.2602519850398219
106,1681,0.25930147531420683
106,1682,0.2642641677412876
106,1683,0.23097933794176856
106,1684,0.2441850117472715
106,1685,0.24493906872217044
106,1686,0.244557426419369
106,1687,0.23871971458889718
106,1688,0.23318000311075254
106,1689,0.2288361396207366
106,1690,0.22471907111101372
106,1691,0.23569958362468454
106,1692,0.2475527909606002
106,1693,0.2684184305889662
106,1694,0.251807338969652
106,1695,0.25847369501757067
106,1696,0.25078057133874226
106,1697,0.24329259159953096
106,1698,0.2601708333159602
106,1699,0.2338893060074296
106,1700,0.24179989238118016
106,1701,0.24696820142657258
106,1702,0.2545553837404695
106,1703,0.254128799882046
106,1704,0.23850343670955923
106,1705,0.24416516617287037
106,1706,0.2498667662919954
106,1707,0.24966540066308754
106,1708,0.24890029534350994
106,1709,0.25225341458653294
106,1710,0.24754179494325504
106,1711,0.2473005690546923
106,1712,0.24841134388779484
106,1713,0.26480505910030633
106,1714,0.2569539307854896
106,1715,0.26042964638665667
106,1716,0.2452304110277531
106,1717,0.2807995676994324
106,1718,0.24904325119284695
106,1719,0.23907155976739042
106,1720,0.2618339020152425
106,1721,0.25516004895055017
106,1722,0.27577888341837153
106,1723,0.25987803242927376
106,1724,0.25825586360554365
106,1725,0.25915288647939994
106,1726,0.2676427787126497
106,1727,0.2538831164670545
106,1728,0.2477646102738935
106,1729,0.2599648299605347
106,1730,0.2625176144200702
106,1731,0.23474638475928195
106,1732,0.24505388736724854
106,1733,0.24191423280294552
106,1734,0.23041939839374187
106,1735,0.26076892468818397
106,1736,0.22556774283564368
106,1737,0.23324614693952161
106,1738,0.2319724372653074
106,1739,0.2320015094307966
106,1740,0.24617126202860543
106,1741,0.2343932126843652
106,1742,0.2355949504430904
106,1743,0.23575919623984848
106,1744,0.2335269135791202
106,1745,0.2468566766311956
106,1746,0.2418078475220259
106,1747,0.23499117514421775
106,1748,0.2242458514695944
106,1749,0.24453872754130251
106,1750,0.22908584981463676
106,1751,0.25372667714606884
106,1752,0.2442064430824546
106,1753,0.25080916320168695
106,1754,0.2383259209089501
106,1755,0.2480296353961146
106,1756,0.228853503631991
106,1757,0.2582192018974659
106,1758,0.24026161016419875
106,1759,0.22555056560871212
106,1760,0.2426976374415464
106,1761,0.2563030376683834
106,1762,0.22779456716637278
106,1763,0.25332139397776404
106,1764,0.2110881829677626
106,1765,0.23488150640975597
106,1766,0.2424839028092318
106,1767,0.21801727421061937
106,1768,0.23335113636282986
106,1769,0.23312929411267125
106,1770,0.23940285208613374
106,1771,0.24680711432944896
106,1772,0.250555157661438
106,1773,0.23739064398200013
106,1774,0.22047692052153653
106,1775,0.24330180017061012
106,1776,0.24160166050112525
106,1777,0.23281486228454945
106,1778,0.23304889611033505
106,1779,0.2555380477461704
106,1780,0.24003735323284947
106,1781,0.2580243563929269
106,1782,0.27956194725147515
106,1783,0.2559016575646955
106,1784,0.2479835797187894
106,1785,0.23759092910345211
106,1786,0.2422248159730157
106,1787,0.23672644690025685
106,1788,0.2566182613372803
106,1789,0.25667278780493624
106,1790,0.24767490112504295
106,1791,0.24990574842275576
106,1792,0.2615181516076243
106,1793,0.22963521023129307
106,1794,0.262937783501869
106,1795,0.2522136447734611
106,1796,0.2605690075907596
106,1797,0.23672290077043134
106,1798,0.2564293561979782
106,1799,0.24902986960355625
106,1800,0.2366319794294446
106,1801,0.2345437255016593
106,1802,0.22309796927973283
106,1803,0.2391385827646699
106,1804,0.2449367985475895
106,1805,0.24641868610714757
106,1806,0.22397298175235128
106,1807,0.2596264218175134
106,1808,0.24782826976720676
106,1809,0.2408938428690267
106,1810,0.2572803414145181
106,1811,0.23915008923342063
106,1812,0.25301190864208134
106,1813,0.2394991683405499
106,1814,0.2684967192106469
106,1815,0.24368487471757933
106,1816,0.23438053248926652
106,1817,0.23336517637552218
106,1818,0.2412211278150248
106,1819,0.2249232294947602
106,1820,0.2534769932891047
106,1821,0.23097202563008598
106,1822,0.22666064875070438
106,1823,0.2545512166134147
106,1824,0.2422687681608422
106,1825,0.25285666002783663
106,1826,0.23433145603468253
106,1827,0.2570310311261998
106,1828,0.24348943524582442
106,1829,0.2480806382589562
106,1830,0.23646665173907613
106,1831,0.24910572725673055
106,1832,0.2256430609281673
106,1833,0.2350205612737079
106,1834,0.2550527505403341
106,1835,0.24547630271246268
106,1836,0.23422269280566727
106,1837,0.23538601398468018
106,1838,0.244137377239937
106,1839,0.2387329315723375
106,1840,0.2348593397195949
106,1841,0.24113347675911215
106,1842,0.23580299906952437
106,1843,0.23817685177159864
106,1844,0.27494395957436674
106,1845,0.24172326818455098
106,1846,0.24237724514894707
106,1847,0.2341364452312159
106,1848,0.22077375338521116
106,1849,0.22977265161137247
106,1850,0.23956670248231224
106,1851,0.2527505654928296
106,1852,0.23936315816502238
106,1853,0.22450096142846485
106,1854,0.2516021430492401
106,1855,0.22323984254238216
106,1856,0.22866974874984386
106,1857,0.23665280986663906
106,1858,0.23269896936971088
106,1859,0.24137674687906754
106,1860,0.22069776820582013
106,1861,0.2235713840224022
106,1862,0.23257196850554887
106,1863,0.23614961844544077
106,1864,0.2376333048870397
106,1865,0.22560602287913478
106,1866,0.24630812018416648
106,1867,0.2509040423603945
106,1868,0.24562872634377592
106,1869,0.2400507393271424
106,1870,0.24516847798990649
106,1871,0.24336448450421178
106,1872,0.24413058092427808
106,1873,0.2277026713587517
106,1874,0.23088774154352587
106,1875,0.2370360833267833
106,1876,0.23549104152723802
106,1877,0.2275201432233633
106,1878,0.23730362709178482
106,1879,0.2229121119477028
106,1880,0.23356641725052235
106,1881,0.25339851233848304
106,1882,0.23439846794272579
106,1883,0.22112765076548554
106,1884,0.24312756297200225
106,1885,0.23196061891178751
106,1886,0.23291314029416374
106,1887,0.24169173455515572
106,1888,0.2522753106300221
106,1889,0.24860473358353904
106,1890,0.247506286515746
106,1891,0.2303978260173354
106,1892,0.22795292423215024
106,1893,0.23699839932973996
106,1894,0.23885424157907797
106,1895,0.2492625096509623
106,1896,0.23807980951874755
106,1897,0.23646721417127653
106,1898,0.2310661507207294
106,1899,0.2191657985365668
106,1900,0.2479981468167416
106,1901,0.252956350182378
106,1902,0.2433091959981031
106,1903,0.25446608454682107
106,1904,0.23822283744812012
106,1905,0.2425332436727923
106,1906,0.23521574534649073
106,1907,0.22093660748282143
106,1908,0.22475166514862416
106,1909,0.24363231381704642
106,1910,0.2389010821664056
106,1911,0.23330508623012278
106,1912,0.23036328928415165
106,1913,0.23544954491216083
106,1914,0.24188486711923465
106,1915,0.24392588783142177
106,1916,0.23669175006622492
106,1917,0.2376575192739797
106,1918,0.22860738045947496
106,1919,0.26256857084673507
106,1920,0.24359222622804863
106,1921,0.23249614273392877
106,1922,0.2437107223410939
106,1923,0.23783356817655785
106,1924,0.2348100203414296
106,1925,0.21985618596853213
106,1926,0.23625214363253394
106,1927,0.22394263605738796
106,1928,0.2412911656984063
106,1929,0.23571650787841442
106,1930,0.23895282870115236
106,1931,0.2490490127441495
106,1932,0.24944875337356745
106,1933,0.23805076646250348
106,1934,0.22878855744073556
106,1935,0.2165599323289339
106,1936,0.23729645096978477
106,1937,0.22769115206807158
106,1938,0.2411039922126504
106,1939,0.2379382741312648
106,1940,0.22239069848559623
106,1941,0.2093529624994411
106,1942,0.24604396556698999
106,1943,0.23918477740398672
106,1944,0.2439536861208982
106,1945,0.24752871588219044
106,1946,0.23479989933413128
106,1947,0.24536437766496524
106,1948,0.22267744915429935
106,1949,0.20956478978312293
106,1950,0.22078126079814378
106,1951,0.2211941934602205
106,1952,0.2258604130772657
106,1953,0.2314023711653643
106,1954,0.21806622002013895
106,1955,0.22509966132252715
106,1956,0.24761931216993996
106,1957,0.21756712329942127
106,1958,0.239424217232438
106,1959,0.228569615025853
106,1960,0.2443283671556517
106,1961,0.21573080676932668
106,1962,0.24488668871480365
106,1963,0.2487349745839141
106,1964,0.22165695421917495
106,1965,0.2459326407244039
106,1966,0.25133388888004216
106,1967,0.22575690441353377
106,1968,0.2310882931531862
106,1969,0.24451906251352887
106,1970,0.23182207761808885
106,1971,0.24587818252485852
106,1972,0.23757526139880336
106,1973,0.2392120700935985
106,1974,0.25235391529493556
106,1975,0.24731651814871056
106,1976,0.2267092539127483
106,1977,0.22798581456029138
106,1978,0.24553754509881484
106,1979,0.23714969047280246
106,1980,0.22718191250812175
106,1981,0.2388724417880524
106,1982,0.2257091506969097
106,1983,0.2346226909132891
106,1984,0.2534082566582879
106,1985,0.2542617709137673
106,1986,0.22776770037274027
106,1987,0.2363545471845671
106,1988,0.2473373257143553
106,1989,0.25052818240121355
106,1990,0.23944143569746681
106,1991,0.23772879533989486
106,1992,0.250308761069941
106,1993,0.22700093617272932
106,1994,0.21804174780845642
106,1995,0.23780700910923092
106,1996,0.23744943945906882
106,1997,0.230317372568818
106,1998,0.24728846480680067
106,1999,0.22827566293782967
106,2000,0.24672188835088596
106,2001,0.22851411825002627
106,2002,0.23623360416223838
106,2003,0.22996450579443642
106,2004,0.22173922456974207
106,2005,0.23708307812380236
106,2006,0.24134463141130846
106,2007,0.2274789841369141
106,2008,0.21534424257832904
106,2009,0.23368753180947416
106,2010,0.22758615155552708
106,2011,0.23386124816051748
106,2012,0.22381688827692076
106,2013,0.2153273765430894
106,2014,0.23939271028651748
106,2015,0.2327696840430415
106,2016,0.22980157511178836
106,2017,0.22998684020929558
106,2018,0.23103202567544096
106,2019,0.22429077673790065
106,2020,0.2580137204292209
106,2021,0.23807751092799875
106,2022,0.2553600086722263
106,2023,0.24518899099771366
106,2024,0.2514111690743025
106,2025,0.25386676954668624
106,2026,0.22674984225006992
106,2027,0.2290337910485822
106,2028,0.24029370587925578
106,2029,0.23109027050262274
106,2030,0.2230620761943418
106,2031,0.22277663197628286
106,2032,0.23656397780706717
106,2033,0.2316831935976827
106,2034,0.2317350700844166
106,2035,0.24655541292456692
106,2036,0.22888167306434276
106,2037,0.2502856462500816
106,2038,0.22410862286423527
106,2039,0.2595176100730896
106,2040,0.2406572238650433
106,2041,0.25195721069047616
106,2042,0.23707997972188993
106,2043,0.21879487016866372
106,2044,0.22632854137309763
106,2045,0.22601892262004142
106,2046,0.23098393165787987
106,2047,0.23893801348153934
106,2048,0.244423053292341
106,2049,0.24564100004905878
106,2050,0.2492146485073622
106,2051,0.24401962895726048
106,2052,0.2254540691542071
106,2053,0.2423536777496338
106,2054,0.22235161793786426
106,2055,0.24233844876289368
106,2056,0.23275180784768837
106,2057,0.22311634379763937
106,2058,0.2222542956817982
106,2059,0.23504518007123193
106,2060,0.2232906395612761
106,2061,0.24317614179711008
106,2062,0.23054796526598376
106,2063,0.22691020716068355
106,2064,0.2353925517825193
106,2065,0.23410470055979352
106,2066,0.23238517136074777
106,2067,0.2296087457690128
106,2068,0.22358216276002485
106,2069,0.2319386386594107
106,2070,0.22923064058603243
106,2071,0.22476681581763333
106,2072,0.22362103711727055
106,2073,0.24745435770167862
106,2074,0.24537340915480324
106,2075,0.23170022805069768
106,2076,0.22945396671461504
106,2077,0.24147555128086445
106,2078,0.23980194260907728
106,2079,0.22069560927014018
106,2080,0.23511629326398983
106,2081,0.2379212535397951
106,2082,0.22795383666836938
106,2083,0.2143286982941073
106,2084,0.24717217337253483
106,2085,0.22507381959016934
106,2086,0.22807164975377017
106,2087,0.2422873412453851
106,2088,0.2445102271645568
106,2089,0.23968214489692866
106,2090,0.24014121294021606
106,2091,0.23416715132635693
106,2092,0.23516060966391897
106,2093,0.23641337073126503
106,2094,0.23850544212862504
106,2095,0.23158968188041865
106,2096,0.224556325826534
106,2097,0.21550225137278092
106,2098,0.2267896928066431
106,2099,0.23904588541319205
106,2100,0.2505649106447087
107,1,1.8001393218373143
107,2,1.1187929940778156
107,3,0.9604522738345834
107,4,0.902291358903397
107,5,0.8534045843190925
107,6,0.8106510361959768
107,7,0.7670433798501658
107,8,0.7468067518500394
107,9,0.7197963151820871
107,10,0.7649718938871871
107,11,0.7128189469492713
107,12,0.6884561569191688
107,13,0.7228973798973616
107,14,0.6913651616074318
107,15,0.6599353288495263
107,16,0.6538097775259684
107,17,0.6455928087234497
107,18,0.6511540606964467
107,19,0.6376962592435438
107,20,0.6429586244183917
107,21,0.6193711494290551
107,22,0.630372095939725
107,23,0.607347055923107
107,24,0.6011952674666117
107,25,0.6400635436523793
107,26,0.5919580528902453
107,27,0.5936728507973427
107,28,0.5605892587539761
107,29,0.5928420022476552
107,30,0.6340270499850429
107,31,0.6084790132766547
107,32,0.5955368100210677
107,33,0.594171357709308
107,34,0.5791748956192372
107,35,0.5681496082350265
107,36,0.5590482770010482
107,37,0.5661404410073924
107,38,0.5619387300901635
107,39,0.5762978833775187
107,40,0.5445424858913865
107,41,0.5708114698875782
107,42,0.5597971192626066
107,43,0.5669789092485295
107,44,0.5226744579714399
107,45,0.5824192388113155
107,46,0.5722462493319844
107,47,0.538711779339369
107,48,0.5549086581828983
107,49,0.5318294874457425
107,50,0.5774173473202905
107,51,0.5400534410809361
107,52,0.5476316227469333
107,53,0.5441113287626311
107,54,0.5385878779167352
107,55,0.5308171067126962
107,56,0.5214204011961471
107,57,0.5322944452596265
107,58,0.5407034519106843
107,59,0.5342164011888726
107,60,0.4971688445224318
107,61,0.4922429496465727
107,62,0.5032883390437725
107,63,0.5166281052800112
107,64,0.5118646344473196
107,65,0.5142461768416471
107,66,0.49182776309723075
107,67,0.5165486529816029
107,68,0.534480678480725
107,69,0.5112801679345065
107,70,0.519120593403661
107,71,0.523789337901182
107,72,0.5019681994305101
107,73,0.4999478306881217
107,74,0.5094631674677826
107,75,0.49889700080073157
107,76,0.49924489024073576
107,77,0.4997388512589211
107,78,0.4898483018542445
107,79,0.5106814649215964
107,80,0.5132779451303704
107,81,0.4511426008024881
107,82,0.5175846128962761
107,83,0.5018372812936472
107,84,0.4748655072478361
107,85,0.474027473566144
107,86,0.5084518901137418
107,87,0.5022427772366723
107,88,0.5035323874894962
107,89,0.506253954976104
107,90,0.4751501443774201
107,91,0.4878862188305966
107,92,0.4827816437843234
107,93,0.4574445257353228
107,94,0.5037983863852745
107,95,0.4713357271150101
107,96,0.48987899963245835
107,97,0.5028602314549823
107,98,0.45051579142725745
107,99,0.4828047793965007
107,100,0.46275104824886765
107,101,0.45461581959280856
107,102,0.4664548164190248
107,103,0.4553086043790329
107,104,0.4491387051205302
107,105,0.44832952771075935
107,106,0.45515402804973515
107,107,0.450674363346987
107,108,0.45888797765554384
107,109,0.4474659194779951
107,110,0.44838796937188435
107,111,0.4500222372454266
107,112,0.4660831114580465
107,113,0.4563793637031733
107,114,0.4581294690453729
107,115,0.4556040299493213
107,116,0.4310344526934069
107,117,0.44707646480826446
107,118,0.45852411763612616
107,119,0.5032586843468422
107,120,0.46994620700215184
107,121,0.4211680743583413
107,122,0.44709083645842795
107,123,0.4608730431212935
107,124,0.4451854138873344
107,125,0.4550957215386768
107,126,0.45206853262213775
107,127,0.43070187194402826
107,128,0.4543206407580265
107,129,0.46358513624169106
107,130,0.4548817769039509
107,131,0.44188969842223236
107,132,0.46555701175401376
107,133,0.43813310944756795
107,134,0.46411802463753277
107,135,0.4647564583046492
107,136,0.4448530881903892
107,137,0.42292925854061925
107,138,0.41752107476079187
107,139,0.4316497348075689
107,140,0.4442766357299893
107,141,0.4335206740124281
107,142,0.45307805371838944
107,143,0.4489695443663486
107,144,0.43828134204066077
107,145,0.4507562712181446
107,146,0.4361862422421921
107,147,0.410096465848213
107,148,0.4357360268748084
107,149,0.4539648807326028
107,150,0.4446848201197247
107,151,0.4276569007441055
107,152,0.4413375514884328
107,153,0.4289225131966347
107,154,0.4339007111482842
107,155,0.4562628851380459
107,156,0.4284977621810381
107,157,0.44055380031119945
107,158,0.4291803975437963
107,159,0.4495166955992233
107,160,0.4438084987706916
107,161,0.44088022168292557
107,162,0.4143905528756075
107,163,0.4462854806766954
107,164,0.4265575194081595
107,165,0.41665542472240535
107,166,0.42589119769806083
107,167,0.4414026972859405
107,168,0.41558811761612113
107,169,0.4099770035854606
107,170,0.40373333942058476
107,171,0.438260322393373
107,172,0.4325412151425384
107,173,0.43244667316592017
107,174,0.41768626903378686
107,175,0.4267461306827013
107,176,0.4146522664746573
107,177,0.39026041779407233
107,178,0.4041204029737517
107,179,0.4123923681503118
107,180,0.4254634664502255
107,181,0.41193453794301943
107,182,0.42776368177214336
107,183,0.4193317793136419
107,184,0.40698539517646615
107,185,0.4138283902822539
107,186,0.40700237002483636
107,187,0.4207541443580805
107,188,0.4206604056580122
107,189,0.4115041127038557
107,190,0.4296008431634238
107,191,0.4187776474065559
107,192,0.4435614340527113
107,193,0.4120881633703099
107,194,0.41395479094150456
107,195,0.4260348116242608
107,196,0.40745672098425934
107,197,0.42394237254941186
107,198,0.40983896962431976
107,199,0.4163414614145146
107,200,0.4202331824358119
107,201,0.428347694319348
107,202,0.40693602312442867
107,203,0.4373103796049606
107,204,0.40789136221242506
107,205,0.43575906476309134
107,206,0.418408997530161
107,207,0.390689808961957
107,208,0.40130006019459213
107,209,0.41482651233673096
107,210,0.3845253780830738
107,211,0.41185796745987824
107,212,0.3894306476726088
107,213,0.3884743147118147
107,214,0.39637371135312455
107,215,0.4329483120940452
107,216,0.42851330305254737
107,217,0.4106611581735833
107,218,0.41195977150007734
107,219,0.40641009530355765
107,220,0.4098427323407905
107,221,0.4241802886474964
107,222,0.40934243728948194
107,223,0.3979432839293813
107,224,0.38890510381654253
107,225,0.4234881650569827
107,226,0.41202133062273955
107,227,0.39861484391744745
107,228,0.38071065517359004
107,229,0.41323694933292476
107,230,0.4037388840387034
107,231,0.4099018130191537
107,232,0.40755444141321406
107,233,0.4164586746415427
107,234,0.41511020757431205
107,235,0.3865782112576241
107,236,0.3935183265874552
107,237,0.39440952137459157
107,238,0.38536976728328437
107,239,0.3771206861318544
107,240,0.38592024320779844
107,241,0.37561582271442856
107,242,0.3878237064494643
107,243,0.3992099380770395
107,244,0.3640967254028764
107,245,0.3806806802749634
107,246,0.38453973240630573
107,247,0.3968542585539263
107,248,0.41047343750332677
107,249,0.38814273476600647
107,250,0.38317612021468406
107,251,0.39040728433187616
107,252,0.37969563312308735
107,253,0.38773988984351937
107,254,0.38096747703330464
107,255,0.3880909806074098
107,256,0.4080189279345579
107,257,0.3805101950501287
107,258,0.38568086956822595
107,259,0.3828057563582132
107,260,0.396189444979956
107,261,0.3782114934089572
107,262,0.4049719239390174
107,263,0.39835478122844253
107,264,0.4070052365924037
107,265,0.40819521768148553
107,266,0.3795145327268645
107,267,0.40154590093812276
107,268,0.37133812280588374
107,269,0.39700266095094905
107,270,0.40181115546891855
107,271,0.39306921737138617
107,272,0.37742389634598134
107,273,0.39274387373480685
107,274,0.37207524998243463
107,275,0.39397482816563095
107,276,0.37863285596980606
107,277,0.3579870199048242
107,278,0.40425259429355
107,279,0.3818202032599338
107,280,0.36520698735880297
107,281,0.3628463024316832
107,282,0.36096318239389463
107,283,0.39242455432581347
107,284,0.38940519025159437
107,285,0.37120292422383333
107,286,0.3858102047166159
107,287,0.38668646160946335
107,288,0.3702504004156867
107,289,0.3736822930879371
107,290,0.3917234948901243
107,291,0.37418450934942377
107,292,0.38628679721854453
107,293,0.3790365436742472
107,294,0.38677715908649357
107,295,0.41300371081330056
107,296,0.38525690242301586
107,297,0.387093712424123
107,298,0.36635524796885116
107,299,0.38112571419671526
107,300,0.3918721571911213
107,301,0.3770472012286962
107,302,0.3889087854429733
107,303,0.4027320063391397
107,304,0.371747296216876
107,305,0.3818570042765418
107,306,0.399420463761618
107,307,0.37446310561756757
107,308,0.372021451938984
107,309,0.4013416981974313
107,310,0.38395823850188143
107,311,0.38182830602623696
107,312,0.3745826288711193
107,313,0.3771114099857419
107,314,0.38952109079028285
107,315,0.39419674388197967
107,316,0.3931639936081199
107,317,0.38486525624297385
107,318,0.36342647671699524
107,319,0.3523203169190606
107,320,0.35554838873619254
107,321,0.34820884674094443
107,322,0.3639714170333951
107,323,0.3459057828714681
107,324,0.37670083794482917
107,325,0.35942084844722305
107,326,0.3557603643384091
107,327,0.3983841281990672
107,328,0.37180070821629013
107,329,0.3682315536709719
107,330,0.37437168248864106
107,331,0.38888039769128313
107,332,0.39007226117821625
107,333,0.3694168426269709
107,334,0.39808408950650415
107,335,0.39325020410293754
107,336,0.38408113219017204
107,337,0.3578105783739755
107,338,0.38034328887628954
107,339,0.37818784699883573
107,340,0.3581224804700807
107,341,0.36632260610890943
107,342,0.38865017336468366
107,343,0.3773981783279153
107,344,0.3759103306504183
107,345,0.3571497409842735
107,346,0.35418465386989506
107,347,0.3766644971315251
107,348,0.3656542522962703
107,349,0.3628595124843509
107,350,0.3608285410459651
107,351,0.3651912579702776
107,352,0.3656254362228305
107,353,0.3428682622521423
107,354,0.3637350562006928
107,355,0.3443128002244373
107,356,0.39333772312763127
107,357,0.3578477231569068
107,358,0.34945270141889884
107,359,0.38415376530137174
107,360,0.3623897897642712
107,361,0.3583229579204737
107,362,0.38790518045425415
107,363,0.35460961627405746
107,364,0.33014727193255755
107,365,0.3684725241605626
107,366,0.35671864207400833
107,367,0.3720335641572642
107,368,0.3284967105055964
107,369,0.3638425705044769
107,370,0.3489169734855031
107,371,0.33261614414148555
107,372,0.35959718670955926
107,373,0.3634387039861014
107,374,0.35877101781756376
107,375,0.37518573153850643
107,376,0.34058401543040606
107,377,0.36652494724406753
107,378,0.35137627429740376
107,379,0.3448453081208606
107,380,0.3931990806446519
107,381,0.37513336885807125
107,382,0.3454754893169847
107,383,0.3408076395822126
107,384,0.3607963829539543
107,385,0.34819383815277455
107,386,0.38201102545095045
107,387,0.351929854514987
107,388,0.33929491112398547
107,389,0.3490599019582881
107,390,0.3619308790495229
107,391,0.37377477108046064
107,392,0.34859154667965203
107,393,0.3288085183431936
107,394,0.35164590976959054
107,395,0.3798440535401189
107,396,0.33913115983785586
107,397,0.3407077941783639
107,398,0.34661281247471654
107,399,0.3540240401445433
107,400,0.33043549296467806
107,401,0.3326799994291261
107,402,0.3624875192032304
107,403,0.34901634413142535
107,404,0.36106173312941264
107,405,0.3464219986006271
107,406,0.3570909818937612
107,407,0.3477819166904272
107,408,0.35201232932334725
107,409,0.3552133274632831
107,410,0.3541484856328299
107,411,0.3375286522299744
107,412,0.35045956387076266
107,413,0.36239267019338384
107,414,0.38194308724514275
107,415,0.3287403486495794
107,416,0.3581015883490097
107,417,0.3337208697962206
107,418,0.355885352506194
107,419,0.3599644954814467
107,420,0.35261425029399784
107,421,0.35766270756721497
107,422,0.31561188919599664
107,423,0.3348963135896727
107,424,0.34898177482361015
107,425,0.35453968477803605
107,426,0.3363975820153259
107,427,0.34830022828523505
107,428,0.3458171181900557
107,429,0.34541158343470374
107,430,0.3554073717705039
107,431,0.3373889514180117
107,432,0.3531471497790758
107,433,0.35876167513603385
107,434,0.35068579953770307
107,435,0.3364508456962053
107,436,0.34460762628289154
107,437,0.3243830550548642
107,438,0.3370411347511203
107,439,0.34389745288116985
107,440,0.3222920589668806
107,441,0.37811528943305794
107,442,0.34844394340071566
107,443,0.36849284033442653
107,444,0.3784919637580251
107,445,0.34699696233106214
107,446,0.3497853805852491
107,447,0.3530099946399068
107,448,0.35459416342336075
107,449,0.3420734467894532
107,450,0.3367462768111118
107,451,0.3469051074149997
107,452,0.3480215086493381
107,453,0.35257898652276326
107,454,0.32965032652366993
107,455,0.34872852023257767
107,456,0.33883839152580086
107,457,0.33954251228376875
107,458,0.345399514187214
107,459,0.35445192040399065
107,460,0.3405593848505685
107,461,0.36782126579173774
107,462,0.33046775016673774
107,463,0.383611424024715
107,464,0.3504753660324008
107,465,0.35754957309989044
107,466,0.3521597288375677
107,467,0.3520984656588976
107,468,0.33306264322857526
107,469,0.3465863611809043
107,470,0.35121686791264733
107,471,0.3407489581163539
107,472,0.33942091672919517
107,473,0.35296034466388615
107,474,0.3128120053646176
107,475,0.3319257310656614
107,476,0.34686918452728627
107,477,0.3470967928337496
107,478,0.3234356232853823
107,479,0.31705593924189723
107,480,0.32495366210161253
107,481,0.3430940411811651
107,482,0.33139400218808374
107,483,0.32456400990486145
107,484,0.3463917471641718
107,485,0.3239362835884094
107,486,0.3429255118203718
107,487,0.3418621018875477
107,488,0.3299294072528218
107,489,0.3473182272079379
107,490,0.33650183192519256
107,491,0.31866282917732414
107,492,0.3791850015174511
107,493,0.3366398707378742
107,494,0.36663336878599123
107,495,0.35368264275927874
107,496,0.32970731480177057
107,497,0.3520906311134959
107,498,0.3427680772404338
107,499,0.351060468790143
107,500,0.36423670136651326
107,501,0.3564804653788722
107,502,0.3577483559763709
107,503,0.36346575201943865
107,504,0.3193991662457932
107,505,0.3480066677858663
107,506,0.34203092164771504
107,507,0.32284042447112327
107,508,0.3321510962275572
107,509,0.3455686908821727
107,510,0.3570968508720398
107,511,0.3354791929555494
107,512,0.3248903910781062
107,513,0.3445981782536174
107,514,0.33480191230773926
107,515,0.34730714698170506
107,516,0.3200775856195494
107,517,0.3392048284064892
107,518,0.3306891294412835
107,519,0.32706402415453
107,520,0.36057875877202944
107,521,0.33333453605341357
107,522,0.3500818180483441
107,523,0.31236920384473577
107,524,0.3033487387867861
107,525,0.34404948561690574
107,526,0.3335808480894843
107,527,0.3507656157016754
107,528,0.3345085694346317
107,529,0.3413488012413646
107,530,0.3230702066144278
107,531,0.3349874407746071
107,532,0.3477129555025766
107,533,0.3135360347670178
107,534,0.3511986753275228
107,535,0.3387464063112126
107,536,0.3250650264496027
107,537,0.3458883748498074
107,538,0.305778362723284
107,539,0.35004457969998204
107,540,0.3162564191707345
107,541,0.3435723192470018
107,542,0.3179265773573587
107,543,0.35363343358039856
107,544,0.3154330253601074
107,545,0.3391339252161425
107,546,0.3129772952822752
107,547,0.3174511450667714
107,548,0.3324088786923608
107,549,0.3389753983464352
107,550,0.3261186716168426
107,551,0.3340843271377475
107,552,0.3363720927127572
107,553,0.31111853552419083
107,554,0.34698140551877577
107,555,0.32678074129792145
107,556,0.3289189103037812
107,557,0.3292001783847809
107,558,0.31869515222172407
107,559,0.3331349235634471
107,560,0.3311006655526716
107,561,0.3404950617357742
107,562,0.3286503567252048
107,563,0.31616773231084955
107,564,0.32993263907210774
107,565,0.3393682581047679
107,566,0.32514102999554123
107,567,0.31404460377471394
107,568,0.3163962821627772
107,569,0.3266079439673313
107,570,0.3197993053946384
107,571,0.3143291508042535
107,572,0.3405388697635296
107,573,0.32591471145319384
107,574,0.3562159607576769
107,575,0.33435796097267506
107,576,0.33061421818511433
107,577,0.30565023699472116
107,578,0.3211443313332491
107,579,0.3407556733419729
107,580,0.31912551924239757
107,581,0.32333155357560445
107,582,0.33687990418700287
107,583,0.30119754166104074
107,584,0.3166787950105445
107,585,0.3239399652148402
107,586,0.31827878466872284
107,587,0.34750486737073855
107,588,0.3359203671300134
107,589,0.2965511859849442
107,590,0.32079969034638517
107,591,0.34009274771047193
107,592,0.31877577582070993
107,593,0.31801981842795085
107,594,0.3256991152153459
107,595,0.33022675264713375
107,596,0.3293381672958995
107,597,0.32861982667168904
107,598,0.32125290188678474
107,599,0.34211213990699413
107,600,0.3417915736520013
107,601,0.3085913713588271
107,602,0.3230415748995404
107,603,0.3210463156533796
107,604,0.31614576522694077
107,605,0.3242035937863727
107,606,0.321849302497021
107,607,0.32231549190920455
107,608,0.29349068084428476
107,609,0.3183015564153361
107,610,0.3191520571708679
107,611,0.31499983335650245
107,612,0.33527228790660235
107,613,0.3291392963986064
107,614,0.32575799698053404
107,615,0.3182935985021813
107,616,0.3054229118103205
107,617,0.3259885955688565
107,618,0.30375155737233717
107,619,0.3123161196708679
107,620,0.3119713303654693
107,621,0.30753555824590284
107,622,0.32943404483240707
107,623,0.3128494350023048
107,624,0.3099503011204476
107,625,0.29425282672394154
107,626,0.30136573383974474
107,627,0.30861732779547224
107,628,0.2971329786056696
107,629,0.31493357516998466
107,630,0.3011391689611036
107,631,0.33159703293512033
107,632,0.31322054738222166
107,633,0.29542302808096244
107,634,0.3119932925978372
107,635,0.32294284812239715
107,636,0.3092243612505669
107,637,0.32139276973036834
107,638,0.31534305769343707
107,639,0.31192488864410756
107,640,0.3185683218545692
107,641,0.3021824304447618
107,642,0.3097549649172051
107,643,0.31683764277502546
107,644,0.3240974684094274
107,645,0.32744410772656285
107,646,0.30994433788366094
107,647,0.3206592021986496
107,648,0.3283316104911094
107,649,0.31559143163437064
107,650,0.2996420333551806
107,651,0.30086418778397317
107,652,0.3136631035527518
107,653,0.3377580843692602
107,654,0.3297579163728758
107,655,0.36378455092740614
107,656,0.3145210514234942
107,657,0.3140012462471807
107,658,0.29823427699333016
107,659,0.3205636614976927
107,660,0.30578879007073334
107,661,0.3231247899144195
107,662,0.3227137008378672
107,663,0.30887595720069355
107,664,0.30416615411292675
107,665,0.31340230550876885
107,666,0.31571016339368596
107,667,0.30263044667798417
107,668,0.32924692852552545
107,669,0.3204276485498561
107,670,0.3195435314677482
107,671,0.32222588637540506
107,672,0.31074878365494485
107,673,0.3121352944263192
107,674,0.3112019342045451
107,675,0.2904223432374555
107,676,0.3158086469007093
107,677,0.32228108616762385
107,678,0.28840902517008227
107,679,0.29945125967957253
107,680,0.3100802870683892
107,681,0.32321799078653024
107,682,0.3100313655165739
107,683,0.2933809251286263
107,684,0.29103429234305095
107,685,0.32235872745513916
107,686,0.2778776288032532
107,687,0.2888301874316016
107,688,0.32061048163924105
107,689,0.3131155226119729
107,690,0.3272552192211151
107,691,0.31111505003862605
107,692,0.303363572026408
107,693,0.3143996194351551
107,694,0.3225375476271607
107,695,0.3206183425215788
107,696,0.3115491146265074
107,697,0.32862406761147256
107,698,0.2979071625443392
107,699,0.30133572844571843
107,700,0.32657336564951167
107,701,0.32608730917753176
107,702,0.3098600167174672
107,703,0.3070648839307386
107,704,0.30752006450364755
107,705,0.3066598010617633
107,706,0.3141549881114516
107,707,0.31143147307772967
107,708,0.3033083684222643
107,709,0.3024374371351198
107,710,0.31993850996327955
107,711,0.31994620658630546
107,712,0.3146670834962712
107,713,0.31835182877474055
107,714,0.3072985930498256
107,715,0.2985712958629741
107,716,0.3161994101003159
107,717,0.3374987542629242
107,718,0.32422924596209857
107,719,0.29727185812107354
107,720,0.30936596005461936
107,721,0.3083252407783686
107,722,0.32436980203140614
107,723,0.3032038897969002
107,724,0.30732822487520617
107,725,0.32137888046198115
107,726,0.30054586363393204
107,727,0.3258439815321634
107,728,0.3179664694985678
107,729,0.3083439732706824
107,730,0.2952499951041022
107,731,0.30662019585454187
107,732,0.32699060647986655
107,733,0.3199841830619546
107,734,0.32205883708111077
107,735,0.3027477520842885
107,736,0.2929916610551435
107,737,0.3053968673528627
107,738,0.329789763966272
107,739,0.3135961945666823
107,740,0.32334181527758754
107,741,0.2945646643638611
107,742,0.30568899941998856
107,743,0.30717425152312877
107,744,0.3199444614177526
107,745,0.28459002805310624
107,746,0.33334673005481097
107,747,0.3114902411782464
107,748,0.3148349343344223
107,749,0.2960706436356833
107,750,0.3091953001743139
107,751,0.3313799264819123
107,752,0.3106538050396498
107,753,0.31820675453474356
107,754,0.31779636338699696
107,755,0.2985403503096381
107,756,0.32055179601491884
107,757,0.28365482216657595
107,758,0.31601300835609436
107,759,0.30414823945178543
107,760,0.31109574852987776
107,761,0.3550812997097193
107,762,0.30934286879938705
107,763,0.31297984026199166
107,764,0.3074541154295899
107,765,0.3134733022645462
107,766,0.31284551218498585
107,767,0.32060679308203766
107,768,0.2942990425021149
107,769,0.3065646838310153
107,770,0.3152348212031431
107,771,0.29471712472826933
107,772,0.29614515498627064
107,773,0.30577169878538263
107,774,0.2946382175351298
107,775,0.305509370426799
107,776,0.3040045201778412
107,777,0.28348720836084945
107,778,0.32113046355025715
107,779,0.296736306229303
107,780,0.2840863715770633
107,781,0.29329626574072726
107,782,0.33288559178973354
107,783,0.27712867045125295
107,784,0.29605078419973685
107,785,0.28809213776921117
107,786,0.28331403053084087
107,787,0.2805286978566369
107,788,0.3036876410938973
107,789,0.3148659703343414
107,790,0.29892711029496305
107,791,0.3033237620148548
107,792,0.3098319554051688
107,793,0.2960083484649658
107,794,0.2955202189988868
107,795,0.30930294616277826
107,796,0.30560279308363447
107,797,0.288948422254518
107,798,0.31809900735699853
107,799,0.2902063221432442
107,800,0.3140592110711475
107,801,0.2963425371535989
107,802,0.31164085587789847
107,803,0.31008973856304967
107,804,0.2977167385262112
107,805,0.2937457377827445
107,806,0.29336896192195805
107,807,0.28722337858621466
107,808,0.280456985152045
107,809,0.28090988688690716
107,810,0.29631751637126125
107,811,0.2966304206570914
107,812,0.28703918567923614
107,813,0.3094641587068868
107,814,0.28697311323742536
107,815,0.2875567064728848
107,816,0.2893182164014772
107,817,0.2876505824022515
107,818,0.30412342174108636
107,819,0.3041282261526862
107,820,0.293930753718975
107,821,0.3129258238992026
107,822,0.2904741971991783
107,823,0.29508135277171466
107,824,0.2947986209115317
107,825,0.30852245383484417
107,826,0.30670785453430444
107,827,0.29440567036007725
107,828,0.294187547855599
107,829,0.3102720691714176
107,830,0.29205101901708647
107,831,0.2689524480076723
107,832,0.2984378469544788
107,833,0.2794167482575705
107,834,0.2826209394044654
107,835,0.2975474055423293
107,836,0.2779890520628108
107,837,0.28343396062074705
107,838,0.2801919149798016
107,839,0.3286032607389051
107,840,0.2942520234473916
107,841,0.2892257536566535
107,842,0.29311125916103986
107,843,0.3170784801937813
107,844,0.2837491305761559
107,845,0.2932589376388594
107,846,0.27850386292435403
107,847,0.29340588769247367
107,848,0.30960287465605624
107,849,0.30187404779500737
107,850,0.29915228139522465
107,851,0.2797574983086697
107,852,0.2956929445959801
107,853,0.2754234124061673
107,854,0.3023747323557388
107,855,0.2971551168796628
107,856,0.28575867275859035
107,857,0.2918605353943137
107,858,0.2850505106670912
107,859,0.2967579524184382
107,860,0.29256014144697856
107,861,0.2788216714249101
107,862,0.30501376265703245
107,863,0.30001658339833104
107,864,0.2810391295094823
107,865,0.3267821295316829
107,866,0.2852041665897813
107,867,0.29126276526340217
107,868,0.3118090151354324
107,869,0.2895927983661031
107,870,0.2885737211205239
107,871,0.2812162530283595
107,872,0.28008454344993416
107,873,0.3268702238105064
107,874,0.27501395136811013
107,875,0.2722355986750403
107,876,0.3047956106967704
107,877,0.27642072217409003
107,878,0.2769794526488282
107,879,0.29431517387545386
107,880,0.2978056627650594
107,881,0.28694421953933186
107,882,0.3059812707956447
107,883,0.2869673551515091
107,884,0.2935478229855382
107,885,0.2837523804154507
107,886,0.28185951813708904
107,887,0.27758085346499156
107,888,0.3030539127283318
107,889,0.29029285283975825
107,890,0.29497609651365947
107,891,0.3027497155721797
107,892,0.290311676818271
107,893,0.3091591118380081
107,894,0.3009935624377672
107,895,0.2902391289555749
107,896,0.2978950094345004
107,897,0.2888674940480742
107,898,0.2858637488165567
107,899,0.2836436456026033
107,900,0.3079057349715122
107,901,0.2870819845864939
107,902,0.30958195203958555
107,903,0.2842446697312732
107,904,0.3022186270979948
107,905,0.29446528124254806
107,906,0.2731010893056559
107,907,0.286049987687621
107,908,0.2827888976695926
107,909,0.2790352570456128
107,910,0.29405393642048505
107,911,0.27981499253317366
107,912,0.29933920779893564
107,913,0.2831473634686581
107,914,0.2776925151431283
107,915,0.2824526699476464
107,916,0.29115140091541203
107,917,0.2784307668375414
107,918,0.3069932495438775
107,919,0.2667675988618718
107,920,0.2971041458983754
107,921,0.27515488897645196
107,922,0.290079323358314
107,923,0.29138442873954773
107,924,0.28295762247817463
107,925,0.2992934806402339
107,926,0.29152868896029716
107,927,0.28964630427748655
107,928,0.27189806173014086
107,929,0.2898324024538661
107,930,0.2908686420252157
107,931,0.3023802991523299
107,932,0.28482192338899126
107,933,0.2864292742207993
107,934,0.2885020728721175
107,935,0.2893574820008389
107,936,0.29222943963006487
107,937,0.2754466592572456
107,938,0.27511379053426344
107,939,0.2729705786982248
107,940,0.2722451125466546
107,941,0.2686930368112963
107,942,0.2865654417248659
107,943,0.2860771202763846
107,944,0.2854811320471209
107,945,0.280102014541626
107,946,0.30198852405991666
107,947,0.29597062496251836
107,948,0.2905408691528232
107,949,0.30323017960370974
107,950,0.2918777147004771
107,951,0.27897455941799076
107,952,0.28172430396080017
107,953,0.30445401405179223
107,954,0.2870052339032639
107,955,0.2910298798666444
107,956,0.2740830280059992
107,957,0.285610132439192
107,958,0.29261140975841254
107,959,0.3012868075869804
107,960,0.30284954850063767
107,961,0.2842121048029079
107,962,0.2726407515448193
107,963,0.2929832741271618
107,964,0.27959203858708226
107,965,0.27034664361975913
107,966,0.2811873028444689
107,967,0.29237715241520906
107,968,0.2831287702848745
107,969,0.2916551738284355
107,970,0.28555533289909363
107,971,0.2930630757365116
107,972,0.2803154102591581
107,973,0.2898658177880354
107,974,0.3192307893619981
107,975,0.26759452944578127
107,976,0.28225769414458163
107,977,0.27264112719269684
107,978,0.2842560736245887
107,979,0.27947879253431807
107,980,0.2881192433279614
107,981,0.2744739547718403
107,982,0.2896505753661311
107,983,0.28248070977454964
107,984,0.2946223252734473
107,985,0.2645474443602007
107,986,0.2598011178332706
107,987,0.27625362886938937
107,988,0.29745381446771846
107,989,0.2727456834427146
107,990,0.3014107443565546
107,991,0.2907074364118798
107,992,0.28071955470151677
107,993,0.2592590721540673
107,994,0.2756111192148785
107,995,0.28350595159586084
107,996,0.28763886315878046
107,997,0.26151441834693734
107,998,0.2884574761224348
107,999,0.26512525178665336
107,1000,0.30254145174525504
107,1001,0.28162526737811955
107,1002,0.2773787566395693
107,1003,0.2956111569737279
107,1004,0.2781190830607747
107,1005,0.27976820461971813
107,1006,0.2920077103515004
107,1007,0.30242116576017336
107,1008,0.28390591504961943
107,1009,0.2666828743247099
107,1010,0.27183634458586226
107,1011,0.27291612846906793
107,1012,0.30550316322681514
107,1013,0.2683033360991367
107,1014,0.2568314494781716
107,1015,0.28322833776474
107,1016,0.2974876089151515
107,1017,0.28050708909367406
107,1018,0.28195464922938235
107,1019,0.2883634608845378
107,1020,0.28362517994503644
107,1021,0.28249619519987773
107,1022,0.28329716484213985
107,1023,0.27999702789062675
107,1024,0.2734685498614644
107,1025,0.29532515309577767
107,1026,0.29728586036105487
107,1027,0.2868174217468084
107,1028,0.2621054278556691
107,1029,0.30098691859910653
107,1030,0.2752908523692641
107,1031,0.2955292567264202
107,1032,0.29407759080099505
107,1033,0.2728706528974134
107,1034,0.2933705920396849
107,1035,0.26634560698686643
107,1036,0.28888056444567306
107,1037,0.2782965205436529
107,1038,0.28441375147464665
107,1039,0.26276772937109305
107,1040,0.27485501766204834
107,1041,0.2794822842575783
107,1042,0.2991352809029956
107,1043,0.31790450492570566
107,1044,0.27312388253766434
107,1045,0.28309865538464035
107,1046,0.27135518747706744
107,1047,0.28212074900782386
107,1048,0.29082378675771314
107,1049,0.29126222951467645
107,1050,0.28009295602177464
107,1051,0.2852537500303845
107,1052,0.28525540232658386
107,1053,0.2807131371525831
107,1054,0.28467236216678177
107,1055,0.2818787912296694
107,1056,0.2826576045779295
107,1057,0.2745953680470932
107,1058,0.29555351512376654
107,1059,0.28558412402175193
107,1060,0.2840700437163198
107,1061,0.2879165972388068
107,1062,0.2732313608014306
107,1063,0.28660813909630445
107,1064,0.28470729395400646
107,1065,0.2535229436186857
107,1066,0.27552754102751265
107,1067,0.29604684890702715
107,1068,0.266740245874538
107,1069,0.28097204032332396
107,1070,0.2839729286903559
107,1071,0.27516384318817494
107,1072,0.2821539529534273
107,1073,0.2686112037924833
107,1074,0.26083000939945844
107,1075,0.27141488360804183
107,1076,0.26909728313601294
107,1077,0.25677822426308033
107,1078,0.2688576450874639
107,1079,0.29401371437449786
107,1080,0.28162293170773706
107,1081,0.27975415213163507
107,1082,0.24903925837472426
107,1083,0.29201632530190225
107,1084,0.27469137380289477
107,1085,0.2638696265775104
107,1086,0.2912179508874583
107,1087,0.2769096084805422
107,1088,0.2921631911466288
107,1089,0.2737167879592541
107,1090,0.2990192774423333
107,1091,0.26433920097905533
107,1092,0.27820703144683395
107,1093,0.27515497422495555
107,1094,0.26920288662577785
107,1095,0.2639441455519477
107,1096,0.26595734579618585
107,1097,0.26434359786122347
107,1098,0.2894424879273703
107,1099,0.26281470961348957
107,1100,0.2596651187469793
107,1101,0.2917214015195536
107,1102,0.3011426710805228
107,1103,0.27723596400992817
107,1104,0.2720139061295709
107,1105,0.2623118986917097
107,1106,0.25945372636928116
107,1107,0.28218492726946987
107,1108,0.2990193789781526
107,1109,0.2898535302212072
107,1110,0.2954840521479762
107,1111,0.2766862331434738
107,1112,0.28926220328308816
107,1113,0.2792006162709968
107,1114,0.276848504709643
107,1115,0.2808044462702995
107,1116,0.2668106642573379
107,1117,0.2705503858106081
107,1118,0.2857138646203418
107,1119,0.2750356017157089
107,1120,0.2865079662134481
107,1121,0.26459208962529207
107,1122,0.2553066933570906
107,1123,0.2583688968835875
107,1124,0.2739111247450806
107,1125,0.2623540169970934
107,1126,0.26825246492097543
107,1127,0.2625431127326433
107,1128,0.2592860183050466
107,1129,0.27081514479115953
107,1130,0.2694082398747289
107,1131,0.2772237828304601
107,1132,0.2615053674509359
107,1133,0.29367133905721265
107,1134,0.2959853313690008
107,1135,0.268618649868078
107,1136,0.2876455367997635
107,1137,0.26368793360022613
107,1138,0.287675995466321
107,1139,0.28941060914549716
107,1140,0.25481055018513704
107,1141,0.24832987230877543
107,1142,0.2624818519797436
107,1143,0.26202041118644004
107,1144,0.27502780043801595
107,1145,0.27661809255910474
107,1146,0.26940694589947545
107,1147,0.28865720435630443
107,1148,0.26411879131960314
107,1149,0.28154502670432247
107,1150,0.28443007552346516
107,1151,0.27373055316681083
107,1152,0.3028175893218018
107,1153,0.2700708816910899
107,1154,0.2779518095559852
107,1155,0.24853583338648774
107,1156,0.27196286306824796
107,1157,0.2521950183219688
107,1158,0.26640844345092773
107,1159,0.27600869259168936
107,1160,0.26250960833804554
107,1161,0.29477361953535747
107,1162,0.26433238213838534
107,1163,0.26230992619381394
107,1164,0.2519204907639082
107,1165,0.27274955705154774
107,1166,0.2784125784108805
107,1167,0.30559339426284615
107,1168,0.2781901030346405
107,1169,0.2802202694637831
107,1170,0.2920837915220926
107,1171,0.26992927907511244
107,1172,0.2806459471236828
107,1173,0.2908115910236226
107,1174,0.28404909718868343
107,1175,0.27532469949056937
107,1176,0.28101716415826666
107,1177,0.2800134496633397
107,1178,0.2690527796052223
107,1179,0.26232287564943
107,1180,0.2927706699038661
107,1181,0.26483277733935867
107,1182,0.2722995135673257
107,1183,0.2807769269444222
107,1184,0.28296320590862006
107,1185,0.2624591692935589
107,1186,0.29695918116458625
107,1187,0.2662663217200789
107,1188,0.2866904901903729
107,1189,0.2701245456240898
107,1190,0.2944695131723271
107,1191,0.2585685835328213
107,1192,0.2625520541224369
107,1193,0.2680274754069572
107,1194,0.27904185514117397
107,1195,0.28572195144586787
107,1196,0.2582742322322934
107,1197,0.2517342259024465
107,1198,0.27149804733520333
107,1199,0.27021057938420495
107,1200,0.2658939825934033
107,1201,0.2711633353732353
107,1202,0.2596627200065657
107,1203,0.2579748942408451
107,1204,0.27824256586474044
107,1205,0.2746192320834759
107,1206,0.27659680122552915
107,1207,0.2855809864609741
107,1208,0.2556942735993585
107,1209,0.25812980844530947
107,1210,0.2935701140830683
107,1211,0.264601013688154
107,1212,0.27211734999057857
107,1213,0.27381243400795513
107,1214,0.2707118752390839
107,1215,0.28326287796331007
107,1216,0.26857205809548845
107,1217,0.27087208351423575
107,1218,0.26313888056333673
107,1219,0.26224494534869525
107,1220,0.2674232645090236
107,1221,0.2588464340498281
107,1222,0.2556670647720958
107,1223,0.25687799689381624
107,1224,0.2691363110098728
107,1225,0.27329587555208873
107,1226,0.2815119021160658
107,1227,0.2795299617357032
107,1228,0.25902547323426534
107,1229,0.2624165159325267
107,1230,0.26658213173234185
107,1231,0.27083438149718353
107,1232,0.2623250761697459
107,1233,0.2863763692074044
107,1234,0.270182307376418
107,1235,0.2846575954625773
107,1236,0.2569401104782903
107,1237,0.2875484179618747
107,1238,0.2811719012814899
107,1239,0.26708243198172993
107,1240,0.28838301259417864
107,1241,0.2748129582682321
107,1242,0.2703102071617925
107,1243,0.2608963937260384
107,1244,0.2697819977305656
107,1245,0.2546779035135757
107,1246,0.26020077945188036
107,1247,0.25678113588066986
107,1248,0.27455741860145744
107,1249,0.3061333291752394
107,1250,0.27162484651388125
107,1251,0.2865397389544997
107,1252,0.27646283424177837
107,1253,0.24288201713284782
107,1254,0.26156540977400405
107,1255,0.2589598124803499
107,1256,0.2731525021236996
107,1257,0.27610875631487647
107,1258,0.25266942139281784
107,1259,0.26594291211560717
107,1260,0.2751979834811632
107,1261,0.26508692738621736
107,1262,0.2715013117291207
107,1263,0.27798531776250796
107,1264,0.24936623628749405
107,1265,0.2636309331932733
107,1266,0.2684541063946347
107,1267,0.26833207939946374
107,1268,0.2714347541332245
107,1269,0.2561390094978865
107,1270,0.28249561370805254
107,1271,0.2735936042181281
107,1272,0.2758638602356578
107,1273,0.2758025319077248
107,1274,0.2593052581299183
107,1275,0.27766939443211225
107,1276,0.29957926827807757
107,1277,0.2698863190273906
107,1278,0.26677435844443564
107,1279,0.26350250528302305
107,1280,0.2596250987330148
107,1281,0.2670078374618708
107,1282,0.284052872380545
107,1283,0.2914380722267683
107,1284,0.28162669581036237
107,1285,0.2775161328703858
107,1286,0.2760719954967499
107,1287,0.2811319502287133
107,1288,0.2841157573600148
107,1289,0.3018285729164301
107,1290,0.28076460195142167
107,1291,0.2683699789435364
107,1292,0.26167853696401727
107,1293,0.28152832250262416
107,1294,0.25557809686938
107,1295,0.26312859044518583
107,1296,0.2672833800315857
107,1297,0.259279293376346
107,1298,0.25921916060669475
107,1299,0.2727891400802967
107,1300,0.2582368968531143
107,1301,0.2781683026358139
107,1302,0.27013792132222375
107,1303,0.2671752142351727
107,1304,0.25010696885197664
107,1305,0.28381253952203794
107,1306,0.26674797576527265
107,1307,0.26655625499958213
107,1308,0.2639102409052294
107,1309,0.2564315033513446
107,1310,0.2590540086114129
107,1311,0.2835969640765079
107,1312,0.2676035741040873
107,1313,0.2497626778691314
107,1314,0.2653169209180876
107,1315,0.25984532368737595
107,1316,0.2567614725855894
107,1317,0.2519523265749909
107,1318,0.2594879158707552
107,1319,0.23659148153870604
107,1320,0.25444816052913666
107,1321,0.2503611157799876
107,1322,0.26230290774689163
107,1323,0.25127031775408015
107,1324,0.280293732881546
107,1325,0.27675188835277115
107,1326,0.25828596325807796
107,1327,0.26332699143609334
107,1328,0.25448874540107197
107,1329,0.2576434785543486
107,1330,0.2756820092367571
107,1331,0.27358087827992994
107,1332,0.27426848300667694
107,1333,0.24897083050982896
107,1334,0.25941010616546456
107,1335,0.2770341963962067
107,1336,0.26014453034068263
107,1337,0.24991626032563144
107,1338,0.26008264200631964
107,1339,0.26083027311535767
107,1340,0.24909043312072754
107,1341,0.25063698374947835
107,1342,0.25644668035728985
107,1343,0.2639033260733582
107,1344,0.2843065351940865
107,1345,0.2750976688640062
107,1346,0.2621786209732987
107,1347,0.2678421323382577
107,1348,0.25517726810865626
107,1349,0.28046330982862516
107,1350,0.26663511991500854
107,1351,0.2711416829464047
107,1352,0.26901249899420626
107,1353,0.24441576073336047
107,1354,0.26909872404364654
107,1355,0.2364536281241927
107,1356,0.2665380890979323
107,1357,0.266677624957506
107,1358,0.25534992578417753
107,1359,0.2693214458088542
107,1360,0.2664055165856384
107,1361,0.2707947038633879
107,1362,0.25021707630434703
107,1363,0.25070813332879266
107,1364,0.25688956677913666
107,1365,0.27442688373632207
107,1366,0.27359112750652226
107,1367,0.26265945545462677
107,1368,0.2695757788281108
107,1369,0.2811345846153969
107,1370,0.24558372241120005
107,1371,0.25394670630610267
107,1372,0.26068808034408925
107,1373,0.2548706081024436
107,1374,0.262467986622522
107,1375,0.26152390934700187
107,1376,0.2674695780110914
107,1377,0.2771536791047385
107,1378,0.27512670949447987
107,1379,0.26608427388723505
107,1380,0.28185038511143173
107,1381,0.2604868973410407
107,1382,0.2643537396608397
107,1383,0.2679299985946611
107,1384,0.25786877718082696
107,1385,0.26941051628700524
107,1386,0.24848417591216954
107,1387,0.2626027184170346
107,1388,0.2641488861205966
107,1389,0.2762199605620185
107,1390,0.24720669693725053
107,1391,0.24560563786085263
107,1392,0.2583499564680942
107,1393,0.26100458516631014
107,1394,0.2677851475255434
107,1395,0.26807368078897165
107,1396,0.26282442724981975
107,1397,0.2697163792543633
107,1398,0.2834140914817189
107,1399,0.2756286409012107
107,1400,0.257330126887144
107,1401,0.2597881555557251
107,1402,0.2731927106546801
107,1403,0.27246185929276223
107,1404,0.26531830222107644
107,1405,0.2625663904256599
107,1406,0.2579442629980486
107,1407,0.25242768539938815
107,1408,0.2552279185417087
107,1409,0.2563671590976937
107,1410,0.2670754083367281
107,1411,0.27864496513854625
107,1412,0.2595506677793902
107,1413,0.2700808775979419
107,1414,0.2636142511700475
107,1415,0.269879808952642
107,1416,0.2819634176963984
107,1417,0.26737282511799837
107,1418,0.25378543658311975
107,1419,0.2569216912569002
107,1420,0.25460900470267894
107,1421,0.2528373640637065
107,1422,0.24623448765555092
107,1423,0.2341315018576245
107,1424,0.257683587282203
107,1425,0.27379981757596483
107,1426,0.2535536046638045
107,1427,0.24477603892947353
107,1428,0.24211408232533654
107,1429,0.24629414428112117
107,1430,0.23832931594793186
107,1431,0.2507183780503828
107,1432,0.2680062131826268
107,1433,0.2352473999178687
107,1434,0.27551900716715083
107,1435,0.24632945587468702
107,1436,0.26179101924563564
107,1437,0.26590565713339076
107,1438,0.2578973690437716
107,1439,0.25555185384528584
107,1440,0.25033897300099217
107,1441,0.24287184449129326
107,1442,0.25942737869052
107,1443,0.25316870940286057
107,1444,0.248724699713463
107,1445,0.22814717057139375
107,1446,0.2532819824856381
107,1447,0.26242041657137316
107,1448,0.27958234590153364
107,1449,0.26785909644393036
107,1450,0.264941580073778
107,1451,0.24585277015386625
107,1452,0.25500850102236106
107,1453,0.26364281808221063
107,1454,0.2408674345460049
107,1455,0.2626466487729272
107,1456,0.25371040299881337
107,1457,0.23230969697930093
107,1458,0.252853779598724
107,1459,0.2493961387595465
107,1460,0.25889542560244716
107,1461,0.27550810852716134
107,1462,0.27009445082309635
107,1463,0.2516724155392758
107,1464,0.2547948048558346
107,1465,0.2717707940312319
107,1466,0.2675817345463952
107,1467,0.2476048597762751
107,1468,0.26189410097377247
107,1469,0.2743324225032052
107,1470,0.26025065225224164
107,1471,0.25733208101849225
107,1472,0.2590899495191352
107,1473,0.2550628958053367
107,1474,0.2858964041915051
107,1475,0.261231696189836
107,1476,0.26463838164196457
107,1477,0.255953706974207
107,1478,0.26587510940640474
107,1479,0.25426421886266665
107,1480,0.23827383545942085
107,1481,0.2417765571627506
107,1482,0.25132793118787367
107,1483,0.2453722773596298
107,1484,0.25830414960550707
107,1485,0.2606479144373605
107,1486,0.23127064178156298
107,1487,0.26227935767451
107,1488,0.2517998069524765
107,1489,0.24389137223709462
107,1490,0.2853427272896434
107,1491,0.2508732371552046
107,1492,0.26742193899875466
107,1493,0.2497771479362665
107,1494,0.26006186805492226
107,1495,0.26071029069811796
107,1496,0.24601103746613792
107,1497,0.2423818714396898
107,1498,0.2640883610692135
107,1499,0.2315808957399324
107,1500,0.275742230027221
107,1501,0.27162510433862375
107,1502,0.2359589622464291
107,1503,0.2625744994296584
107,1504,0.24943121124145595
107,1505,0.23890509265799856
107,1506,0.24736255823179734
107,1507,0.266669929374096
107,1508,0.25164870536604594
107,1509,0.2503208483374396
107,1510,0.26928089316501175
107,1511,0.25394858108010404
107,1512,0.25303533950517343
107,1513,0.2573767644028331
107,1514,0.26582661825557086
107,1515,0.242615423923315
107,1516,0.2480581887932711
107,1517,0.24120960887088333
107,1518,0.2524348816206289
107,1519,0.26401278030040654
107,1520,0.24752937569174654
107,1521,0.2453687783590583
107,1522,0.257823167152183
107,1523,0.2505509146424227
107,1524,0.256436521230742
107,1525,0.24626865047355032
107,1526,0.25252611519292345
107,1527,0.24487787346507228
107,1528,0.27040004245070526
107,1529,0.24838223741498106
107,1530,0.24011896308078323
107,1531,0.24969199507735496
107,1532,0.25106508925903676
107,1533,0.24724507574425186
107,1534,0.2523416072823281
107,1535,0.2513932661954747
107,1536,0.24864030577415644
107,1537,0.26152208932610443
107,1538,0.24544487928235253
107,1539,0.2589193901350332
107,1540,0.24368236577788063
107,1541,0.2452078153227651
107,1542,0.24155861173951348
107,1543,0.2802983453107435
107,1544,0.24714187757913456
107,1545,0.23967085362866866
107,1546,0.24871811929137208
107,1547,0.2392831825932791
107,1548,0.225710304324017
107,1549,0.2457062165404475
107,1550,0.24653220592543137
107,1551,0.24304219803144766
107,1552,0.240597577635632
107,1553,0.268574619015982
107,1554,0.2934707950714023
107,1555,0.2735459922358047
107,1556,0.2724612933951755
107,1557,0.25138323424860487
107,1558,0.26360534096873084
107,1559,0.2598971211633017
107,1560,0.27659482734147894
107,1561,0.26811152315417003
107,1562,0.2721862224645393
107,1563,0.25374074072338815
107,1564,0.26083702056906943
107,1565,0.2588361425455226
107,1566,0.24121683835983276
107,1567,0.250898061103599
107,1568,0.2536492413559625
107,1569,0.24873182732005453
107,1570,0.2684157795684282
107,1571,0.26765702907429184
107,1572,0.26285001531589863
107,1573,0.2562354269415833
107,1574,0.2623250789420549
107,1575,0.24314054638840432
107,1576,0.2580911427043205
107,1577,0.25427343575067296
107,1578,0.24858482563218406
107,1579,0.24669222984203074
107,1580,0.25328652872595675
107,1581,0.24286986436954763
107,1582,0.25891002042348993
107,1583,0.2602428145879923
107,1584,0.26562822766082234
107,1585,0.27357022845467854
107,1586,0.24460032894167788
107,1587,0.2616411340098048
107,1588,0.25568887868592904
107,1589,0.2274272947810417
107,1590,0.2478026553641918
107,1591,0.2669191492158313
107,1592,0.24437876218973204
107,1593,0.25414417788039806
107,1594,0.25404939575250757
107,1595,0.24269000492816747
107,1596,0.24991210740666056
107,1597,0.2442476524170055
107,1598,0.2458988857823749
107,1599,0.25605089997136316
107,1600,0.25539424668910893
107,1601,0.2664527893066406
107,1602,0.2324703751608383
107,1603,0.25943185527657353
107,1604,0.23802004373350807
107,1605,0.2577778066313544
107,1606,0.23943626464799392
107,1607,0.24313225475854652
107,1608,0.25946975793949395
107,1609,0.2556508779525757
107,1610,0.24868867806223935
107,1611,0.2573687905489012
107,1612,0.24315689885339073
107,1613,0.2265360674192739
107,1614,0.25843148280021755
107,1615,0.25796058635378993
107,1616,0.23505108301029648
107,1617,0.2392361060131428
107,1618,0.2524070815984593
107,1619,0.22504370434339657
107,1620,0.24449047030404555
107,1621,0.2467254816099655
107,1622,0.2380593994329142
107,1623,0.24369700253009796
107,1624,0.24899161208507625
107,1625,0.2559536629638007
107,1626,0.2579960084931795
107,1627,0.2492037581842999
107,1628,0.2482780682486157
107,1629,0.24481538076733433
107,1630,0.2339638315661009
107,1631,0.24870592632959054
107,1632,0.2517204312391059
107,1633,0.2648343298324319
107,1634,0.2561822776184526
107,1635,0.24400600998900657
107,1636,0.25978149785551913
107,1637,0.2483175667219384
107,1638,0.2704802893621977
107,1639,0.24394220564254496
107,1640,0.2625494703303936
107,1641,0.2346972840469937
107,1642,0.24672654548356698
107,1643,0.26155309898908746
107,1644,0.24701674421166264
107,1645,0.24225001522274905
107,1646,0.23663949377314988
107,1647,0.25409485884877137
107,1648,0.2370746981265933
107,1649,0.24894852000613546
107,1650,0.2577089639597161
107,1651,0.23230006597762884
107,1652,0.25677106581455056
107,1653,0.24558900123418764
107,1654,0.2497073484714641
107,1655,0.23403182729732158
107,1656,0.25098023719565815
107,1657,0.24796994688899018
107,1658,0.26998532303543976
107,1659,0.23235235900379891
107,1660,0.25353939242141194
107,1661,0.23680056839488273
107,1662,0.25069940783256706
107,1663,0.24000194045000298
107,1664,0.23868264950985132
107,1665,0.23429431471713755
107,1666,0.2557394019393034
107,1667,0.24381399709124899
107,1668,0.25540929304998977
107,1669,0.24493902159291644
107,1670,0.22452442209387935
107,1671,0.2390966751547747
107,1672,0.23220487666684528
107,1673,0.23936793416045432
107,1674,0.23486744283243668
107,1675,0.24622116601744362
107,1676,0.24036154809386232
107,1677,0.23186393740565278
107,1678,0.2540507794812668
107,1679,0.2499644021655238
107,1680,0.2314775759397551
107,1681,0.2487236178198526
107,1682,0.2378477232400761
107,1683,0.2381147686825242
107,1684,0.2533352059680362
107,1685,0.25489416891752287
107,1686,0.23953159569307816
107,1687,0.24271299949912137
107,1688,0.24226102094317592
107,1689,0.24484175859495652
107,1690,0.2504658650520236
107,1691,0.2505145156106284
107,1692,0.24548138712727746
107,1693,0.2336816985246747
107,1694,0.25933852375939836
107,1695,0.2502828205740729
107,1696,0.241327089279197
107,1697,0.25222410400246464
107,1698,0.23036707279294036
107,1699,0.23417458561963814
107,1700,0.2481077389661656
107,1701,0.26685013396795404
107,1702,0.2612003888501677
107,1703,0.23211977856103763
107,1704,0.2406580385773681
107,1705,0.24073429890843326
107,1706,0.24980325165183045
107,1707,0.2453444679809171
107,1708,0.239332664498063
107,1709,0.23607725944629934
107,1710,0.25325547539910603
107,1711,0.2418943726739218
107,1712,0.23624058310375656
107,1713,0.2315849495488544
107,1714,0.22924041193585062
107,1715,0.25546435734560324
107,1716,0.22919262287228606
107,1717,0.2339328423488972
107,1718,0.26002189447713453
107,1719,0.25647249263386396
107,1720,0.24973893754704055
107,1721,0.2297001775614051
107,1722,0.23847313121307728
107,1723,0.25259078519288886
107,1724,0.2333860598331274
107,1725,0.2451665346012559
107,1726,0.2444475840690524
107,1727,0.24924450315708338
107,1728,0.23792482046193855
107,1729,0.2540563930605733
107,1730,0.23122089685395705
107,1731,0.2402390297069106
107,1732,0.244866854922716
107,1733,0.23582399861757145
107,1734,0.25197454247363776
107,1735,0.2443763703800911
107,1736,0.2509210321099259
107,1737,0.23631723952847858
107,1738,0.26425969669985216
107,1739,0.240426144281099
107,1740,0.22711905455866524
107,1741,0.2423042495583379
107,1742,0.24749150109845539
107,1743,0.2481677511403727
107,1744,0.22169856345930763
107,1745,0.24157022078369939
107,1746,0.2291530356850735
107,1747,0.24534032996310745
107,1748,0.2508089597835097
107,1749,0.26444997967675676
107,1750,0.23231384435365365
107,1751,0.24950892807439315
107,1752,0.2505430347004602
107,1753,0.24966641186281693
107,1754,0.24460834126139797
107,1755,0.24634260770886443
107,1756,0.23928383651167848
107,1757,0.23852059453032737
107,1758,0.24200756709242977
107,1759,0.2363095456777617
107,1760,0.23593127311662185
107,1761,0.2625908054584681
107,1762,0.2342046741829362
107,1763,0.24101833999156952
107,1764,0.23217832071836605
107,1765,0.24242089931354965
107,1766,0.23932143283444782
107,1767,0.24406844308209974
107,1768,0.27236813029577567
107,1769,0.23641189413015232
107,1770,0.2598147586334583
107,1771,0.24526785868544912
107,1772,0.23751855277737907
107,1773,0.235874900637671
107,1774,0.2323284973931867
107,1775,0.2587451931349067
107,1776,0.222412197049274
107,1777,0.2272202497304872
107,1778,0.24459733172904613
107,1779,0.2560735570136891
107,1780,0.2368273138999939
107,1781,0.23537866944490476
107,1782,0.23364960384923358
107,1783,0.23075889847999395
107,1784,0.24351381215938303
107,1785,0.23064512915389482
107,1786,0.23978020077527956
107,1787,0.2661021892414537
107,1788,0.2407800555229187
107,1789,0.2338416340739228
107,1790,0.23755984840004943
107,1791,0.2588459066180296
107,1792,0.26771181544592215
107,1793,0.2629584462143654
107,1794,0.23443022439646166
107,1795,0.25349431536918465
107,1796,0.2487736212652783
107,1797,0.2320336006408514
107,1798,0.24178746689197628
107,1799,0.26723330346650853
107,1800,0.24278327788031379
107,1801,0.24344900215781012
107,1802,0.2338587690231412
107,1803,0.2400246903646824
107,1804,0.24978879648585653
107,1805,0.23872620560402094
107,1806,0.2659857103297877
107,1807,0.2455693407114162
107,1808,0.2551531209502109
107,1809,0.2549627274274826
107,1810,0.2671018984428672
107,1811,0.26088094780611437
107,1812,0.22120951289354368
107,1813,0.231967733349911
107,1814,0.2323303874148879
107,1815,0.2667877220137175
107,1816,0.2479158823573312
107,1817,0.24066205911858138
107,1818,0.24440901085387828
107,1819,0.23486997845561006
107,1820,0.23753509687822918
107,1821,0.2352014461229014
107,1822,0.24758918063585147
107,1823,0.2389864907708279
107,1824,0.23177106124024058
107,1825,0.224473501014155
107,1826,0.22939688591069954
107,1827,0.22755538031112316
107,1828,0.25322293507498367
107,1829,0.2805960233821425
107,1830,0.2509822336047195
107,1831,0.25717825251956317
107,1832,0.2532675955877748
107,1833,0.24773366264132565
107,1834,0.28351112299187237
107,1835,0.24479716635027596
107,1836,0.2514284516489783
107,1837,0.24156319852485214
107,1838,0.21918270026528558
107,1839,0.23412670229756555
107,1840,0.23261067583117373
107,1841,0.2429568871509197
107,1842,0.2424854466388392
107,1843,0.25296872923540514
107,1844,0.2543788340895675
107,1845,0.24032449167828226
107,1846,0.23645922957464707
107,1847,0.2268246426138767
107,1848,0.22669310833132544
107,1849,0.2522557336230611
107,1850,0.2536841845789621
107,1851,0.24651905824971754
107,1852,0.2692637093538462
107,1853,0.23230895954509115
107,1854,0.22239102596460386
107,1855,0.2389069449069888
107,1856,0.2369254273037578
107,1857,0.24563240450482035
107,1858,0.24512562606223795
107,1859,0.24510612875916238
107,1860,0.27217628061771393
107,1861,0.25376936065596206
107,1862,0.22299772743568863
107,1863,0.24490121076273363
107,1864,0.2442674900210181
107,1865,0.24636842275774756
107,1866,0.24241034998450167
107,1867,0.2575276119764461
107,1868,0.23721591192622518
107,1869,0.2562310667925103
107,1870,0.25187155812285666
107,1871,0.23852709143660789
107,1872,0.2514163754707159
107,1873,0.24180492377558419
107,1874,0.22087990232678348
107,1875,0.22829185079696568
107,1876,0.272727686998456
107,1877,0.22674450139666713
107,1878,0.23670956423116285
107,1879,0.2527512786693351
107,1880,0.26000529666279637
107,1881,0.23592423041199528
107,1882,0.2246944620165714
107,1883,0.2526328099328418
107,1884,0.23396746675635494
107,1885,0.2480102666588717
107,1886,0.2400340638881506
107,1887,0.2421155059060385
107,1888,0.25439728692520497
107,1889,0.25810359799584676
107,1890,0.2402895813764528
107,1891,0.26739189929740376
107,1892,0.25343289035697314
107,1893,0.2411261595958887
107,1894,0.2525506525538688
107,1895,0.21899875929189283
107,1896,0.2585181496864141
107,1897,0.2301045309665591
107,1898,0.21952698189158773
107,1899,0.25516327591829524
107,1900,0.22869222940400588
107,1901,0.2533019885074261
107,1902,0.21615883396115415
107,1903,0.24219432473182678
107,1904,0.24389256571614465
107,1905,0.2343646249798841
107,1906,0.22821920070537302
107,1907,0.23357689831145975
107,1908,0.2392454327538956
107,1909,0.23703743136206337
107,1910,0.23297989160515542
107,1911,0.21407715941584388
107,1912,0.23849565067956613
107,1913,0.22613067543783852
107,1914,0.2355395846588667
107,1915,0.2194763484389283
107,1916,0.2192906151677287
107,1917,0.22284467206444852
107,1918,0.23561482720596846
107,1919,0.2249236377172692
107,1920,0.2275513206110444
107,1921,0.23332124809886134
107,1922,0.2257832701123038
107,1923,0.23441132313983384
107,1924,0.2479263547548028
107,1925,0.232211465752402
107,1926,0.23244848015696504
107,1927,0.2283629996832027
107,1928,0.2451791347459305
107,1929,0.22566099256970162
107,1930,0.23026800086331922
107,1931,0.23961744128271592
107,1932,0.24225120731564456
107,1933,0.2384254565072614
107,1934,0.2388760859883109
107,1935,0.23014796542566876
107,1936,0.2565741296424422
107,1937,0.2296515353197275
107,1938,0.24431200256181318
107,1939,0.24591695153435997
107,1940,0.2612458668475927
107,1941,0.23893142162367356
107,1942,0.23335249063580535
107,1943,0.24870595717152885
107,1944,0.23908798812433732
107,1945,0.2333479904851248
107,1946,0.24334385644557865
107,1947,0.22978717851084332
107,1948,0.2331172803113627
107,1949,0.25485706675884334
107,1950,0.23436185856198155
108,1,1.589272468589073
108,2,1.0901358155317085
108,3,0.9728602545205937
108,4,0.8910366754199184
108,5,0.8124316875324693
108,6,0.7921897256097128
108,7,0.760774199352708
108,8,0.7576185256935829
108,9,0.7289477697638578
108,10,0.7114610616550889
108,11,0.7273205685061078
108,12,0.7182470476904581
108,13,0.6614440374596174
108,14,0.6837777287461037
108,15,0.6914677938749624
108,16,0.6846189443455186
108,17,0.6487061242724574
108,18,0.6677306945933852
108,19,0.6343315174413282
108,20,0.6208131548970245
108,21,0.6296019484830457
108,22,0.6268250762030135
108,23,0.6464424465977868
108,24,0.6337531195130459
108,25,0.607522708038951
108,26,0.6234149724938148
108,27,0.6219929082449093
108,28,0.6323591345964477
108,29,0.5887008337087409
108,30,0.5799579537192057
108,31,0.581253165422484
108,32,0.5791699914045112
108,33,0.5891326610432115
108,34,0.6015105108882106
108,35,0.5679377019405365
108,36,0.5577897332435431
108,37,0.5757405861865642
108,38,0.5557217618753744
108,39,0.5454207256782887
108,40,0.5857111354206883
108,41,0.5831075601799544
108,42,0.5833276066669199
108,43,0.5642524070517961
108,44,0.5501878691274066
108,45,0.5433875599572825
108,46,0.5478392513685448
108,47,0.5711125398791114
108,48,0.5387874023858891
108,49,0.5676263848016428
108,50,0.5526356974313426
108,51,0.5272554990857147
108,52,0.5207792589830798
108,53,0.5209929832192355
108,54,0.5161084893137909
108,55,0.5257148493167966
108,56,0.4935870517131894
108,57,0.5130133947660757
108,58,0.5641821373340695
108,59,0.5503271028052928
108,60,0.5320994285650031
108,61,0.5408879296724186
108,62,0.5277843475341797
108,63,0.5411521806273349
108,64,0.5395196634669637
108,65,0.5447608384975168
108,66,0.49204985832059106
108,67,0.503742798816326
108,68,0.49315590220828387
108,69,0.5121280842049177
108,70,0.49102970541909685
108,71,0.5108741951543231
108,72,0.49126325374425844
108,73,0.48025826312774833
108,74,0.5159136507400247
108,75,0.48336379611214925
108,76,0.47882471320241
108,77,0.4862083064955334
108,78,0.47276995833529983
108,79,0.4813151207081107
108,80,0.5117387300313905
108,81,0.48733568676682404
108,82,0.49483938549840173
108,83,0.49078143336052116
108,84,0.48251660895902054
108,85,0.4981883292974428
108,86,0.49353667747142704
108,87,0.48101430923439736
108,88,0.47861167372659197
108,89,0.5011140468508698
108,90,0.447502076625824
108,91,0.47540691980095795
108,92,0.47204915728679925
108,93,0.45873165269230687
108,94,0.48427520865617796
108,95,0.4941851690758106
108,96,0.467592109081357
108,97,0.49450811951659446
108,98,0.5001558619876241
108,99,0.4603029032086217
108,100,0.460221154745235
108,101,0.4698301331941472
108,102,0.4676895155463108
108,103,0.481849028620609
108,104,0.4580730629521747
108,105,0.48217735526173616
108,106,0.4726542969082677
108,107,0.4747203394424084
108,108,0.5107471138931984
108,109,0.48482355960579804
108,110,0.470730758683626
108,111,0.47990622076877326
108,112,0.47729030944580253
108,113,0.46827076340830603
108,114,0.48928715461908384
108,115,0.43956379627072534
108,116,0.4613764147425807
108,117,0.4599785284940587
108,118,0.46243111061495407
108,119,0.4719137286030969
108,120,0.43788835059764775
108,121,0.48245475042697994
108,122,0.4637011067811833
108,123,0.4523163659628047
108,124,0.4602843890356463
108,125,0.44827058148938553
108,126,0.4509733416313349
108,127,0.4614754721175793
108,128,0.46748937839685484
108,129,0.44811372008434563
108,130,0.45225925708926
108,131,0.4546168515848559
108,132,0.46499929039977317
108,133,0.4522545718869498
108,134,0.4362111729244853
108,135,0.46433517059614493
108,136,0.45463713310485665
108,137,0.4669088554936786
108,138,0.4730384405269179
108,139,0.4553831081057704
108,140,0.42240203535834026
108,141,0.47469978831535165
108,142,0.4187816076500471
108,143,0.43825977139694744
108,144,0.4573669100916663
108,145,0.4587910480277483
108,146,0.44416462335475654
108,147,0.45562837220901664
108,148,0.4255038881024649
108,149,0.43897584080696106
108,150,0.454817138439001
108,151,0.4388540886169256
108,152,0.4355015158653259
108,153,0.4434042046236437
108,154,0.43614176539487615
108,155,0.4197943169017171
108,156,0.4189924812594125
108,157,0.4378198607023372
108,158,0.4357973059942556
108,159,0.43573589519012806
108,160,0.4211218370947727
108,161,0.44989263526228973
108,162,0.44916975636814915
108,163,0.43611216683720433
108,164,0.426888202511987
108,165,0.4339276330415593
108,166,0.4359621537286182
108,167,0.42317595523457197
108,168,0.4302861052890157
108,169,0.4433372485083203
108,170,0.45251025294148645
108,171,0.42660045069317487
108,172,0.43580283120621083
108,173,0.45111433503239656
108,174,0.42217708881511246
108,175,0.44512060839076373
108,176,0.4537255264991938
108,177,0.43175747990608215
108,178,0.43577870934508567
108,179,0.40818305694779683
108,180,0.42405681623968966
108,181,0.46236243150955025
108,182,0.422508544007013
108,183,0.41066152273222456
108,184,0.40855012175648714
108,185,0.4195842361727426
108,186,0.4428201726702757
108,187,0.45761589740597924
108,188,0.41101350825886396
108,189,0.4429340293241102
108,190,0.40964066150576567
108,191,0.40684187897416046
108,192,0.3994930344958638
108,193,0.42621099948883057
108,194,0.40195019369901613
108,195,0.41017028412153556
108,196,0.4255777895450592
108,197,0.4314704669076343
108,198,0.4094511831915656
108,199,0.41661912757296893
108,200,0.3989192094913749
108,201,0.41591797041338546
108,202,0.40809593644253045
108,203,0.4343355651511702
108,204,0.41535992955052575
108,205,0.43325816891914193
108,206,0.42130510127821635
108,207,0.40920908506526504
108,208,0.4134039754091307
108,209,0.42871312069338424
108,210,0.42434178673943806
108,211,0.46168285816214805
108,212,0.41987652348917587
108,213,0.4239816249803055
108,214,0.4232946835285009
108,215,0.41755555396856264
108,216,0.42567326093828955
108,217,0.39742655324381454
108,218,0.4063359561354615
108,219,0.44007780177648675
108,220,0.3994902497114137
108,221,0.38273580684218295
108,222,0.4024064346801403
108,223,0.37549582400987314
108,224,0.38048986016317854
108,225,0.4074987907742345
108,226,0.4099689812161202
108,227,0.42172232824702593
108,228,0.3862212300300598
108,229,0.4116677960684133
108,230,0.4106922704120015
108,231,0.4138824350612108
108,232,0.4106700586718182
108,233,0.4040863098100174
108,234,0.3808275190896766
108,235,0.41755086530086605
108,236,0.3991543012996053
108,237,0.4025514881278193
108,238,0.3841962232146152
108,239,0.38917138132938117
108,240,0.3997867904430212
108,241,0.42689303603283196
108,242,0.3829356896322827
108,243,0.3748774230480194
108,244,0.40056032635444816
108,245,0.39460471133853114
108,246,0.44639696076858876
108,247,0.41160890460014343
108,248,0.3964312326076419
108,249,0.40400669117306554
108,250,0.39727136700652366
108,251,0.3864174970360689
108,252,0.4108892887137657
108,253,0.39157616399055306
108,254,0.38532418636388555
108,255,0.4257161728171415
108,256,0.3863567051499389
108,257,0.3905507159787555
108,258,0.38474909302800203
108,259,0.38793826519056807
108,260,0.3953444458717524
108,261,0.3984367493973222
108,262,0.4043724973534429
108,263,0.39672515212103376
108,264,0.36999533550683844
108,265,0.39045231009638587
108,266,0.39867175734320354
108,267,0.38743705111880633
108,268,0.38845576588497605
108,269,0.3911548249943312
108,270,0.38672796515531316
108,271,0.3922701706719953
108,272,0.38593785083571147
108,273,0.4050825071889301
108,274,0.39715105988258537
108,275,0.37954287127006886
108,276,0.40466463565826416
108,277,0.3995276606360147
108,278,0.3945493788220162
108,279,0.37860049896462017
108,280,0.38092595477436864
108,281,0.385936496562736
108,282,0.39126494596170824
108,283,0.39864142689594
108,284,0.4023097268370695
108,285,0.37223271575084954
108,286,0.3844115255877029
108,287,0.36694680327592893
108,288,0.35730026489080385
108,289,0.3828239551810331
108,290,0.37609936123670534
108,291,0.38782889690510064
108,292,0.39020166702048725
108,293,0.3928093362686246
108,294,0.37287439648495163
108,295,0.3525909843832947
108,296,0.38964531934538554
108,297,0.3702590666538061
108,298,0.36531538325686785
108,299,0.39215548163236574
108,300,0.3858646438565365
108,301,0.3677217392034309
108,302,0.3944442140501599
108,303,0.38122628802476927
108,304,0.4153268947157749
108,305,0.35765464014785237
108,306,0.3913649535456369
108,307,0.36825127518454265
108,308,0.38082675046698994
108,309,0.38477478644182517
108,310,0.37943845294242684
108,311,0.3678415369155795
108,312,0.36513588733451313
108,313,0.36031167867571806
108,314,0.37430598292239875
108,315,0.38396028654519904
108,316,0.3701999769654385
108,317,0.3816980830458708
108,318,0.38384138013041297
108,319,0.38121712485025094
108,320,0.38049816184265667
108,321,0.3908108840155047
108,322,0.3724690391573795
108,323,0.397894014452779
108,324,0.3909878037696661
108,325,0.39193203837372537
108,326,0.38435730199481166
108,327,0.37884809250055357
108,328,0.3888998128647028
108,329,0.4027163136837094
108,330,0.3971198332864185
108,331,0.36903192068255225
108,332,0.39411598651908164
108,333,0.3750923331393752
108,334,0.36332031945849574
108,335,0.3780316398587338
108,336,0.3880618387876555
108,337,0.38467246155406154
108,338,0.36747815581255183
108,339,0.3768138331036235
108,340,0.3659306667571844
108,341,0.35516084626663563
108,342,0.3794935699119124
108,343,0.3974978147551071
108,344,0.38183062298353326
108,345,0.37926959714224173
108,346,0.40812777156053587
108,347,0.39057846748551656
108,348,0.3821564212787983
108,349,0.36965312930040584
108,350,0.3809033930301666
108,351,0.3537738011326901
108,352,0.3649917639965235
108,353,0.3608586808969808
108,354,0.363801006660905
108,355,0.367268021716628
108,356,0.36588547673336297
108,357,0.3519659555235574
108,358,0.3759846756624621
108,359,0.3703103945698849
108,360,0.36721326722655184
108,361,0.38616536730943724
108,362,0.36139062532158783
108,363,0.36464319048925886
108,364,0.39206122104511704
108,365,0.33134795413460844
108,366,0.37283920687298444
108,367,0.36789125758548114
108,368,0.38765329954236055
108,369,0.36594903469085693
108,370,0.3586311035378035
108,371,0.35599074183508406
108,372,0.3853575705095779
108,373,0.365040008411851
108,374,0.36851654011149737
108,375,0.37605313229006393
108,376,0.3831106043139169
108,377,0.33379012069036795
108,378,0.33775610424751457
108,379,0.3706504134244697
108,380,0.35345877256504327
108,381,0.36035033575324127
108,382,0.34930687657622406
108,383,0.3643639281738636
108,384,0.3403425389944121
108,385,0.3673028363737949
108,386,0.34808644513751186
108,387,0.3711420706538267
108,388,0.3568239419959312
108,389,0.3526125612647034
108,390,0.3617963645347329
108,391,0.34464015863662545
108,392,0.3866939669431642
108,393,0.3827550473601319
108,394,0.33482307888740714
108,395,0.3399446946243907
108,396,0.3600756449754848
108,397,0.3361503939295924
108,398,0.36651200679845586
108,399,0.3451765269734139
108,400,0.3274218114309533
108,401,0.3573803014533464
108,402,0.3679624366205792
108,403,0.3627923962681793
108,404,0.35932722479798074
108,405,0.3749989361263985
108,406,0.35935306341149087
108,407,0.34451104111449665
108,408,0.3633539614289306
108,409,0.35953464133794916
108,410,0.3608723414498706
108,411,0.36064760144366775
108,412,0.3531262444895367
108,413,0.3777804554894913
108,414,0.3590052869430808
108,415,0.35425676578699156
108,416,0.3361268937587738
108,417,0.3575029712776805
108,418,0.36078841880310414
108,419,0.36403774383456206
108,420,0.34456057188122774
108,421,0.3497117341950882
108,422,0.3434418724026791
108,423,0.3850742245829383
108,424,0.37067332517269047
108,425,0.3476998487184214
108,426,0.3621480166912079
108,427,0.37080054782157723
108,428,0.3664277431576751
108,429,0.35952376834181854
108,430,0.35836100370384927
108,431,0.34079796768898185
108,432,0.3503168606480887
108,433,0.3497028142906899
108,434,0.3365739868130795
108,435,0.3629902254703433
108,436,0.3453559126964835
108,437,0.3605077550854794
108,438,0.33770757428435394
108,439,0.3456811773222546
108,440,0.34816830380018365
108,441,0.342524413452592
108,442,0.3444830934668696
108,443,0.3554215916367464
108,444,0.3754400396069815
108,445,0.36822825185088226
108,446,0.37275575621183527
108,447,0.3638751562251601
108,448,0.3290478011896444
108,449,0.36393958399462145
108,450,0.3429774676644525
108,451,0.34941625595092773
108,452,0.3254327178001404
108,453,0.35294371635414834
108,454,0.34529563923214757
108,455,0.3264967736809753
108,456,0.33479459341182266
108,457,0.34329127295072687
108,458,0.3417341778444689
108,459,0.3459115839281747
108,460,0.3472395982853202
108,461,0.3516864658788193
108,462,0.35210716516472573
108,463,0.35111203096633736
108,464,0.3399611642194349
108,465,0.3435823362927104
108,466,0.35128829645556076
108,467,0.35800125501876656
108,468,0.3460517296957415
108,469,0.3583766069523124
108,470,0.3323258979375972
108,471,0.3598373712495316
108,472,0.36932945805926654
108,473,0.3465459298255832
108,474,0.3276865925899772
108,475,0.34375981674637907
108,476,0.3350453626277835
108,477,0.3617641537688499
108,478,0.31789893882219183
108,479,0.32780015191366507
108,480,0.35827362468076307
108,481,0.3332893938519234
108,482,0.3664051509180734
108,483,0.36462812714798504
108,484,0.34104232524716577
108,485,0.3613699016182922
108,486,0.3335106580756431
108,487,0.3471280578957048
108,488,0.3452029644056808
108,489,0.32262783064398654
108,490,0.3310213795928068
108,491,0.34296180758365363
108,492,0.34720655444056486
108,493,0.3355340971503147
108,494,0.32048354800357376
108,495,0.3451274016568827
108,496,0.32525895570599755
108,497,0.3170499753120334
108,498,0.37425817168036174
108,499,0.34330001750657724
108,500,0.3593555044296176
108,501,0.3423734265704488
108,502,0.35046665613041367
108,503,0.3542074637357579
108,504,0.35217157837956453
108,505,0.34202145767766373
108,506,0.354268049084863
108,507,0.34321099866268245
108,508,0.34449526182440826
108,509,0.32641909080882403
108,510,0.3447180951750556
108,511,0.3363037109375
108,512,0.3494186533051868
108,513,0.3424013021380402
108,514,0.34395409184832904
108,515,0.3460119581499765
108,516,0.36298741434895715
108,517,0.33378114672594295
108,518,0.3476033598877663
108,519,0.3330196370912153
108,520,0.35346766821173736
108,521,0.35515055684156194
108,522,0.3548803176990775
108,523,0.33046558430028516
108,524,0.34735599229502123
108,525,0.33635118673014086
108,526,0.316610443730687
108,527,0.3211173380530158
108,528,0.3322779002577759
108,529,0.3601338198018629
108,530,0.32888850084570953
108,531,0.334018959555515
108,532,0.3339201101036959
108,533,0.33578477557315384
108,534,0.30674869030020957
108,535,0.34488194002661593
108,536,0.3250473439693451
108,537,0.3351388760777407
108,538,0.3399673991425093
108,539,0.3391240599543549
108,540,0.33154177735018175
108,541,0.32799916073333385
108,542,0.3445669391820597
108,543,0.32287128373633983
108,544,0.330563158489937
108,545,0.3298152220803638
108,546,0.3333587494007377
108,547,0.32364022593165553
108,548,0.3176665652629941
108,549,0.324442935544391
108,550,0.3303624731163646
108,551,0.2944425108820893
108,552,0.3468705783056658
108,553,0.3296940985114075
108,554,0.3453113499075867
108,555,0.3275723332582518
108,556,0.3175031688324241
108,557,0.33935758956643036
108,558,0.3082170874573464
108,559,0.3097957601380903
108,560,0.33292053674542627
108,561,0.339025791994361
108,562,0.3350664841574292
108,563,0.3496227936689244
108,564,0.32574759943540704
108,565,0.34511668252390487
108,566,0.3367616187694461
108,567,0.3299095436584118
108,568,0.3199239657368771
108,569,0.31954568901727365
108,570,0.32160182609114535
108,571,0.31919662134591925
108,572,0.332806586526161
108,573,0.34886277137800703
108,574,0.30708297255427336
108,575,0.33261839664259624
108,576,0.3297800061314605
108,577,0.3191837834757428
108,578,0.31696195796478627
108,579,0.33107058807860973
108,580,0.3171633488910143
108,581,0.3339128362578015
108,582,0.31740266985671467
108,583,0.3460304258867752
108,584,0.3372528851032257
108,585,0.3087596137856328
108,586,0.3313522415105687
108,587,0.3099125817764637
108,588,0.3331346435602321
108,589,0.32751860036406405
108,590,0.33591019344884293
108,591,0.33938115350035736
108,592,0.30683124966399616
108,593,0.32872566858003305
108,594,0.32128328154253405
108,595,0.3033756225608116
108,596,0.316313121901002
108,597,0.34116715816564336
108,598,0.326027127892472
108,599,0.31599989048270294
108,600,0.2968071019926736
108,601,0.33317429658978487
108,602,0.3322099135365597
108,603,0.30923749541127404
108,604,0.31379835342251977
108,605,0.3075052991855976
108,606,0.31285158146259395
108,607,0.3439898525559625
108,608,0.32029145817423976
108,609,0.3190384181432946
108,610,0.32267930202705913
108,611,0.34162363548611485
108,612,0.3243660309980082
108,613,0.33312888616739317
108,614,0.32634827702544456
108,615,0.2996647212394448
108,616,0.3238913825778074
108,617,0.3238891605720964
108,618,0.31444151526273684
108,619,0.3265910488228465
108,620,0.33828634162281834
108,621,0.31115499831909355
108,622,0.3254317973935327
108,623,0.3166198134422302
108,624,0.31847141925678696
108,625,0.3187037844990575
108,626,0.32284806911335434
108,627,0.3323631951975268
108,628,0.30917105286620383
108,629,0.3361407005509665
108,630,0.3293797644071801
108,631,0.3076697255289832
108,632,0.32756899609122164
108,633,0.3174230574175369
108,634,0.3366107982258464
108,635,0.3201223695000937
108,636,0.31977946189946904
108,637,0.29955973597460017
108,638,0.323203468045523
108,639,0.31035692192787345
108,640,0.33237803848676906
108,641,0.3162632272687069
108,642,0.3274498803671016
108,643,0.3158001255157382
108,644,0.29724389383959215
108,645,0.304386064063671
108,646,0.3188390523888344
108,647,0.32947071069894834
108,648,0.32454596425211707
108,649,0.29410352124724276
108,650,0.29764721213385115
108,651,0.3054234316182691
108,652,0.31257588572280354
108,653,0.3304823429085488
108,654,0.3177746873955394
108,655,0.337654746549074
108,656,0.32026417310847793
108,657,0.317304826753084
108,658,0.3128406571787457
108,659,0.3172008000140966
108,660,0.3112839300965154
108,661,0.32129794151283975
108,662,0.32783991791481193
108,663,0.32952057414276653
108,664,0.3293165918006453
108,665,0.3185732378516086
108,666,0.3040334471436434
108,667,0.30786908158036164
108,668,0.32658667758453724
108,669,0.33078827137170835
108,670,0.3164901858152345
108,671,0.30848470156969027
108,672,0.331454242384711
108,673,0.32158144130263216
108,674,0.30519468354624374
108,675,0.31754217175550237
108,676,0.30145059075466424
108,677,0.3254996531231459
108,678,0.31189544672189756
108,679,0.2891084641911263
108,680,0.31556321784507396
108,681,0.31920875990113545
108,682,0.32406533942666166
108,683,0.3213334437026534
108,684,0.31050205854482427
108,685,0.3164032441239024
108,686,0.3282742777536082
108,687,0.31776498500690903
108,688,0.2940818119880765
108,689,0.3034320248420848
108,690,0.3182062700737354
108,691,0.31429293543793435
108,692,0.29942051546518195
108,693,0.3021045313325039
108,694,0.3149019909459491
108,695,0.3192442371401676
108,696,0.316211998462677
108,697,0.2990225872328115
108,698,0.3085732155067976
108,699,0.31500683898149534
108,700,0.3082920999027962
108,701,0.3010353820268498
108,702,0.3079369976076969
108,703,0.32728123526240505
108,704,0.2960640933624534
108,705,0.3139972707559896
108,706,0.32096996071726774
108,707,0.30698502548905304
108,708,0.3047409258609594
108,709,0.31357221132101015
108,710,0.3304972641689833
108,711,0.28346000299897306
108,712,0.32289186813110526
108,713,0.3214112471702487
108,714,0.3005148886248123
108,715,0.2973748466303182
108,716,0.30136963933013206
108,717,0.28659884596979895
108,718,0.3242378058128579
108,719,0.3104251983553864
108,720,0.3041940809682358
108,721,0.32196155744929644
108,722,0.30130019229511884
108,723,0.3265779586725457
108,724,0.3012291588062464
108,725,0.31514385619828866
108,726,0.2944512838541075
108,727,0.30413044399993366
108,728,0.3086114269356395
108,729,0.3142238079115402
108,730,0.3095110876615657
108,731,0.31187927792238634
108,732,0.3195708595043005
108,733,0.30382210293481515
108,734,0.2937733745852182
108,735,0.2949067174002182
108,736,0.3066461016965467
108,737,0.303163570720096
108,738,0.32378786317137787
108,739,0.3119730880094129
108,740,0.31798106709191964
108,741,0.2889859891215036
108,742,0.32214379587838815
108,743,0.2948627277862194
108,744,0.3000231267407883
108,745,0.2974298859751502
108,746,0.2952438482018404
108,747,0.2993140567180722
108,748,0.31112822405127594
108,749,0.31268145663793695
108,750,0.30895733486774357
108,751,0.31421451305234155
108,752,0.31452064597329427
108,753,0.29895035957181176
108,754,0.3295519698497861
108,755,0.3083399693633235
108,756,0.30172782789829167
108,757,0.3187822664892951
108,758,0.3096497114314589
108,759,0.30318322015363114
108,760,0.3338658379953961
108,761,0.3082119926463726
108,762,0.30558912559997203
108,763,0.3170657719290534
108,764,0.32304229292758674
108,765,0.3205105766307476
108,766,0.332286978876868
108,767,0.3342073407284049
108,768,0.28203689289647477
108,769,0.3187528398147849
108,770,0.3078133110390153
108,771,0.3188387065432792
108,772,0.30015860255374466
108,773,0.2994469036889631
108,774,0.306315002053283
108,775,0.3107087411159693
108,776,0.3029445631559505
108,777,0.30188226076059566
108,778,0.31902269499246466
108,779,0.29613612696181896
108,780,0.3223457031471785
108,781,0.3221913118695104
108,782,0.3157746958178143
108,783,0.2879481592843699
108,784,0.29201337244621545
108,785,0.3296274619047032
108,786,0.3248041223647983
108,787,0.3024970958399218
108,788,0.28733830673750055
108,789,0.30425884349401605
108,790,0.3061736738959024
108,791,0.28877688147300895
108,792,0.3022557912870895
108,793,0.29894036609073016
108,794,0.2911226888035619
108,795,0.3034938663937325
108,796,0.29955949131832565
108,797,0.2962555628876353
108,798,0.3196965539178183
108,799,0.29868918310764225
108,800,0.2975566733715146
108,801,0.29105891980404075
108,802,0.3042014816472697
108,803,0.33055810110513556
108,804,0.3132424084253089
108,805,0.3235331697519435
108,806,0.3035508879395418
108,807,0.3030922509903132
108,808,0.30016084119331005
108,809,0.3085634555927543
108,810,0.29592655564463416
108,811,0.3109298015749732
108,812,0.2852891884570898
108,813,0.29540166743966034
108,814,0.28352676851804864
108,815,0.3115459029064622
108,816,0.30134886295296426
108,817,0.29873651751252106
108,818,0.3039687646682872
108,819,0.309563746285993
108,820,0.3053989860900613
108,821,0.33028993357059566
108,822,0.2997914587342462
108,823,0.28454053332639295
108,824,0.30708873687788496
108,825,0.29271740830221843
108,826,0.31043840078420415
108,827,0.3004207638807075
108,828,0.30458182650943133
108,829,0.29564226228137347
108,830,0.3098315984703774
108,831,0.28332769974719646
108,832,0.31219275157118953
108,833,0.3074412477570911
108,834,0.29041880507801854
108,835,0.2865501330342404
108,836,0.2928237010573232
108,837,0.29287790143212605
108,838,0.30791697252628414
108,839,0.28824934294057447
108,840,0.2649739246035731
108,841,0.2897675515607346
108,842,0.28957288071166637
108,843,0.27951540503391
108,844,0.31010440892951435
108,845,0.3100896664830141
108,846,0.3042755736861118
108,847,0.3039047038832376
108,848,0.3184401912744655
108,849,0.3212910918302314
108,850,0.28943823797758234
108,851,0.3087460703628008
108,852,0.3118261486984963
108,853,0.3024419289688731
108,854,0.30640943105830704
108,855,0.2959397982719333
108,856,0.2861486957516781
108,857,0.2940309019975884
108,858,0.32269988919413367
108,859,0.3057403862476349
108,860,0.3019349983958311
108,861,0.2909377016300379
108,862,0.2990538360074509
108,863,0.31510086461555126
108,864,0.2936592226804689
108,865,0.3027518287647602
108,866,0.2808630667453588
108,867,0.2752093139082886
108,868,0.3064542565234872
108,869,0.3282781340355097
108,870,0.2862055613551029
108,871,0.3099670479463976
108,872,0.2973755584206692
108,873,0.27554274367731674
108,874,0.29467610148496404
108,875,0.2964370881402215
108,876,0.3129056103007738
108,877,0.3053328020628108
108,878,0.2798964318841003
108,879,0.30878989779671956
108,880,0.3093584727409274
108,881,0.2969905332077381
108,882,0.2885141095449758
108,883,0.31458197915276814
108,884,0.30139517714810926
108,885,0.2947289375371711
108,886,0.2985991419747818
108,887,0.29667210578918457
108,888,0.2793706627779229
108,889,0.29275088947872785
108,890,0.2871132846488509
108,891,0.2760184303272602
108,892,0.2792027661966723
108,893,0.31229224107986275
108,894,0.29619508773781533
108,895,0.31466357652531113
108,896,0.2899983019329781
108,897,0.2992582515228626
108,898,0.27196249643037484
108,899,0.30524310538935107
108,900,0.2937414680802545
108,901,0.29417615158613336
108,902,0.28915135735689207
108,903,0.2800671929536864
108,904,0.2790581057238024
108,905,0.30303601331489033
108,906,0.30425750377566313
108,907,0.2915803894054058
108,908,0.2957179927548697
108,909,0.31670402926067975
108,910,0.2923674943835236
108,911,0.283319738715194
108,912,0.30327873243842013
108,913,0.3123882177264191
108,914,0.28360532050909
108,915,0.2967594030291535
108,916,0.2858183633449466
108,917,0.31494190318639886
108,918,0.2978871367698492
108,919,0.28066514744315035
108,920,0.31504332395487056
108,921,0.2961354123991589
108,922,0.2983450265817864
108,923,0.2696694981220157
108,924,0.3025815805723501
108,925,0.28799841639607454
108,926,0.3241540907427322
108,927,0.2827314256235611
108,928,0.291084460394327
108,929,0.2795572599699331
108,930,0.29085899993430736
108,931,0.2729322355847026
108,932,0.2612639970557634
108,933,0.28601060911666515
108,934,0.28458320609358856
108,935,0.3033094558604928
108,936,0.26950866954271185
108,937,0.2971327880094218
108,938,0.30590547863827194
108,939,0.30463756863460983
108,940,0.3014954106752263
108,941,0.30275313105694085
108,942,0.30011109002800873
108,943,0.3142757526663847
108,944,0.30004083209259563
108,945,0.3156193966089293
108,946,0.2969446903051332
108,947,0.2884922984034516
108,948,0.30218618484430537
108,949,0.3004391879536385
108,950,0.2634906103444654
108,951,0.2998701798361401
108,952,0.3011538656645043
108,953,0.28499166216961175
108,954,0.29697400470112645
108,955,0.28666823547939924
108,956,0.3131318023038465
108,957,0.30835672866466435
108,958,0.2704610582007918
108,959,0.28107220627540763
108,960,0.2843384898679201
108,961,0.28112772522970686
108,962,0.30465575775434806
108,963,0.2770764553962752
108,964,0.282846154861672
108,965,0.27876266005427336
108,966,0.2730369325294051
108,967,0.29856364463650903
108,968,0.30655337142389877
108,969,0.29996297109958736
108,970,0.2902774162763773
108,971,0.2813685460146083
108,972,0.2832116796526798
108,973,0.2855540538250014
108,974,0.27071425180102504
108,975,0.2692877220553021
108,976,0.295177852691606
108,977,0.29969914569411166
108,978,0.29386387592138247
108,979,0.29292099766953045
108,980,0.28379198423651764
108,981,0.29180358766123304
108,982,0.28555870056152344
108,983,0.27291009765724805
108,984,0.2792863062647886
108,985,0.2780789833429248
108,986,0.28438715879307236
108,987,0.2868626485037249
108,988,0.29096626750258514
108,989,0.2872016471485759
108,990,0.26535349807073905
108,991,0.272313395211863
108,992,0.2656295701514843
108,993,0.28145365243734316
108,994,0.2804056180771007
108,995,0.25661083224207853
108,996,0.29267952608507736
108,997,0.2677808459414992
108,998,0.26619951392329017
108,999,0.278780956254449
108,1000,0.2747498147709425
108,1001,0.2919024956780811
108,1002,0.28053201423134916
108,1003,0.2638741800951403
108,1004,0.2934959825388221
108,1005,0.27897128254868264
108,1006,0.2775656619044237
108,1007,0.2770473638246226
108,1008,0.26448208162950915
108,1009,0.29808201554209685
108,1010,0.29544060417385987
108,1011,0.2823381236819334
108,1012,0.28014531800913256
108,1013,0.2759852915309196
108,1014,0.30628789025683734
108,1015,0.2851174945055052
108,1016,0.28511884947155797
108,1017,0.28671279133752336
108,1018,0.29261793334816777
108,1019,0.27915671779665835
108,1020,0.26885987229125446
108,1021,0.27040349605471586
108,1022,0.2743733317353005
108,1023,0.2923849682475245
108,1024,0.2596651017665863
108,1025,0.2738944084145302
108,1026,0.28259219679721564
108,1027,0.30715521130450935
108,1028,0.29186442147853764
108,1029,0.2959928304650063
108,1030,0.2865481591501901
108,1031,0.28236698896385903
108,1032,0.2813112770402154
108,1033,0.29167625515959983
108,1034,0.31076280114262606
108,1035,0.2686854684075644
108,1036,0.27675315321877947
108,1037,0.25684096231017
108,1038,0.3084478308988172
108,1039,0.2875978704108748
108,1040,0.2884654783925345
108,1041,0.29732490244299864
108,1042,0.27436487307382185
108,1043,0.2939276182374289
108,1044,0.28895906584207404
108,1045,0.25618024447629617
108,1046,0.29265629482823746
108,1047,0.28244893079580263
108,1048,0.2918356812970583
108,1049,0.2676232429437859
108,1050,0.2969687047392823
108,1051,0.2694965393044228
108,1052,0.2717101750678794
108,1053,0.2918308931727742
108,1054,0.274188976648242
108,1055,0.2823510551175406
108,1056,0.2909313142299652
108,1057,0.2991361243780269
108,1058,0.2905833416206892
108,1059,0.2822064091992933
108,1060,0.28988647946091584
108,1061,0.29103579285532927
108,1062,0.2939718428046204
108,1063,0.2937565633030825
108,1064,0.26071509892164274
108,1065,0.2839409909969152
108,1066,0.2901493290136027
108,1067,0.29326684911583745
108,1068,0.2869344637837521
108,1069,0.2846660357575084
108,1070,0.27367569610129955
108,1071,0.25643077146175297
108,1072,0.279531552348026
108,1073,0.28509137935416645
108,1074,0.27845525949500327
108,1075,0.3090699100217154
108,1076,0.2885140977626623
108,1077,0.2637491558873376
108,1078,0.2839447845553243
108,1079,0.2870986919070399
108,1080,0.29024566675341407
108,1081,0.28567101165305736
108,1082,0.2875213498292967
108,1083,0.27780660848284877
108,1084,0.27192090971525323
108,1085,0.2779989128195962
108,1086,0.27667878464210865
108,1087,0.2621172507141912
108,1088,0.2619669437408447
108,1089,0.2738403989825138
108,1090,0.27608676220095435
108,1091,0.261464374009953
108,1092,0.2907837178818015
108,1093,0.27864654743394185
108,1094,0.2585351106732391
108,1095,0.25234938984693484
108,1096,0.2866747857526291
108,1097,0.2771620085073072
108,1098,0.2754095311081687
108,1099,0.26047754842181536
108,1100,0.26037151453106905
108,1101,0.28482533679452054
108,1102,0.2895077227853065
108,1103,0.27897758608640627
108,1104,0.2727490275405174
108,1105,0.2827386045178702
108,1106,0.289020344268444
108,1107,0.30257291017576704
108,1108,0.286762336658877
108,1109,0.25925264628820643
108,1110,0.2705140848492467
108,1111,0.2714579389538876
108,1112,0.254699457176896
108,1113,0.2663074749153714
108,1114,0.2664857402790424
108,1115,0.272012006404788
108,1116,0.26978764492411944
108,1117,0.2845194838767828
108,1118,0.264506604435832
108,1119,0.2855406798595606
108,1120,0.2765180849751761
108,1121,0.28062453554120176
108,1122,0.29296987625055537
108,1123,0.27298496802185857
108,1124,0.28306436608004015
108,1125,0.274198301309763
108,1126,0.26973146200180054
108,1127,0.2635464706393175
108,1128,0.2670038099898848
108,1129,0.2596656662780185
108,1130,0.2652578942997511
108,1131,0.26840724778729813
108,1132,0.2705359528231066
108,1133,0.2827300782813582
108,1134,0.2504311910895414
108,1135,0.27676829626393873
108,1136,0.26548086280046507
108,1137,0.24835032987040143
108,1138,0.25473937184311624
108,1139,0.2636863052151924
108,1140,0.2811211604018544
108,1141,0.30096574370251145
108,1142,0.2751506317493527
108,1143,0.27579575222592023
108,1144,0.25835498127826423
108,1145,0.28066312053868936
108,1146,0.2671147349268891
108,1147,0.2596049613730852
108,1148,0.26092415216357207
108,1149,0.26712303452713543
108,1150,0.2561548941357191
108,1151,0.28129725678022516
108,1152,0.2662584372731142
108,1153,0.3079723376174306
108,1154,0.28994978652444
108,1155,0.2872895092465157
108,1156,0.2770676848500274
108,1157,0.2791739078455193
108,1158,0.28460956936658816
108,1159,0.268292531024578
108,1160,0.27050555584042574
108,1161,0.30248186823933626
108,1162,0.28368773709896
108,1163,0.26326128771138746
108,1164,0.2884022156859553
108,1165,0.2703477213549059
108,1166,0.2693765738675761
108,1167,0.2661499994438748
108,1168,0.27198503876841346
108,1169,0.27351136124411296
108,1170,0.2761160571907842
108,1171,0.2752712050149607
108,1172,0.25938534459402396
108,1173,0.26667140528213146
108,1174,0.26492197222487873
108,1175,0.25663535678109456
108,1176,0.264084727265114
108,1177,0.27998298753139583
108,1178,0.2815087881199149
108,1179,0.28475282012030134
108,1180,0.295479953289032
108,1181,0.26109774029532146
108,1182,0.2649627771488456
108,1183,0.29720231058985686
108,1184,0.2733614597209664
108,1185,0.28385574803795927
108,1186,0.28540559424910433
108,1187,0.2554560844288316
108,1188,0.2755055302797362
108,1189,0.28795720186344415
108,1190,0.2820965883343719
108,1191,0.2652144962271979
108,1192,0.2473953480637351
108,1193,0.25930278869562373
108,1194,0.2781850896602453
108,1195,0.2737367541290993
108,1196,0.26301672153694683
108,1197,0.27584559071895687
108,1198,0.27343490927718406
108,1199,0.27121764213539834
108,1200,0.2889979682689489
108,1201,0.2723647376825643
108,1202,0.271581104328466
108,1203,0.2796655491340992
108,1204,0.26934118430281795
108,1205,0.2712442091731138
108,1206,0.28600806067156237
108,1207,0.25337174396182216
108,1208,0.286790891442188
108,1209,0.27845398908437685
108,1210,0.26759269902872485
108,1211,0.26933924819147864
108,1212,0.2778343412765237
108,1213,0.265624787918357
108,1214,0.28133654247882756
108,1215,0.2616738579994024
108,1216,0.2717658038749251
108,1217,0.27865866796914923
108,1218,0.2884527645831884
108,1219,0.30361747603083766
108,1220,0.2821729072304659
108,1221,0.27689228570738506
108,1222,0.28657179031261176
108,1223,0.2713998705148697
108,1224,0.2666598107925681
108,1225,0.27086083729599797
108,1226,0.27435800779697506
108,1227,0.276438276088515
108,1228,0.2478335329959559
108,1229,0.2672862729360891
108,1230,0.25416117352108625
108,1231,0.2640992801549823
108,1232,0.24942990028580955
108,1233,0.2761112302541733
108,1234,0.2619473254957864
108,1235,0.26748130765072137
108,1236,0.2561611831188202
108,1237,0.28791987064272856
108,1238,0.2811697783858277
108,1239,0.2585579177667928
108,1240,0.27076262998026474
108,1241,0.2541637053323347
108,1242,0.26276503676591917
108,1243,0.27783264219760895
108,1244,0.26824148865633235
108,1245,0.27512389005616655
108,1246,0.24950920253299003
108,1247,0.26868321452029914
108,1248,0.27122075751770375
108,1249,0.27572610489157745
108,1250,0.27776453522748723
108,1251,0.28022961145223574
108,1252,0.28330651064251744
108,1253,0.2666845682055451
108,1254,0.28452149657315984
108,1255,0.2705772470596225
108,1256,0.2701827800551126
108,1257,0.2825043797492981
108,1258,0.273430805566699
108,1259,0.26479353495808533
108,1260,0.27755184991415155
108,1261,0.26979274735894315
108,1262,0.2652661786522976
108,1263,0.28494889514390814
108,1264,0.27665254681609397
108,1265,0.26706346938776415
108,1266,0.2730469932389814
108,1267,0.2692598416361698
108,1268,0.25864910594252655
108,1269,0.26332825491594714
108,1270,0.2635879766109378
108,1271,0.2570493616337
108,1272,0.27068496790043145
108,1273,0.2567897397418355
108,1274,0.30407820191494256
108,1275,0.2643194559008576
108,1276,0.2622408873813097
108,1277,0.260031157454779
108,1278,0.2783878112948218
108,1279,0.2724598098632901
108,1280,0.2661426601021789
108,1281,0.27414054995359377
108,1282,0.27761548480322196
108,1283,0.29808312169341156
108,1284,0.2766650870095852
108,1285,0.27715047085007954
108,1286,0.27605117476263713
108,1287,0.26459371073301446
108,1288,0.26418665467306623
108,1289,0.24072675268317378
108,1290,0.2595267753268397
108,1291,0.27157855172489964
108,1292,0.27636857781299323
108,1293,0.2595824606196825
108,1294,0.2815355211496353
108,1295,0.2668090469615404
108,1296,0.26384301171746366
108,1297,0.2682736963033676
108,1298,0.26859472102897114
108,1299,0.2624290412248567
108,1300,0.2601342984410219
108,1301,0.25468271450940955
108,1302,0.2737834564475126
108,1303,0.2768276254105013
108,1304,0.26540711487448493
108,1305,0.2582842842784039
108,1306,0.27244214055150057
108,1307,0.2711694469285566
108,1308,0.2679161970005479
108,1309,0.2645645862401918
108,1310,0.2604537758716317
108,1311,0.2715328571408294
108,1312,0.2697902356469354
108,1313,0.24509620319965275
108,1314,0.2766888197078261
108,1315,0.2640248647955961
108,1316,0.26965140326078546
108,1317,0.27523480944855266
108,1318,0.27478493611479915
108,1319,0.27007568852846014
108,1320,0.27536737017853313
108,1321,0.2828574242979981
108,1322,0.2571649288022241
108,1323,0.25307464287724607
108,1324,0.26758566013602325
108,1325,0.27553733559541926
108,1326,0.2705579871355101
108,1327,0.25749776806942254
108,1328,0.2676414715689282
108,1329,0.26348007141157637
108,1330,0.2559511318456295
108,1331,0.26403358994528303
108,1332,0.25637515928856164
108,1333,0.24841717370720798
108,1334,0.26832730201787724
108,1335,0.2481557435767595
108,1336,0.2555982605662457
108,1337,0.2669822743465734
108,1338,0.2757573169331218
108,1339,0.2756405451963114
108,1340,0.24581350975258406
108,1341,0.28066955818686373
108,1342,0.2674443985140601
108,1343,0.2568135185297145
108,1344,0.2584281709305076
108,1345,0.2605311728494112
108,1346,0.25867127817730573
108,1347,0.2434338081714719
108,1348,0.2823476022066072
108,1349,0.2717840207177539
108,1350,0.26596934573594916
108,1351,0.2667944320412569
108,1352,0.27397842116134113
108,1353,0.24778955585734788
108,1354,0.26165666240592333
108,1355,0.2617885827325111
108,1356,0.25300751037375874
108,1357,0.25084191734014555
108,1358,0.22987400168596311
108,1359,0.2590729490269062
108,1360,0.23952058997265127
108,1361,0.274094003577565
108,1362,0.26130004539046175
108,1363,0.25461781510086945
108,1364,0.2602868045485297
108,1365,0.25225776018098345
108,1366,0.2566315192122792
108,1367,0.274388943993768
108,1368,0.28486617845158246
108,1369,0.2579191895418389
108,1370,0.2685867055904034
108,1371,0.2670721099820248
108,1372,0.26284404722757115
108,1373,0.2709798961877823
108,1374,0.26694407366042916
108,1375,0.2639303311359051
108,1376,0.2640204006849333
108,1377,0.2473895837401235
108,1378,0.25586396178533866
108,1379,0.26698036110678386
108,1380,0.28104047096052837
108,1381,0.25263319112533744
108,1382,0.26066221677979756
108,1383,0.27916745183079744
108,1384,0.2635259753049806
108,1385,0.2646588094012682
108,1386,0.2806747819102088
108,1387,0.26673605275708573
108,1388,0.2617137366256049
108,1389,0.25631309179372563
108,1390,0.26174449886000434
108,1391,0.2845765539380007
108,1392,0.27069929450057273
108,1393,0.2553174897681835
108,1394,0.26749599257180856
108,1395,0.2994637399218803
108,1396,0.2618976817574612
108,1397,0.27060802662095357
108,1398,0.26513888669568436
108,1399,0.27925141467604525
108,1400,0.25368541548418444
108,1401,0.24783394295115804
108,1402,0.2597516272650209
108,1403,0.24406484393186348
108,1404,0.24467439637627714
108,1405,0.2494193672440773
108,1406,0.2523031726826069
108,1407,0.25859351906665534
108,1408,0.2744730399098507
108,1409,0.2435180926045706
108,1410,0.2518576799437057
108,1411,0.2633049744506215
108,1412,0.25490003581656967
108,1413,0.25028957322586415
108,1414,0.2631303373464318
108,1415,0.2575091768142789
108,1416,0.24210228753644367
108,1417,0.2710460417492445
108,1418,0.25507558362428534
108,1419,0.24801752456398898
108,1420,0.2600677484689757
108,1421,0.22960234589354936
108,1422,0.23727850096170292
108,1423,0.26675821182339693
108,1424,0.266652770513712
108,1425,0.2798017876785855
108,1426,0.2700921879258267
108,1427,0.2513394303793131
108,1428,0.2733587979577308
108,1429,0.26747716582098674
108,1430,0.2560013151446054
108,1431,0.24238235936608427
108,1432,0.2679828440034112
108,1433,0.2542763983094415
108,1434,0.25455537611661955
108,1435,0.2605774527372316
108,1436,0.2664007416298223
108,1437,0.2875622497048489
108,1438,0.25390325036159783
108,1439,0.2590388433877812
108,1440,0.24543190314326174
108,1441,0.2644124668697978
108,1442,0.24651251663995344
108,1443,0.2548924684524536
108,1444,0.25295479387737985
108,1445,0.24851321758225906
108,1446,0.2439200476158497
108,1447,0.24386797810709754
108,1448,0.2618250628543455
108,1449,0.2572856885056163
108,1450,0.24678147948065468
108,1451,0.23819943846658218
108,1452,0.2569430740766747
108,1453,0.26460412768430486
108,1454,0.2719678518384002
108,1455,0.2689600378967995
108,1456,0.24489795329958894
108,1457,0.26008580243864726
108,1458,0.25565951785375907
108,1459,0.27574585412823877
108,1460,0.26099651428156123
108,1461,0.2391820466795633
108,1462,0.23329131305217743
108,1463,0.2561816268189009
108,1464,0.25267991250337557
108,1465,0.2493714880804683
108,1466,0.24512451609899832
108,1467,0.25178023410397904
108,1468,0.24854099819826525
108,1469,0.2544918067233507
108,1470,0.2517696196256682
108,1471,0.25026757495347846
108,1472,0.24662122996740563
108,1473,0.24329561514909878
108,1474,0.23952828278375227
108,1475,0.2516291467256324
108,1476,0.24727678714796555
108,1477,0.2578655696192453
108,1478,0.2602503743282584
108,1479,0.2546450017496597
108,1480,0.25813858869463896
108,1481,0.2719805566377418
108,1482,0.26269915526689486
108,1483,0.2794334614692732
108,1484,0.2577973181425139
108,1485,0.2461855733810469
108,1486,0.27278811432594474
108,1487,0.2635611462038617
108,1488,0.25155214514843255
108,1489,0.2564833684023036
108,1490,0.24314495158749957
108,1491,0.24735039472579956
108,1492,0.2611038088798523
108,1493,0.27781199230704196
108,1494,0.25106844721838484
108,1495,0.25436262890349987
108,1496,0.27662110744520674
108,1497,0.243177060124486
108,1498,0.27136684988820275
108,1499,0.2610010705715002
108,1500,0.26040509966916814
108,1501,0.2631589922794076
108,1502,0.24930004532947098
108,1503,0.23692421649777612
108,1504,0.2546332738427229
108,1505,0.26061901658080344
108,1506,0.2738280691379725
108,1507,0.24405237200648286
108,1508,0.2581560320632402
108,1509,0.2670592880526254
108,1510,0.2346461751433306
108,1511,0.25656022131443024
108,1512,0.2568921841854273
108,1513,0.2497976394586785
108,1514,0.2556368861087533
108,1515,0.2715241728827011
108,1516,0.25444786423860594
108,1517,0.2539885972821435
108,1518,0.2477935219919959
108,1519,0.2570819369582243
108,1520,0.25640974592330845
108,1521,0.254903873385385
108,1522,0.2457502366498459
108,1523,0.250873806171639
108,1524,0.23457785955695218
108,1525,0.2378679111946461
108,1526,0.224892585776573
108,1527,0.242595124729844
108,1528,0.24784023124118185
108,1529,0.24291351333607075
108,1530,0.24122581197771914
108,1531,0.2311193464800369
108,1532,0.26687328760014023
108,1533,0.24567485964575478
108,1534,0.27312965760397356
108,1535,0.271432095142298
108,1536,0.24880039622617323
108,1537,0.25457042871519575
108,1538,0.24129415459411088
108,1539,0.2655611523362093
108,1540,0.24765098302863364
108,1541,0.27376862043558164
108,1542,0.22800195910209833
108,1543,0.25063454688981524
108,1544,0.2803438174170117
108,1545,0.2776794849440109
108,1546,0.2689064928265505
108,1547,0.25433605493501177
108,1548,0.26555888874586236
108,1549,0.256476636889369
108,1550,0.2939728709847428
108,1551,0.2670273780822754
108,1552,0.23873088248940402
108,1553,0.24599548307962196
108,1554,0.25938403155914574
108,1555,0.25246620039607204
108,1556,0.2551598153835119
108,1557,0.265403852906338
108,1558,0.24459540670694307
108,1559,0.2514869411324346
108,1560,0.2567009059495704
108,1561,0.2568516516408255
108,1562,0.2404566726019216
108,1563,0.2450646345698556
108,1564,0.23021722047827964
108,1565,0.2542401032392369
108,1566,0.23221953317176464
108,1567,0.2466729425413664
108,1568,0.23250506402448165
108,1569,0.22591037701728733
108,1570,0.26111829523430313
108,1571,0.2515894819137662
108,1572,0.2707662145758784
108,1573,0.25553273461585824
108,1574,0.23785417856172072
108,1575,0.24279575569685116
108,1576,0.23191161557685497
108,1577,0.2351640632679296
108,1578,0.25830137383106144
108,1579,0.24322310263334318
108,1580,0.2498638595259467
108,1581,0.24938889436943587
108,1582,0.24331501957982085
108,1583,0.2397809666256572
108,1584,0.2698502873265466
108,1585,0.23842443595098894
108,1586,0.2659552332966827
108,1587,0.24623813462811847
108,1588,0.2502602875925774
108,1589,0.26590014959490577
108,1590,0.2743925847286402
108,1591,0.25409037983694743
108,1592,0.2718080316865167
108,1593,0.2696982767692832
108,1594,0.25786406494850334
108,1595,0.2555598588876946
108,1596,0.2499990497910699
108,1597,0.23750885835913724
108,1598,0.24416081849918808
108,1599,0.25240614178568815
108,1600,0.24846417994000192
108,1601,0.2570174398810364
108,1602,0.24693795310896496
108,1603,0.26489702768104023
108,1604,0.26364460137001305
108,1605,0.2597766248292701
108,1606,0.23137046258116878
108,1607,0.23289525058380392
108,1608,0.24594327530195548
108,1609,0.2520675894825958
108,1610,0.24960076808929443
108,1611,0.23598327782264975
108,1612,0.24906910574713417
108,1613,0.24426636273084684
108,1614,0.25932205555050875
108,1615,0.24919414104417312
108,1616,0.24030514581258908
108,1617,0.2321600487758947
108,1618,0.24055958799151486
108,1619,0.2362894194070683
108,1620,0.26509455123613046
108,1621,0.24566810040972953
108,1622,0.25052364690359247
108,1623,0.25045942982961966
108,1624,0.2318322065957757
108,1625,0.2582166881062264
108,1626,0.2592803288337796
108,1627,0.2635871705620788
108,1628,0.25015320334323615
108,1629,0.2557879031397576
108,1630,0.2484055182268453
108,1631,0.23676790193069813
108,1632,0.2796988598136015
108,1633,0.26811512611633126
108,1634,0.2515866201977397
108,1635,0.25433660870374636
108,1636,0.26490981530311497
108,1637,0.24450106918811798
108,1638,0.2382578555234643
108,1639,0.2603180009958356
108,1640,0.24945471972920175
108,1641,0.2278064437383829
108,1642,0.23305859676627225
108,1643,0.25936207105947096
108,1644,0.23750333591949108
108,1645,0.24522931561913602
108,1646,0.24183277369931686
108,1647,0.2369442665299704
108,1648,0.22924853306870127
108,1649,0.24266699510951376
108,1650,0.2580022174258565
108,1651,0.26297870694204817
108,1652,0.2443227203086365
108,1653,0.23419969927432926
108,1654,0.27477151536664296
108,1655,0.2524063344611678
108,1656,0.22945241664731225
108,1657,0.2389759851056476
108,1658,0.2477635477864465
108,1659,0.25126471907593484
108,1660,0.2626317053340202
108,1661,0.2369848742734554
108,1662,0.24580714314482932
108,1663,0.2282010105460189
108,1664,0.24105663458968318
108,1665,0.23283068281273508
108,1666,0.2555844343678896
108,1667,0.23071568372637727
108,1668,0.23694930589476296
108,1669,0.24107080663359443
108,1670,0.24430009514786477
108,1671,0.22564033956028695
108,1672,0.23475368771442148
108,1673,0.24232031266356624
108,1674,0.24718325221261314
108,1675,0.2402616909077001
108,1676,0.25791328764239024
108,1677,0.23089366076990617
108,1678,0.2637748226176861
108,1679,0.2625478048657262
108,1680,0.2559389402700025
108,1681,0.26223689941472783
108,1682,0.2540664783743925
108,1683,0.23537878276303756
108,1684,0.238306112067644
108,1685,0.2429879113685253
108,1686,0.24111963496651762
108,1687,0.2500871288221936
108,1688,0.23859178569427755
108,1689,0.21982810767584068
108,1690,0.23480478137038474
108,1691,0.25390213658643324
108,1692,0.25352825744207513
108,1693,0.24513986741387567
108,1694,0.25592623824296995
108,1695,0.23220458522785542
108,1696,0.23563859178576357
108,1697,0.24096616097660953
108,1698,0.23202089861381886
108,1699,0.2371555119752884
108,1700,0.23170262020687724
108,1701,0.2511549366768016
108,1702,0.232482525498368
108,1703,0.2280273042445959
108,1704,0.24327827123708504
108,1705,0.24496034965958707
108,1706,0.25273275652597116
108,1707,0.24698728704175285
108,1708,0.2466335892677307
108,1709,0.2430322412834611
108,1710,0.238903577244559
108,1711,0.22662298173405404
108,1712,0.24552646764489108
108,1713,0.23970453198565994
108,1714,0.23876649557158006
108,1715,0.23929275918838588
108,1716,0.24742824809495792
108,1717,0.24245817959308624
108,1718,0.2556311560924663
108,1719,0.24135174480981605
108,1720,0.24601489444111668
108,1721,0.25920489569043004
108,1722,0.24052260157673858
108,1723,0.25054586626762565
108,1724,0.25148717677870464
108,1725,0.22869658678076987
108,1726,0.23927275975083195
108,1727,0.2585390826990438
108,1728,0.23462247536625974
108,1729,0.23169494645540104
108,1730,0.24151463979898496
108,1731,0.24982655221639677
108,1732,0.2448437286670818
108,1733,0.22838312352812568
108,1734,0.2343109766411227
108,1735,0.21344448348810507
108,1736,0.24965802840022153
108,1737,0.26109948823618334
108,1738,0.23234372464723366
108,1739,0.24503552740396456
108,1740,0.24415651587552803
108,1741,0.24746259076650753
108,1742,0.22175681660341662
108,1743,0.2503168541331624
108,1744,0.24642762645732524
108,1745,0.24692666218724363
108,1746,0.2278818692578826
108,1747,0.25084140619566275
108,1748,0.23002655007118403
108,1749,0.22811881123587144
108,1750,0.2618672137343606
108,1751,0.23928783522095792
108,1752,0.2328220758327218
108,1753,0.25941342600556305
108,1754,0.20977167611898379
108,1755,0.22887223404507304
108,1756,0.2533776586832002
108,1757,0.2461404734572699
108,1758,0.2569185093391773
108,1759,0.23631512980128444
108,1760,0.2569277050883271
108,1761,0.26342600306799246
108,1762,0.2394895477350368
108,1763,0.22647743100343748
108,1764,0.24690353558507078
108,1765,0.2340521365404129
108,1766,0.23510314246942832
108,1767,0.23448897794235585
108,1768,0.22412018581878307
108,1769,0.2495580468066903
108,1770,0.2564250428316205
108,1771,0.24299531204755917
108,1772,0.22630591101424638
108,1773,0.24591482413369556
108,1774,0.22426461584346238
108,1775,0.22755576496900515
108,1776,0.24961916617182797
108,1777,0.2584015345850656
108,1778,0.24280757612960283
108,1779,0.24443160933117533
108,1780,0.24335310313590738
108,1781,0.2325643325267836
108,1782,0.24298172080239586
108,1783,0.24299891050471817
108,1784,0.24716664226942284
108,1785,0.24261924728404644
108,1786,0.23836991572102836
108,1787,0.23480061424332996
108,1788,0.23605993078198545
108,1789,0.2397943651953409
108,1790,0.252456292163494
108,1791,0.2316656483467235
108,1792,0.22888233911159428
108,1793,0.25433377436427185
108,1794,0.23891915831454966
108,1795,0.23871240193067594
108,1796,0.24150642960570579
108,1797,0.2333102631707524
108,1798,0.2720619939094366
108,1799,0.2300661691399508
108,1800,0.23092223911784415
108,1801,0.23545357792876487
108,1802,0.24192270636558533
108,1803,0.24455258527467416
108,1804,0.2364060386668804
108,1805,0.23311841730461563
108,1806,0.25065229451933574
108,1807,0.23428398647973703
108,1808,0.2581050735573436
108,1809,0.2540382465650869
108,1810,0.2466984363489373
108,1811,0.23674436225447543
108,1812,0.2477532909360043
108,1813,0.2767197177853695
108,1814,0.2566245991823285
108,1815,0.25107110378354097
108,1816,0.24273417404917783
108,1817,0.24054531025332074
108,1818,0.25794430354306863
108,1819,0.2540359022312386
108,1820,0.23022937878619792
108,1821,0.24518367440201516
108,1822,0.24126005103421766
108,1823,0.2551023911598117
108,1824,0.24211286597473677
108,1825,0.22509847720002019
108,1826,0.2656745758167533
108,1827,0.2601777169593545
108,1828,0.24439610332943673
108,1829,0.25635480880737305
108,1830,0.26935057515321775
108,1831,0.23841608333033185
108,1832,0.23052867276723996
108,1833,0.24874455499094586
108,1834,0.2540712432805882
108,1835,0.25455244058786436
108,1836,0.24560091107390647
108,1837,0.2525917114906533
108,1838,0.2532260251599689
108,1839,0.23943535394446794
108,1840,0.21068473056305287
108,1841,0.23600320067516592
108,1842,0.22466081588767295
108,1843,0.24651893210965534
108,1844,0.23809587608936222
108,1845,0.23246467113494873
108,1846,0.24628520150517308
108,1847,0.25078895999941714
108,1848,0.23318630179693534
108,1849,0.24343344777129416
108,1850,0.233569661545199
108,1851,0.23487673041432403
108,1852,0.2474955091642779
108,1853,0.2317934583785922
108,1854,0.23261941588202187
108,1855,0.254715176515801
108,1856,0.24463979276113731
108,1857,0.22244201739167058
108,1858,0.23452766759451046
108,1859,0.2483679146267647
108,1860,0.23719505931055823
108,1861,0.22126197260479594
108,1862,0.23602848205455515
108,1863,0.2449743505134139
108,1864,0.24510125573291336
108,1865,0.22192465496617694
108,1866,0.23252539094104324
108,1867,0.22493244638276655
108,1868,0.22234850913979287
108,1869,0.24750942130421483
108,1870,0.23171175219291865
108,1871,0.24321096650389737
108,1872,0.24671165749084117
108,1873,0.22432023806627407
108,1874,0.2532392050637755
108,1875,0.26156461931938346
108,1876,0.2386439608973126
108,1877,0.2597203136876572
108,1878,0.22155456764753476
108,1879,0.2687370222668315
108,1880,0.24229806800221287
108,1881,0.2644606398981671
108,1882,0.24374413559603136
108,1883,0.26046801098557404
108,1884,0.23607576343902323
108,1885,0.23756630476130997
108,1886,0.2482947201229805
108,1887,0.2575589078803395
108,1888,0.24207799691100454
108,1889,0.23467387917429902
108,1890,0.23534887959790785
108,1891,0.23592877595923667
108,1892,0.24136345227097356
108,1893,0.2540232414423033
108,1894,0.24424838118774947
108,1895,0.2321408484564271
108,1896,0.23740985989570618
108,1897,0.23961679290893467
108,1898,0.24899738819100137
108,1899,0.24187060462874035
108,1900,0.2526512159857639
108,1901,0.2605989741724591
108,1902,0.2075271547533745
108,1903,0.2511511847030285
108,1904,0.23407083611155666
108,1905,0.2560231612865315
108,1906,0.24791177414184393
108,1907,0.2431050126635751
108,1908,0.25234014073083566
108,1909,0.2328884178815886
108,1910,0.2404295992712642
108,1911,0.2280727288750715
108,1912,0.22987747469613717
108,1913,0.23937437146209006
108,1914,0.23798022748425948
108,1915,0.23428271849488103
108,1916,0.24602189867995505
108,1917,0.22681663064069527
108,1918,0.2436480172151743
108,1919,0.22402261786682662
108,1920,0.23387035173039103
108,1921,0.236446246158245
108,1922,0.23441573492316312
108,1923,0.23805729421072228
108,1924,0.2078303185313247
108,1925,0.2428844491409701
108,1926,0.24910911605801694
108,1927,0.2413773003012635
108,1928,0.2165686955978704
108,1929,0.2430526004281155
108,1930,0.22677971838518632
108,1931,0.23034535729607872
108,1932,0.2430539248987686
108,1933,0.2331527478473131
108,1934,0.22763091221798298
108,1935,0.24473379517710486
108,1936,0.22828926319299742
108,1937,0.24595325630764628
108,1938,0.23877504260040994
108,1939,0.2375117356694022
108,1940,0.23232051106386406
108,1941,0.26009862991266475
108,1942,0.257795219504556
108,1943,0.23977805916653122
108,1944,0.24042153531728788
108,1945,0.25071281021417574
108,1946,0.23356662898562675
108,1947,0.23091794377149538
108,1948,0.2328039477037829
108,1949,0.23959863913613696
108,1950,0.22445665195930836
109,1,1.8071489278660264
109,2,1.1432085563970167
109,3,0.996480988901715
109,4,0.9032661900963894
109,5,0.7979811554731324
109,6,0.7914238170135853
109,7,0.7676726052927416
109,8,0.7328175237012464
109,9,0.7382802824641383
109,10,0.6999871356542721
109,11,0.6963911846626637
109,12,0.6852785750877025
109,13,0.688527126644933
109,14,0.7094106133594069
109,15,0.6863424556199894
109,16,0.6707658850869467
109,17,0.6491763813551082
109,18,0.6267954014068426
109,19,0.6401413679122925
109,20,0.6327117321103118
109,21,0.619248419306999
109,22,0.6097644692243531
109,23,0.6431432421817336
109,24,0.6169672483621642
109,25,0.647646285766779
109,26,0.5972486623497897
109,27,0.6178359347720479
109,28,0.5909347270810327
109,29,0.5925369345864584
109,30,0.5852432417315107
109,31,0.5944846937822741
109,32,0.5749723426131315
109,33,0.5945677604786185
109,34,0.6049107229986856
109,35,0.5985745538112729
109,36,0.5612373892651048
109,37,0.5523237870183102
109,38,0.5253885180451149
109,39,0.5596603196720744
109,40,0.5463485814804254
109,41,0.5496389255967251
109,42,0.5810629510602285
109,43,0.5435351549192916
109,44,0.5540176144866056
109,45,0.5632954752722452
109,46,0.5714862249618353
109,47,0.5387983502343644
109,48,0.5556764242260955
109,49,0.558264808599339
109,50,0.5619328631911167
109,51,0.5547935685446096
109,52,0.5245369672775269
109,53,0.5488812549169674
109,54,0.5575323035550672
109,55,0.5360731468644253
109,56,0.522212546925212
109,57,0.5428677187409512
109,58,0.532586413760518
109,59,0.5537267479785654
109,60,0.543502926826477
109,61,0.5027513212935869
109,62,0.5031106472015381
109,63,0.5104245321695194
109,64,0.5411536194557367
109,65,0.5039289898650591
109,66,0.5130623953286991
109,67,0.5199141634065051
109,68,0.4965981217317803
109,69,0.49278882631035736
109,70,0.4937129984068316
109,71,0.49110151584758316
109,72,0.5028267100799916
109,73,0.5134647544040236
109,74,0.4933467417262321
109,75,0.5112512236417726
109,76,0.49881441302077717
109,77,0.5230438764705214
109,78,0.49939465106919756
109,79,0.5055904624074005
109,80,0.5162331815375838
109,81,0.5042633816253307
109,82,0.49406507472659267
109,83,0.46458934905917143
109,84,0.48146380934604377
109,85,0.5183176869569823
109,86,0.5086528755897699
109,87,0.5122378426928853
109,88,0.4960972347924876
109,89,0.4773180193679277
109,90,0.49109401467234587
109,91,0.4979880070963571
109,92,0.46594368579775786
109,93,0.47814521540042965
109,94,0.4615916471148646
109,95,0.4777689991995346
109,96,0.4843759453573892
109,97,0.4849189187205115
109,98,0.4611453032770822
109,99,0.5098839915075968
109,100,0.48757189720175986
109,101,0.45743807526521907
109,102,0.4680688963379971
109,103,0.475585822449174
109,104,0.4584148969761161
109,105,0.4663921456004298
109,106,0.48084951694621597
109,107,0.47227979676668036
109,108,0.48041023210037587
109,109,0.4611683189868927
109,110,0.45751511149628216
109,111,0.4517043343810148
109,112,0.4654510014278944
109,113,0.47134357552195705
109,114,0.44990457767664
109,115,0.4513265393501104
109,116,0.47103758190953454
109,117,0.45079944438712544
109,118,0.48904186903044233
109,119,0.45266830228095833
109,120,0.4791322405948195
109,121,0.4505590422208919
109,122,0.4426167558792026
109,123,0.42497542985649994
109,124,0.4441904494928759
109,125,0.4364020942255508
109,126,0.4923667193845261
109,127,0.465799983157668
109,128,0.4584424246189206
109,129,0.4531055321527082
109,130,0.44595233784165494
109,131,0.45270452527112737
109,132,0.4360682867294134
109,133,0.458757349918055
109,134,0.4645164539647657
109,135,0.4325393029423647
109,136,0.4450696193894675
109,137,0.4661940599596778
109,138,0.46859618952107984
109,139,0.43967876531356986
109,140,0.45172222131906553
109,141,0.4275930925857189
109,142,0.4382542801457782
109,143,0.43293749107870944
109,144,0.4262612385805263
109,145,0.4213954002358193
109,146,0.4212891611942025
109,147,0.4291433303855186
109,148,0.4331472862598508
109,149,0.4421855100365572
109,150,0.4322577139665914
109,151,0.42190787196159363
109,152,0.41914384656174236
109,153,0.4219064435293508
109,154,0.45012396574020386
109,155,0.4246104969534763
109,156,0.4447325461132582
109,157,0.46803014846735225
109,158,0.45723097476848334
109,159,0.4228809725406558
109,160,0.4640844866286877
109,161,0.45343534544456837
109,162,0.43398872156475865
109,163,0.45885561510573986
109,164,0.42661866892215816
109,165,0.41959176091260686
109,166,0.4121728643428448
109,167,0.429796927197035
109,168,0.4195630772169246
109,169,0.43169971399529034
109,170,0.39846763846486116
109,171,0.4403345203676889
109,172,0.437347179235414
109,173,0.39194914074831233
109,174,0.4034307321836782
109,175,0.41900581052136976
109,176,0.4196747132512026
109,177,0.4355892192485721
109,178,0.4572547729625258
109,179,0.4431139397066693
109,180,0.4225155246812244
109,181,0.4205497877542363
109,182,0.4186187234035758
109,183,0.4233625461888868
109,184,0.4212513995725055
109,185,0.4309817698112754
109,186,0.4261561611364054
109,187,0.4131325968476229
109,188,0.41415839278420735
109,189,0.39932996727699455
109,190,0.4284360644429229
109,191,0.4402606584304987
109,192,0.43090847896975143
109,193,0.4116080403327942
109,194,0.42067354917526245
109,195,0.3907736512117608
109,196,0.40629921610965286
109,197,0.43099761078524035
109,198,0.4117314281851746
109,199,0.4159984581692274
109,200,0.39970487148262734
109,201,0.40637298517448955
109,202,0.3968813786672991
109,203,0.38288378784822863
109,204,0.43721368285112605
109,205,0.41704480107440506
109,206,0.38711937984754874
109,207,0.44008237747258916
109,208,0.41836161322371906
109,209,0.3975242750589238
109,210,0.4042104829189389
109,211,0.4147408133329347
109,212,0.4084924799065257
109,213,0.4063650369644165
109,214,0.4011818926001704
109,215,0.41527430470599686
109,216,0.40554398575494455
109,217,0.38903256488400834
109,218,0.4001378174438033
109,219,0.40376159618067187
109,220,0.41015497612398727
109,221,0.4101228381312171
109,222,0.396860494170078
109,223,0.39236139904621037
109,224,0.4206987626330797
109,225,0.4048746373764304
109,226,0.3963109573652578
109,227,0.40621418384618535
109,228,0.3881902459055878
109,229,0.4001072700633559
109,230,0.3841748916825583
109,231,0.4043575345083725
109,232,0.41571391668430596
109,233,0.4139844151430352
109,234,0.41931271622347277
109,235,0.40597441099410836
109,236,0.4002482641574948
109,237,0.4082928369211596
109,238,0.41252972636111945
109,239,0.3985299024471017
109,240,0.3924233892629313
109,241,0.38699362375015434
109,242,0.38886100538941315
109,243,0.3888831644557243
109,244,0.42434842503348064
109,245,0.3948539273683415
109,246,0.4054697322290997
109,247,0.4185317865637846
109,248,0.4027919845525609
109,249,0.3872279060441394
109,250,0.38445012375365856
109,251,0.3895855296489804
109,252,0.39592974615651505
109,253,0.3754157119019087
109,254,0.3927439749240875
109,255,0.3556947666545247
109,256,0.4014495327029117
109,257,0.40497286097947943
109,258,0.40078267801639644
109,259,0.39531753506771355
109,260,0.38998561335164444
109,261,0.39053532619808995
109,262,0.38753906169603036
109,263,0.3899722709212192
109,264,0.3918792085592137
109,265,0.4008163220660631
109,266,0.3879799870557563
109,267,0.38534289044003156
109,268,0.3857316506463428
109,269,0.38515355975128884
109,270,0.38777962396311205
109,271,0.3828158032062442
109,272,0.3848829435747723
109,273,0.41570773512818093
109,274,0.3983178145663683
109,275,0.39610278259876164
109,276,0.3821949438993321
109,277,0.3683304855989855
109,278,0.3756479288256446
109,279,0.391969105532003
109,280,0.37556573540665383
109,281,0.37266433377598607
109,282,0.38343885263731314
109,283,0.3635342564693717
109,284,0.41130418624988824
109,285,0.39226432109988013
109,286,0.3633210222388423
109,287,0.395010172627693
109,288,0.37028957106346305
109,289,0.3551445159801217
109,290,0.37177478989889456
109,291,0.38159504532814026
109,292,0.3668050585791122
109,293,0.38472461631131727
109,294,0.3958622425101524
109,295,0.392614939185076
109,296,0.37541177730227626
109,297,0.37829573417818824
109,298,0.37803305720174035
109,299,0.39126318831776463
109,300,0.37649673916572746
109,301,0.36547349705252535
109,302,0.3872711838677872
109,303,0.38626559875732247
109,304,0.36205315035442975
109,305,0.36038912243621296
109,306,0.3769617371780928
109,307,0.3559768553390059
109,308,0.37036434370417926
109,309,0.3799346526001775
109,310,0.3871185017186542
109,311,0.37734371978183123
109,312,0.3727525749871897
109,313,0.3750153163144755
109,314,0.3670303904732993
109,315,0.37550949634507647
109,316,0.3812897524168325
109,317,0.37712777215381
109,318,0.3676761617494184
109,319,0.37090464594752287
109,320,0.3505013973213906
109,321,0.3802787841752518
109,322,0.37140318196873334
109,323,0.3730886883513872
109,324,0.35809151308481085
109,325,0.3665979268938996
109,326,0.3828555906927863
109,327,0.38405709003293237
109,328,0.3697783752929333
109,329,0.3703596314718557
109,330,0.37994854810626005
109,331,0.38148503525312555
109,332,0.35733923801155976
109,333,0.3668311453142831
109,334,0.3678739992685096
109,335,0.36378587123959566
109,336,0.37758614781290983
109,337,0.37727421314217324
109,338,0.3651008100010628
109,339,0.3931673245374547
109,340,0.3792016215102617
109,341,0.3534417187058648
109,342,0.3728753141192503
109,343,0.3620474830616352
109,344,0.3750236616578213
109,345,0.3640732973120933
109,346,0.3397632719472397
109,347,0.3576941275319388
109,348,0.37019963319911514
109,349,0.38544271574463956
109,350,0.3852411071921504
109,351,0.3601299995599791
109,352,0.37540032350739766
109,353,0.35570788036945256
109,354,0.3656906215257423
109,355,0.37255690472070563
109,356,0.37206233310145004
109,357,0.3649745943934418
109,358,0.3684197199899097
109,359,0.3579733316288438
109,360,0.36142244103342985
109,361,0.3690745532512665
109,362,0.35090712960376297
109,363,0.3803552340629489
109,364,0.3651882500149483
109,365,0.36309465419414433
109,366,0.389638576396676
109,367,0.352323921613915
109,368,0.3780484767847283
109,369,0.36138806162878523
109,370,0.35236354137575904
109,371,0.36155816288881526
109,372,0.3649089779964713
109,373,0.3549934909787289
109,374,0.3799848965434141
109,375,0.3799838562344396
109,376,0.3420663247274798
109,377,0.3683623013108276
109,378,0.3348329143468724
109,379,0.3420816292596418
109,380,0.35562210096869357
109,381,0.34190334483634593
109,382,0.34387308220530666
109,383,0.3569921497688737
109,384,0.37701249746389165
109,385,0.34591059282768605
109,386,0.37812064899954684
109,387,0.3735883028008217
109,388,0.3377018203569013
109,389,0.3499079312002936
109,390,0.3634545276331347
109,391,0.36157536298729653
109,392,0.3691915169704792
109,393,0.3801267361918161
109,394,0.3869485182817592
109,395,0.3629095374151718
109,396,0.39032024907511337
109,397,0.35434924655182415
109,398,0.3383478487646857
109,399,0.3589033560697423
109,400,0.36933644011963246
109,401,0.3680700874605844
109,402,0.39237332551978354
109,403,0.3658067639483962
109,404,0.38517807112183683
109,405,0.35246650216191316
109,406,0.370976890242377
109,407,0.3715873644795529
109,408,0.3618775197239809
109,409,0.3490826626156652
109,410,0.352046703876451
109,411,0.37456158565920455
109,412,0.3592243423295576
109,413,0.3672848815141722
109,414,0.3609439494997956
109,415,0.36897846016772956
109,416,0.3656653443048167
109,417,0.34579752281654713
109,418,0.3354451774164688
109,419,0.34575490341630094
109,420,0.3571615025054577
109,421,0.34491843608922734
109,422,0.33864326671112416
109,423,0.370782230482545
109,424,0.35479986321094426
109,425,0.36369616902151775
109,426,0.3441186963125717
109,427,0.34011113712953966
109,428,0.3664868730445241
109,429,0.34524703996126044
109,430,0.3495957005855649
109,431,0.34527046527973443
109,432,0.3485968598099642
109,433,0.3424497676450153
109,434,0.3472879307214604
109,435,0.349383483099383
109,436,0.34806079919948135
109,437,0.34141831619794977
109,438,0.35396346727082895
109,439,0.34354444783787397
109,440,0.3585492531920588
109,441,0.33651761121528095
109,442,0.33820655110270476
109,443,0.3537221869757009
109,444,0.351560500472091
109,445,0.3447435983391695
109,446,0.31799270732458246
109,447,0.36619600099186567
109,448,0.35858518994131755
109,449,0.33921462851901385
109,450,0.3487983602424001
109,451,0.34510391049606853
109,452,0.3546528213245924
109,453,0.344875831936681
109,454,0.364708041728929
109,455,0.3454260389472163
109,456,0.35872039822644963
109,457,0.33569277926932933
109,458,0.3567908149819041
109,459,0.3464381923509199
109,460,0.33832166985023854
109,461,0.3328527898289437
109,462,0.35125374308852264
109,463,0.3555405306261639
109,464,0.34865106191746026
109,465,0.35060668476792267
109,466,0.31846511156059976
109,467,0.32332008661225786
109,468,0.34365913410519444
109,469,0.32924624723057416
109,470,0.35799689001815266
109,471,0.3425015363582345
109,472,0.35112878333690556
109,473,0.32443378345910895
109,474,0.3213377733563268
109,475,0.3466419515221618
109,476,0.3264678716659546
109,477,0.335963157720344
109,478,0.3499692380428314
109,479,0.32745881621227707
109,480,0.31893228652865385
109,481,0.33475565702416177
109,482,0.35549682309461195
109,483,0.3608133349307748
109,484,0.35191474958907726
109,485,0.3561212822448376
109,486,0.3498403222061867
109,487,0.31019343262494997
109,488,0.31945088159206303
109,489,0.33757788913194525
109,490,0.3319235929222994
109,491,0.3399075193460597
109,492,0.3350144084109816
109,493,0.33473045188327166
109,494,0.3290105143258738
109,495,0.346626820259316
109,496,0.31922783200130905
109,497,0.337040338405343
109,498,0.3109613566897636
109,499,0.3133681118488312
109,500,0.3289453858552977
109,501,0.33421492715214574
109,502,0.32888675983562027
109,503,0.329345807779667
109,504,0.32669857837433036
109,505,0.33964935776799227
109,506,0.3152006719001504
109,507,0.3224128567895224
109,508,0.3289421782937161
109,509,0.3438713079275087
109,510,0.32393409207809803
109,511,0.3392324565454971
109,512,0.34967694656793463
109,513,0.3292980603007383
109,514,0.34608420729637146
109,515,0.3375045116557631
109,516,0.31838840939277824
109,517,0.3330723684887553
109,518,0.30871445772259737
109,519,0.34932569362396415
109,520,0.341371753881144
109,521,0.3350291071936142
109,522,0.3455523287141046
109,523,0.324060040850972
109,524,0.34506039633307345
109,525,0.34010479200718013
109,526,0.31538420222526375
109,527,0.3220204856506614
109,528,0.34617125087006145
109,529,0.34179121394490086
109,530,0.3286941439606423
109,531,0.3233251024124234
109,532,0.31875685342522553
109,533,0.3215960714706155
109,534,0.323375262493311
109,535,0.3416922043922336
109,536,0.3355936505073725
109,537,0.33508485347725625
109,538,0.3300201075021611
109,539,0.32763992561850436
109,540,0.3266687815965608
109,541,0.3393042898455331
109,542,0.31534387621768684
109,543,0.322422745615937
109,544,0.3428823039975277
109,545,0.3321899224159329
109,546,0.3384644160437029
109,547,0.31848180294036865
109,548,0.31455977919489836
109,549,0.3491290114646734
109,550,0.34828909815743914
109,551,0.3355857820011849
109,552,0.31341963244038956
109,553,0.343244836080906
109,554,0.3561654125535211
109,555,0.3547123684439548
109,556,0.3324583082698112
109,557,0.3209255809007689
109,558,0.3371431772098985
109,559,0.32323684803275177
109,560,0.32266845952632817
109,561,0.31720192903696104
109,562,0.318398047325223
109,563,0.34155725185261215
109,564,0.3619264516719552
109,565,0.35502771998560706
109,566,0.32796428993690846
109,567,0.3218097097651903
109,568,0.3238114201745322
109,569,0.33011897220168
109,570,0.33267548749613207
109,571,0.3437717127245526
109,572,0.35068184275959813
109,573,0.3494145592977834
109,574,0.3175725666589515
109,575,0.3270932276581609
109,576,0.33427111284677374
109,577,0.31622185055599655
109,578,0.32242890707282135
109,579,0.3303339737792348
109,580,0.3265485465526581
109,581,0.3226124207640803
109,582,0.30294407938801965
109,583,0.33435325289881507
109,584,0.3417788903380549
109,585,0.34097721895506217
109,586,0.349087561285773
109,587,0.33158601300660956
109,588,0.32708259550637975
109,589,0.3229136564010798
109,590,0.3300285096778426
109,591,0.3392814009688621
109,592,0.32971208663873897
109,593,0.33243978993837225
109,594,0.3298775262610857
109,595,0.32176755611286606
109,596,0.3092440858829853
109,597,0.31440647743469063
109,598,0.3205532189025435
109,599,0.3197003803973974
109,600,0.3188819316930549
109,601,0.3225515533325284
109,602,0.321578826322112
109,603,0.3296817963899568
109,604,0.33696005718652594
109,605,0.31893980364466823
109,606,0.3322732829770377
109,607,0.33139134562292766
109,608,0.32632608191911566
109,609,0.3092809347219245
109,610,0.3310174914293511
109,611,0.3153210351633471
109,612,0.3372169878593711
109,613,0.3064867680849031
109,614,0.33298736949299657
109,615,0.3290219341599664
109,616,0.3492065751275351
109,617,0.32739209019860555
109,618,0.3134018543154694
109,619,0.31566295651502385
109,620,0.3301962011082228
109,621,0.33300487177316535
109,622,0.32447654216788535
109,623,0.32678714463877123
109,624,0.33443477195362714
109,625,0.33271358664645706
109,626,0.34273285228152606
109,627,0.3395407927590747
109,628,0.3740310405575952
109,629,0.3319112097108087
109,630,0.3187037325182626
109,631,0.3326067768557127
109,632,0.3255694023398466
109,633,0.3245746839878171
109,634,0.330332588664321
109,635,0.31946488521819894
109,636,0.3321470826171165
109,637,0.31257910506669867
109,638,0.3182373389948246
109,639,0.30296685182771016
109,640,0.34004748075507407
109,641,0.30953051738960796
109,642,0.3106735327909159
109,643,0.3166868222314258
109,644,0.32724016696907754
109,645,0.31267218326413354
109,646,0.30429547193438505
109,647,0.33097321488136466
109,648,0.29093870312668557
109,649,0.31732448866201
109,650,0.310615693413934
109,651,0.33963846744493
109,652,0.3188573634901712
109,653,0.3069515082725259
109,654,0.32348879201467645
109,655,0.3178723121798316
109,656,0.3250404048797696
109,657,0.32071318390757536
109,658,0.3033807090548582
109,659,0.30708316245744394
109,660,0.3131419496480809
109,661,0.30984645596770355
109,662,0.32947446094002836
109,663,0.3469759523868561
109,664,0.3123005760270496
109,665,0.31648165195487266
109,666,0.3139850708634354
109,667,0.3206946045853371
109,668,0.31147567408029425
109,669,0.3117689656656842
109,670,0.31660284344540085
109,671,0.31585915698561556
109,672,0.3026741819326268
109,673,0.31360688874887865
109,674,0.30293574582698735
109,675,0.3073881906132365
109,676,0.3152872254682142
109,677,0.3072547538335933
109,678,0.3354740787384122
109,679,0.32127985982007756
109,680,0.3199342267457829
109,681,0.34840178004530975
109,682,0.31429074600685475
109,683,0.3145054613434991
109,684,0.3185971400072408
109,685,0.34384719992792884
109,686,0.32618480089098906
109,687,0.30420682388682696
109,688,0.32767473750336223
109,689,0.3124065399169922
109,690,0.32400966522305513
109,691,0.3095503698947818
109,692,0.35470268546148787
109,693,0.3078008800051933
109,694,0.31370904625848284
109,695,0.3132092266581779
109,696,0.3036045293475306
109,697,0.30715851451075354
109,698,0.32019185257512467
109,699,0.2798220404358797
109,700,0.31437536173088604
109,701,0.3076791257359261
109,702,0.33017648583234743
109,703,0.3163104743458504
109,704,0.29468920133834664
109,705,0.3284627545711606
109,706,0.3246037266975225
109,707,0.2974677085876465
109,708,0.31739058605460235
109,709,0.3092444144016088
109,710,0.3210554899171341
109,711,0.3064380766347397
109,712,0.3009240530258001
109,713,0.3126838560714278
109,714,0.31087613452312557
109,715,0.3055575344451638
109,716,0.2901763125907543
109,717,0.29436031538386676
109,718,0.3197479268839193
109,719,0.30498921801877577
109,720,0.31601568016895026
109,721,0.30072999832242037
109,722,0.277687878109688
109,723,0.325550704501396
109,724,0.29348095350487285
109,725,0.31518942152344903
109,726,0.3150028198264366
109,727,0.3075331705947255
109,728,0.29751908779144287
109,729,0.3151067931984746
109,730,0.2865934704625329
109,731,0.3012328536011452
109,732,0.29743582564730975
109,733,0.31623275612675866
109,734,0.3028208994588187
109,735,0.3129149332296017
109,736,0.30426888271819713
109,737,0.3011414873045544
109,738,0.3140980518141458
109,739,0.30550787476606145
109,740,0.31453195422194724
109,741,0.2949526691159537
109,742,0.32406641508257666
109,743,0.3267416891663574
109,744,0.3029988151650096
109,745,0.3130981790464978
109,746,0.30907509978427444
109,747,0.3149354845978493
109,748,0.30287141924680666
109,749,0.32320021127545556
109,750,0.30438949756844097
109,751,0.33186465363169826
109,752,0.2843042383360308
109,753,0.3092594597228738
109,754,0.3116804437581883
109,755,0.28560183734394784
109,756,0.2925371506879496
109,757,0.30549897773321283
109,758,0.30558812618255615
109,759,0.3138228363768999
109,760,0.29778457034465877
109,761,0.29736272470895636
109,762,0.31081206715384196
109,763,0.29987821953241217
109,764,0.2964474115260812
109,765,0.28653103910213296
109,766,0.3191651355388553
109,767,0.2955302263415137
109,768,0.2846672618111899
109,769,0.3095493888439134
109,770,0.3061821945877962
109,771,0.3015864935032157
109,772,0.3165081933487293
109,773,0.30172623382058256
109,774,0.29320020869720814
109,775,0.31787377214708995
109,776,0.3049064715241277
109,777,0.3005329654660336
109,778,0.3094846405262171
109,779,0.3048415738482808
109,780,0.3190330474875694
109,781,0.3119395340597907
109,782,0.2849147756432378
109,783,0.2957005265147187
109,784,0.30328729367533397
109,785,0.2940931507321291
109,786,0.3140449191248694
109,787,0.2939812152884727
109,788,0.29943102113036224
109,789,0.2926670787639396
109,790,0.32006962008254475
109,791,0.3027550675148188
109,792,0.319284145915231
109,793,0.31273261752239495
109,794,0.3025397297947906
109,795,0.2969828733178072
109,796,0.3177265247633291
109,797,0.30190641727558404
109,798,0.2958341313655986
109,799,0.2865274714869122
109,800,0.274041507826295
109,801,0.2806548205919044
109,802,0.27751956602861716
109,803,0.3172683778197266
109,804,0.29890436072682225
109,805,0.3087591147700021
109,806,0.29814336189003876
109,807,0.3083261126695677
109,808,0.30842933266661887
109,809,0.31703511712162996
109,810,0.3065165180799573
109,811,0.289042531750923
109,812,0.28516073317028756
109,813,0.28684943845105726
109,814,0.3018610685370689
109,815,0.29015077269354533
109,816,0.2881090689537137
109,817,0.2924826824387839
109,818,0.30151450495387233
109,819,0.2887499970059062
109,820,0.3043955945691397
109,821,0.29525636171185693
109,822,0.2910423486731773
109,823,0.31075810069261595
109,824,0.27186366846395094
109,825,0.31449431666108063
109,826,0.300228848013767
109,827,0.2927384321079698
109,828,0.2999836504459381
109,829,0.29439281516296917
109,830,0.30633690190869706
109,831,0.2928431089534316
109,832,0.2826978792977888
109,833,0.31085773262866706
109,834,0.28859093854593676
109,835,0.30464596734490507
109,836,0.2935835490393084
109,837,0.2843226935974387
109,838,0.2764435251091802
109,839,0.3079165102437485
109,840,0.28123561726060026
109,841,0.3039504220319349
109,842,0.2916240761446398
109,843,0.31110002689583355
109,844,0.2970598984596341
109,845,0.2994915815286858
109,846,0.30640541883402095
109,847,0.2943098150020422
109,848,0.3222535127817198
109,849,0.30038163481756697
109,850,0.2865485323722972
109,851,0.29755630465440974
109,852,0.3159784501375154
109,853,0.3075303151163944
109,854,0.3206132518690686
109,855,0.3009768027898877
109,856,0.2913270911505056
109,857,0.2776294870432033
109,858,0.2845268401988717
109,859,0.28282630443573
109,860,0.2999254749264828
109,861,0.29292599544968717
109,862,0.2819281220436096
109,863,0.301006895858188
109,864,0.29597083219262055
109,865,0.2958653638529223
109,866,0.29915514796279197
109,867,0.28385866242785784
109,868,0.3157266593256662
109,869,0.31972309115321135
109,870,0.3046405821345573
109,871,0.3124971521455188
109,872,0.31993288494819816
109,873,0.2976118721241175
109,874,0.3133025793142097
109,875,0.30825309004894524
109,876,0.31232050684995427
109,877,0.2969464444836905
109,878,0.3149731561195019
109,879,0.29355547663777376
109,880,0.30526967797168464
109,881,0.30536435232606046
109,882,0.29538637884827545
109,883,0.2842829913594002
109,884,0.25522554197976755
109,885,0.30047973713209464
109,886,0.2791538467240888
109,887,0.30827801865200666
109,888,0.28410459188527837
109,889,0.3074571150679921
109,890,0.28881497161332953
109,891,0.29106890878012015
109,892,0.3104800304701162
109,893,0.29996001789736193
109,894,0.31835260224896805
109,895,0.3009877724702968
109,896,0.31603651199229926
109,897,0.2753139235252558
109,898,0.3005357731220334
109,899,0.2988134199796721
109,900,0.308109054038691
109,901,0.29242343057033626
109,902,0.2725599962611531
109,903,0.2718538870645124
109,904,0.29523144489110903
109,905,0.29193611200465713
109,906,0.2863463114860446
109,907,0.28211186618305917
109,908,0.2998432059620702
109,909,0.25908635106197625
109,910,0.2800949756489244
109,911,0.2998709151911181
109,912,0.29744166967480684
109,913,0.28845268141391667
109,914,0.29780668851941133
109,915,0.3024334914462511
109,916,0.2907817079577335
109,917,0.3056948690913444
109,918,0.28866659763247465
109,919,0.2997207496055337
109,920,0.28989844474681586
109,921,0.28464250647744466
109,922,0.3071727350700733
109,923,0.3028078165858291
109,924,0.2966658999753553
109,925,0.298032610915428
109,926,0.2971648365952248
109,927,0.2869365977686505
109,928,0.2962384667507438
109,929,0.2938103294649789
109,930,0.2838139132011768
109,931,0.2878221366987672
109,932,0.25523772004038786
109,933,0.2755386673433836
109,934,0.28699132800102234
109,935,0.2925868935363237
109,936,0.2760291252025338
109,937,0.2855729419131612
109,938,0.2717311337243679
109,939,0.2910993327928144
109,940,0.2896609306335449
109,941,0.31128477634385576
109,942,0.2775254880273065
109,943,0.29443088104558546
109,944,0.28417421288268513
109,945,0.2798929457054582
109,946,0.2957446533580159
109,947,0.30082403712494427
109,948,0.30232422989468244
109,949,0.2674929250118344
109,950,0.29208901801774667
109,951,0.2713881890441096
109,952,0.2931133293828299
109,953,0.28968791421069656
109,954,0.2664156375929367
109,955,0.2965972437415012
109,956,0.29326328704523486
109,957,0.25464854961217837
109,958,0.2820550542931224
109,959,0.2943996939548226
109,960,0.30656504908273385
109,961,0.28684081934219186
109,962,0.2825553489978923
109,963,0.2851574954598449
109,964,0.287893287664236
109,965,0.2813697038001792
109,966,0.2730044438395389
109,967,0.29618952371353324
109,968,0.27655143238777335
109,969,0.2877385006394497
109,970,0.27145336637663287
109,971,0.26425215740536534
109,972,0.27113439939742867
109,973,0.27860081577023793
109,974,0.27962948139323746
109,975,0.26847208239311393
109,976,0.2885328468888305
109,977,0.2898961270964423
109,978,0.28601463104403296
109,979,0.294088332458984
109,980,0.26721041978791704
109,981,0.28101616682008257
109,982,0.2828690381937249
109,983,0.26370432903600294
109,984,0.2783070012580517
109,985,0.2687162542065909
109,986,0.2841451777968296
109,987,0.28449619578760726
109,988,0.27104445356269213
109,989,0.29482278712960175
109,990,0.2607371765513753
109,991,0.30589620769023895
109,992,0.2941155911878098
109,993,0.2747815067684928
109,994,0.29582658617995505
109,995,0.28223382733589
109,996,0.26725893346376195
109,997,0.2910623397938041
109,998,0.2923392736634543
109,999,0.28321968816047494
109,1000,0.2755857179331225
109,1001,0.27733968302261
109,1002,0.27904386783755103
109,1003,0.28580974770146744
109,1004,0.28878365907558173
109,1005,0.311847586964452
109,1006,0.2768380718175755
109,1007,0.2904786592306093
109,1008,0.28371952647386595
109,1009,0.29098626901937086
109,1010,0.27977821785350176
109,1011,0.2898015137328658
109,1012,0.2726378122041392
109,1013,0.2935233081496039
109,1014,0.2689239102047543
109,1015,0.2844995010730832
109,1016,0.2917560692443404
109,1017,0.26497322459553563
109,1018,0.2805420714755391
109,1019,0.3008075952529907
109,1020,0.29045519648596296
109,1021,0.2938051182170247
109,1022,0.2792892677839412
109,1023,0.2841901796501736
109,1024,0.2830301994501158
109,1025,0.2835285303204559
109,1026,0.28339643741762915
109,1027,0.2806161988613217
109,1028,0.3013647413531015
109,1029,0.29602078227109685
109,1030,0.2989634206128675
109,1031,0.28117625727209933
109,1032,0.30802651477414505
109,1033,0.26992828277654424
109,1034,0.2774175370848456
109,1035,0.2760530100312344
109,1036,0.2817357646864514
109,1037,0.2776705463265264
109,1038,0.2637854142244472
109,1039,0.29328388738077743
109,1040,0.2822420513907144
109,1041,0.2845004180143046
109,1042,0.2853079188701718
109,1043,0.3125834076903587
109,1044,0.2747942708259405
109,1045,0.29733360021613364
109,1046,0.26950638931851056
109,1047,0.27849942237831826
109,1048,0.2959235747193181
109,1049,0.2841892845408861
109,1050,0.28078174833641495
109,1051,0.2741248500208522
109,1052,0.2772373588279236
109,1053,0.266273181105769
109,1054,0.2759715900864712
109,1055,0.26809002147164457
109,1056,0.2740683992241704
109,1057,0.28666002251381095
109,1058,0.2707905869844348
109,1059,0.26767834120018535
109,1060,0.25860868151797806
109,1061,0.28859226717505343
109,1062,0.2761428328447564
109,1063,0.2912432752376379
109,1064,0.2766766652118328
109,1065,0.2792712900527688
109,1066,0.31075682127198506
109,1067,0.2947606887928275
109,1068,0.2705228425735651
109,1069,0.26568099717761195
109,1070,0.28619658808375514
109,1071,0.27675675202247707
109,1072,0.2705908369186313
109,1073,0.26430582896221516
109,1074,0.26189512430235395
109,1075,0.2783734424169673
109,1076,0.2772221773169761
109,1077,0.27147364997586537
109,1078,0.2716387385545775
109,1079,0.2875552842783373
109,1080,0.2744954013547232
109,1081,0.2891518175601959
109,1082,0.2730308428060177
109,1083,0.2825694635163906
109,1084,0.24856903941132302
109,1085,0.27532638089601386
109,1086,0.27451533841532333
109,1087,0.25114054250162704
109,1088,0.2829291737356851
109,1089,0.281153995630353
109,1090,0.28532804652701976
109,1091,0.278323081343673
109,1092,0.27399160210476364
109,1093,0.28965134676112686
109,1094,0.27349078481973604
109,1095,0.2651808691579242
109,1096,0.2744857370853424
109,1097,0.26046920793001044
109,1098,0.2792132129502851
109,1099,0.2770719760379126
109,1100,0.27095847420914226
109,1101,0.27283416723096093
109,1102,0.2861393322778303
109,1103,0.26515005702196165
109,1104,0.30081724080928535
109,1105,0.28630904749382374
109,1106,0.2931588645591292
109,1107,0.29847812028818355
109,1108,0.28106426846149357
109,1109,0.2817451136056767
109,1110,0.2657757796520411
109,1111,0.27828372495118964
109,1112,0.281295029229896
109,1113,0.2726956848488298
109,1114,0.2783740020768587
109,1115,0.27186095437338187
109,1116,0.27032739825026936
109,1117,0.27882605513861014
109,1118,0.2909093630868335
109,1119,0.2827625115250432
109,1120,0.2854583277258762
109,1121,0.2767212099807207
109,1122,0.27709397153798926
109,1123,0.2655954728292864
109,1124,0.26945261068122334
109,1125,0.2783023458580638
109,1126,0.2605825187854989
109,1127,0.26412651670533555
109,1128,0.27773933285890623
109,1129,0.2699123745740846
109,1130,0.2802931305974029
109,1131,0.2774281182954478
109,1132,0.2742868821288264
109,1133,0.26922008048656376
109,1134,0.2719835424145987
109,1135,0.29491870971613154
109,1136,0.2858363431553508
109,1137,0.29068786044453465
109,1138,0.275034771062607
109,1139,0.28039509612460467
109,1140,0.29321722374405973
109,1141,0.2833505037219025
109,1142,0.28137568367082016
109,1143,0.27709848312444463
109,1144,0.2632453892120095
109,1145,0.2697266721448233
109,1146,0.2665676633978999
109,1147,0.2715374051138412
109,1148,0.26431481644164684
109,1149,0.2634448589280594
109,1150,0.265891422365987
109,1151,0.28585712646329126
109,1152,0.2772308899912723
109,1153,0.2836699693701988
109,1154,0.29413019779116606
109,1155,0.2653752198052961
109,1156,0.26391462115354314
109,1157,0.2721201458642649
109,1158,0.2828709857408391
109,1159,0.2710374358088471
109,1160,0.26194273628467735
109,1161,0.26731546327125194
109,1162,0.2796213786269343
109,1163,0.277881451817446
109,1164,0.2689766748700031
109,1165,0.291442334651947
109,1166,0.27749165788639424
109,1167,0.27252552883569586
109,1168,0.24733594926290733
109,1169,0.2791709123655807
109,1170,0.2739121865394504
109,1171,0.27068574969158615
109,1172,0.25662152850350667
109,1173,0.2609986499991528
109,1174,0.2952843956476034
109,1175,0.2688832116681476
109,1176,0.2648452710966731
109,1177,0.27446251345235245
109,1178,0.26413727984871976
109,1179,0.2716918667388517
109,1180,0.2696428146473197
109,1181,0.2575251037298247
109,1182,0.2706369334875151
109,1183,0.24348912751951882
109,1184,0.2767951509287191
109,1185,0.2691065572028936
109,1186,0.25646168340084163
109,1187,0.2816972233528315
109,1188,0.2671040071304454
109,1189,0.2821801769178967
109,1190,0.27167993645335353
109,1191,0.2607227647027304
109,1192,0.268305474935576
109,1193,0.281076860289241
109,1194,0.2725156074346498
109,1195,0.29003405570983887
109,1196,0.2609524428844452
109,1197,0.272004212750945
109,1198,0.2565061668323916
109,1199,0.251904149388158
109,1200,0.2633296369120132
109,1201,0.26493615674418075
109,1202,0.2777648561222609
109,1203,0.24928759454294694
109,1204,0.2519506105156832
109,1205,0.28752640652102096
109,1206,0.268420992202537
109,1207,0.27049986325031106
109,1208,0.26260450101175975
109,1209,0.25036228881325834
109,1210,0.25516729507335395
109,1211,0.2726690221664517
109,1212,0.2609558725772902
109,1213,0.2878087135248406
109,1214,0.2593195486900418
109,1215,0.2739506218322488
109,1216,0.2837493998366733
109,1217,0.27198923465817476
109,1218,0.2823055407335592
109,1219,0.27987974050433134
109,1220,0.263435093469398
109,1221,0.26950213139833407
109,1222,0.26051722640214964
109,1223,0.26947604500970174
109,1224,0.28466805677081264
109,1225,0.2544452229211497
109,1226,0.28498582299365555
109,1227,0.272039522265279
109,1228,0.2908997757490291
109,1229,0.26283168965993925
109,1230,0.2445824284886205
109,1231,0.25920979297438335
109,1232,0.2707056167513825
109,1233,0.24870116003724033
109,1234,0.2858388160550317
109,1235,0.24880157237829165
109,1236,0.25936055737872454
109,1237,0.27610593202502226
109,1238,0.2287643305784048
109,1239,0.2445231606793958
109,1240,0.24811262412126675
109,1241,0.25171943805938546
109,1242,0.2563199671201928
109,1243,0.2606848249601763
109,1244,0.2642793381629988
109,1245,0.25942534069682277
109,1246,0.26233327492725017
109,1247,0.2831395497155744
109,1248,0.27890947807666866
109,1249,0.2708098396312359
109,1250,0.24276630926963894
109,1251,0.2602999948484953
109,1252,0.25188142546387604
109,1253,0.25579892549403876
109,1254,0.2761673317399136
109,1255,0.2585405350424523
109,1256,0.2666472154994344
109,1257,0.2586258663687595
109,1258,0.26945644825003867
109,1259,0.26542090087435966
109,1260,0.2506982524727666
109,1261,0.2572596471670062
109,1262,0.25837511551934617
109,1263,0.2643054307893265
109,1264,0.25786410445390745
109,1265,0.26933583686518114
109,1266,0.2744258503581202
109,1267,0.2651612807151883
109,1268,0.26123972756918085
109,1269,0.2977227187433908
109,1270,0.26476940859195797
109,1271,0.28563366587771927
109,1272,0.27407102529392685
109,1273,0.2692144707191822
109,1274,0.2613170056842094
109,1275,0.275646670613178
109,1276,0.25794137147969975
109,1277,0.2748156061699224
109,1278,0.28919771175051845
109,1279,0.27449141200198685
109,1280,0.25942238541536555
109,1281,0.2348997565202935
109,1282,0.25966946191565937
109,1283,0.2568458873172139
109,1284,0.2863460550474566
109,1285,0.25489939090817476
109,1286,0.2752990126609802
109,1287,0.2839725634386373
109,1288,0.26415145882340363
109,1289,0.2562708854675293
109,1290,0.2565584855024205
109,1291,0.2630830580411955
109,1292,0.25624682147835576
109,1293,0.26081712890503017
109,1294,0.2581600900306258
109,1295,0.2586408236692118
109,1296,0.25340905508329703
109,1297,0.2842398275469625
109,1298,0.25823846043542376
109,1299,0.26668699466904927
109,1300,0.27478854184926943
109,1301,0.26079018933828485
109,1302,0.2876623733792194
109,1303,0.2924250953419264
109,1304,0.25496338203895924
109,1305,0.24938609572344048
109,1306,0.2535911192034566
109,1307,0.2653059682180715
109,1308,0.2526934909266095
109,1309,0.2666962486366893
109,1310,0.252784529397654
109,1311,0.2710966000030207
109,1312,0.27678112651026526
109,1313,0.2525742553001226
109,1314,0.27935010887855705
109,1315,0.2519942563633586
109,1316,0.2639927274959032
109,1317,0.25960514885048536
109,1318,0.25955322869988373
109,1319,0.2444322739922723
109,1320,0.28628499875235003
109,1321,0.268323621777601
109,1322,0.2600868060145267
109,1323,0.26448445749837296
109,1324,0.257122905101887
109,1325,0.26645636905071346
109,1326,0.25952886703402495
109,1327,0.25144376588422196
109,1328,0.2774341875730559
109,1329,0.2534895012545031
109,1330,0.25951086781745736
109,1331,0.2548409638016723
109,1332,0.26153703519078186
109,1333,0.2597870244536289
109,1334,0.27169261145037277
109,1335,0.2640213072299957
109,1336,0.2713874183421911
109,1337,0.2539895322433738
109,1338,0.2503277489612269
109,1339,0.25679294453110807
109,1340,0.2459155612213667
109,1341,0.2685067729894505
109,1342,0.260450599498527
109,1343,0.28093964797119764
109,1344,0.25827288419701333
109,1345,0.2534523446892583
109,1346,0.26918820967507917
109,1347,0.2704830945924271
109,1348,0.26807636299798654
109,1349,0.2689051881085995
109,1350,0.25617271107296613
109,1351,0.2495979403340539
109,1352,0.2696838874456494
109,1353,0.25575394131416496
109,1354,0.2693931373745896
109,1355,0.2603238672018051
109,1356,0.2646417545024739
109,1357,0.2494462950285091
109,1358,0.2562597186066384
109,1359,0.23777821382810904
109,1360,0.2433123131131017
109,1361,0.26742415649946344
109,1362,0.26193299543025883
109,1363,0.25231234348097514
109,1364,0.24724910980047182
109,1365,0.23179009140923965
109,1366,0.24570304086042005
109,1367,0.2747328250214111
109,1368,0.26981881468795066
109,1369,0.2407251097435175
109,1370,0.2513300194296726
109,1371,0.25759774307871974
109,1372,0.2578376999428106
109,1373,0.2628947607306547
109,1374,0.2590036080327145
109,1375,0.26037877590157266
109,1376,0.25362795556700507
109,1377,0.2660575713529143
109,1378,0.25386250434919844
109,1379,0.23765591237434122
109,1380,0.2579323739506478
109,1381,0.2563744651716809
109,1382,0.2600235239017841
109,1383,0.23082765035851058
109,1384,0.276966521213221
109,1385,0.24815259631289993
109,1386,0.2719507744145948
109,1387,0.25236747361892875
109,1388,0.25695067332234495
109,1389,0.25327735584835676
109,1390,0.28220494542010993
109,1391,0.26411123643087786
109,1392,0.26878705620765686
109,1393,0.2574811480766119
109,1394,0.26361816982890285
109,1395,0.24900888842205668
109,1396,0.2539251876431842
109,1397,0.2613741069339042
109,1398,0.2650185262047967
109,1399,0.2740353872609693
109,1400,0.2755924328122028
109,1401,0.26391134012577144
109,1402,0.2602231585702231
109,1403,0.2595537796963093
109,1404,0.2558611499708752
109,1405,0.24990999560023464
109,1406,0.253708551789439
109,1407,0.2669274089641349
109,1408,0.27028847156569014
109,1409,0.2553828580434932
109,1410,0.2634382334559463
109,1411,0.24282403117002443
109,1412,0.23929846702620042
109,1413,0.24521708800349123
109,1414,0.2643770027992337
109,1415,0.26665408736051516
109,1416,0.23867902021075404
109,1417,0.2509985368612201
109,1418,0.27136030585266824
109,1419,0.25882181178691777
109,1420,0.2637540840132292
109,1421,0.2720183071702026
109,1422,0.2676343301007914
109,1423,0.27433389806470204
109,1424,0.26555413215659385
109,1425,0.2527246489081272
109,1426,0.26793291021225063
109,1427,0.2602917448032734
109,1428,0.2594324329564738
109,1429,0.26074357677337734
109,1430,0.24860803921555363
109,1431,0.24706211270287978
109,1432,0.26177570847577825
109,1433,0.24130368475304093
109,1434,0.25862055878306545
109,1435,0.26220675401909405
109,1436,0.2506085460962251
109,1437,0.2514342589433803
109,1438,0.2678163931813351
109,1439,0.2350987611814987
109,1440,0.26002865128738933
109,1441,0.2535700756450032
109,1442,0.25469994475675184
109,1443,0.2626109345014705
109,1444,0.25558215171791787
109,1445,0.26289387289867844
109,1446,0.24437736702519794
109,1447,0.2572678469641264
109,1448,0.26513355554536333
109,1449,0.24599230289459229
109,1450,0.2492417249568673
109,1451,0.23647756631984268
109,1452,0.2398487079975217
109,1453,0.2413517624832863
109,1454,0.2627207595248555
109,1455,0.24632870873739554
109,1456,0.22253705457199452
109,1457,0.22290138761664546
109,1458,0.24875259399414062
109,1459,0.2531637937523598
109,1460,0.24699227199998014
109,1461,0.25053674467774323
109,1462,0.2331984739663989
109,1463,0.25315027389415473
109,1464,0.23598719370919605
109,1465,0.24445050504318502
109,1466,0.259788197140361
109,1467,0.2623835854059042
109,1468,0.2617909138978914
109,1469,0.24827984321949093
109,1470,0.259252984163373
109,1471,0.25607032068940094
109,1472,0.2698002360587896
109,1473,0.2811890674191852
109,1474,0.273153078763984
109,1475,0.2667836269666982
109,1476,0.2608870427275813
109,1477,0.2575974041639372
109,1478,0.2327267385499422
109,1479,0.2742494005103444
109,1480,0.25788282065890555
109,1481,0.24965788770553676
109,1482,0.2554861113082531
109,1483,0.24405617804028268
109,1484,0.25276057318199513
109,1485,0.25549713816753655
109,1486,0.2595369829687961
109,1487,0.24140909418117168
109,1488,0.23980797827243805
109,1489,0.23732391970102176
109,1490,0.25139495938323264
109,1491,0.2765917805738227
109,1492,0.2667295052561649
109,1493,0.25874100417591805
109,1494,0.2610639451548111
109,1495,0.2935983878235484
109,1496,0.2510460348323334
109,1497,0.26960336122401923
109,1498,0.27751456720884454
109,1499,0.26687804072402244
109,1500,0.26277648085771604
109,1501,0.24829184385233147
109,1502,0.25121638248133105
109,1503,0.2568163507899573
109,1504,0.28363228814546454
109,1505,0.26837409443633503
109,1506,0.27594910804615463
109,1507,0.26229195955187773
109,1508,0.2563289265299952
109,1509,0.27503375951633896
109,1510,0.2602941116621328
109,1511,0.24490777073904527
109,1512,0.2571726774060449
109,1513,0.2823104251955831
109,1514,0.2727371066115623
109,1515,0.25935161113739014
109,1516,0.24578211681787357
109,1517,0.24867900582247002
109,1518,0.22896967932235363
109,1519,0.2539808012025301
109,1520,0.2493506347717241
109,1521,0.245082896116168
109,1522,0.24922748221907504
109,1523,0.24174335806868796
109,1524,0.24383763622405918
109,1525,0.2615637865870498
109,1526,0.23565479419952215
109,1527,0.24726478166358415
109,1528,0.24166206079860067
109,1529,0.2557227736295656
109,1530,0.23422527798386508
109,1531,0.23352838948715565
109,1532,0.23654374203016593
109,1533,0.24061480441758798
109,1534,0.25768254593361256
109,1535,0.24184296193510987
109,1536,0.2656040413435115
109,1537,0.24745963479197303
109,1538,0.2679473334966704
109,1539,0.28821783703426984
109,1540,0.2526712126510088
109,1541,0.24998148028240647
109,1542,0.2439690876838773
109,1543,0.24656851520371992
109,1544,0.2591721159081126
109,1545,0.2547053303136382
109,1546,0.2564000189304352
109,1547,0.26292562068894854
109,1548,0.2498493031706921
109,1549,0.25725315407265065
109,1550,0.24032818092856295
109,1551,0.2596761684778125
109,1552,0.2488273035648257
109,1553,0.2345558508884075
109,1554,0.2603860781636349
109,1555,0.26095770645973293
109,1556,0.2659949216731759
109,1557,0.24644174340159394
109,1558,0.27213413493577826
109,1559,0.2275203826815583
109,1560,0.24670446404190952
109,1561,0.23803555722846542
109,1562,0.23775853979033093
109,1563,0.2605494808319003
109,1564,0.25646938938041064
109,1565,0.25597294437330825
109,1566,0.24822982417982678
109,1567,0.24571369484413502
109,1568,0.25723528654076333
109,1569,0.232543810508972
109,1570,0.25064493403878324
109,1571,0.24109992592833762
109,1572,0.26251134276390076
109,1573,0.2603671464116074
109,1574,0.24608256893102512
109,1575,0.2595893380253814
109,1576,0.24290050600850305
109,1577,0.2512692389793174
109,1578,0.2450006902217865
109,1579,0.24491811283799106
109,1580,0.2539055496454239
109,1581,0.23907187234523686
109,1582,0.24708501890648243
109,1583,0.2441195901050124
109,1584,0.258137691159581
109,1585,0.2720831708852635
109,1586,0.26211967509846357
109,1587,0.2575233911359033
109,1588,0.250804744487585
109,1589,0.24963581423426784
109,1590,0.23683020403218824
109,1591,0.24153433289638784
109,1592,0.24396714914676754
109,1593,0.2559793702391691
109,1594,0.23750638199407
109,1595,0.23321178139642226
109,1596,0.23971541988295178
109,1597,0.23164910597856656
109,1598,0.23108936811602393
109,1599,0.2595976390117823
109,1600,0.25339224726654763
109,1601,0.23798298004061677
109,1602,0.2519945672085119
109,1603,0.23935044782106266
109,1604,0.2753595141477363
109,1605,0.26105110555194144
109,1606,0.2550747446542562
109,1607,0.25868538784426315
109,1608,0.2528981199098188
109,1609,0.25810669258583424
109,1610,0.2439034203457278
109,1611,0.25673729319905125
109,1612,0.24428412872691488
109,1613,0.2648978299179742
109,1614,0.2534046554288199
109,1615,0.2608757136866104
109,1616,0.2584021126115045
109,1617,0.23480520795944126
109,1618,0.2560807203137597
109,1619,0.2627299660167029
109,1620,0.2556977185399033
109,1621,0.24587122125681057
109,1622,0.25905475644178166
109,1623,0.24116080340950988
109,1624,0.24993169030477835
109,1625,0.2463597786981006
109,1626,0.23632671250853426
109,1627,0.242966667857281
109,1628,0.2529276616351549
109,1629,0.24341152885625528
109,1630,0.23667576042718666
109,1631,0.25645162338434263
109,1632,0.2386685291001963
109,1633,0.23592578151891397
109,1634,0.22783520401910293
109,1635,0.23654950600723887
109,1636,0.24634970204774723
109,1637,0.24244845467944479
109,1638,0.24505565332811932
109,1639,0.2484850384468256
109,1640,0.25483676375344744
109,1641,0.25585257383280025
109,1642,0.2528967794983886
109,1643,0.23075891442077104
109,1644,0.24878267146820246
109,1645,0.22662799649460372
109,1646,0.2447326294211454
109,1647,0.2683210171932398
109,1648,0.2521221429802651
109,1649,0.22660391621811446
109,1650,0.23819563416547554
109,1651,0.24376537356265757
109,1652,0.2558702237384264
109,1653,0.24037310481071472
109,1654,0.25167658335940785
109,1655,0.23957829489264376
109,1656,0.2417257338069206
109,1657,0.25241470232952473
109,1658,0.25788750343544536
109,1659,0.25499632954597473
109,1660,0.26009527611178024
109,1661,0.2685424865678299
109,1662,0.22940740578396376
109,1663,0.24852107915767405
109,1664,0.24585219143435014
109,1665,0.25735945757045303
109,1666,0.21981103752934655
109,1667,0.23529744078946668
109,1668,0.2438026812187461
109,1669,0.24835543507753416
109,1670,0.24074833822804828
109,1671,0.2295337655516558
109,1672,0.2484645850436632
109,1673,0.22952230517254318
109,1674,0.2525218267773473
109,1675,0.25759947195995686
109,1676,0.26373368709586387
109,1677,0.24277857327184013
109,1678,0.24440606111703916
109,1679,0.23089757908222286
109,1680,0.23357747911020768
109,1681,0.23862994063732235
109,1682,0.24678663632204367
109,1683,0.23845139492389766
109,1684,0.25884809050449104
109,1685,0.24183067679405212
109,1686,0.24711077296456627
109,1687,0.2423449394314788
109,1688,0.23746809883173123
109,1689,0.24614127153574034
109,1690,0.26557053486968196
109,1691,0.261676047430482
109,1692,0.23507004352503044
109,1693,0.24153440774873244
109,1694,0.244204627913098
109,1695,0.2352123752582905
109,1696,0.26099052782668625
109,1697,0.23999390491219455
109,1698,0.24270164169544398
109,1699,0.24133690706519192
109,1700,0.24304864365001058
109,1701,0.24342451539150503
109,1702,0.24048113961552464
109,1703,0.26078402580216875
109,1704,0.2446032873419828
109,1705,0.28290352953034775
109,1706,0.2531038948962855
109,1707,0.2339341061752896
109,1708,0.264941765818485
109,1709,0.23618270907291147
109,1710,0.24422935690990713
109,1711,0.24226858310921248
109,1712,0.2603718777035558
109,1713,0.2594055859155433
109,1714,0.23737976648086725
109,1715,0.23592937755030255
109,1716,0.2526290399390598
109,1717,0.2429315170576406
109,1718,0.2511919698742933
109,1719,0.2578745245240455
109,1720,0.23785045535065408
109,1721,0.2567860359369322
109,1722,0.23904921287714048
109,1723,0.2403853625752205
109,1724,0.24281672197718954
109,1725,0.2695287098718244
109,1726,0.2536562494067259
109,1727,0.24905684624993524
109,1728,0.23517378436964612
109,1729,0.24976883724678395
109,1730,0.24189552699410638
109,1731,0.25572500741759013
109,1732,0.24198956163816673
109,1733,0.23452773482300515
109,1734,0.2425309066162553
109,1735,0.24676133657610694
109,1736,0.24510528944259466
109,1737,0.23585039065327756
109,1738,0.2360507897859396
109,1739,0.2452093782119973
109,1740,0.2198506735785063
109,1741,0.24884684972984847
109,1742,0.23706461939700815
109,1743,0.23694274973037632
109,1744,0.23786695162917293
109,1745,0.2469863960909289
109,1746,0.22913660039735395
109,1747,0.26350053798320683
109,1748,0.22745220016601475
109,1749,0.24812209606170654
109,1750,0.24506819525430368
109,1751,0.2500512620737386
109,1752,0.24414806102597436
109,1753,0.24042814138323762
109,1754,0.23500720914020096
109,1755,0.2352957080963046
109,1756,0.2526647462401279
109,1757,0.2527544858843781
109,1758,0.2692978631618411
109,1759,0.270341660394225
109,1760,0.2401690711808759
109,1761,0.2440894551055376
109,1762,0.24011927565862967
109,1763,0.24246418129566105
109,1764,0.2505109164603921
109,1765,0.247256881622381
109,1766,0.24084604756776676
109,1767,0.23287672081659005
109,1768,0.22926017399444137
109,1769,0.23427394933478776
109,1770,0.2548061401345009
109,1771,0.25634536285733067
109,1772,0.2650333143943964
109,1773,0.24717973519203273
109,1774,0.24498478167278823
109,1775,0.24704391041467355
109,1776,0.2414781485879144
109,1777,0.2651368739993073
109,1778,0.23938702462717545
109,1779,0.23849862779295722
109,1780,0.2426392311273619
109,1781,0.24313317759092465
109,1782,0.25248014511064043
109,1783,0.22801160431185433
109,1784,0.25212225733801374
109,1785,0.22944990458876588
109,1786,0.22249056987984236
109,1787,0.22363366810388344
109,1788,0.21903547367384268
109,1789,0.21773306574932363
109,1790,0.24806528798369473
109,1791,0.2378366284592207
109,1792,0.23629397639008456
109,1793,0.22300227021062097
109,1794,0.23399429543073788
109,1795,0.26277632699456327
109,1796,0.2517052639362424
109,1797,0.2558922913185386
109,1798,0.23847139366837436
109,1799,0.256201273480127
109,1800,0.24031860433345617
109,1801,0.2665008465911067
109,1802,0.23430767516757167
109,1803,0.25739823940188383
109,1804,0.23199110807374465
109,1805,0.26326200747212697
109,1806,0.23007622569106345
109,1807,0.24670382433159407
109,1808,0.2232195305269818
109,1809,0.23483346437298974
109,1810,0.23359998090322628
109,1811,0.2351177864989569
109,1812,0.2336112354383912
109,1813,0.23494672775268555
109,1814,0.21474759349989336
109,1815,0.22482866360697634
109,1816,0.2451989519041638
109,1817,0.22514478896939477
109,1818,0.2309140750142031
109,1819,0.24419621014317802
109,1820,0.2366895069216573
109,1821,0.23404691385668377
109,1822,0.23608634430308675
109,1823,0.25777141091435457
109,1824,0.24468503892421722
109,1825,0.25110921263694763
109,1826,0.23922601688739864
109,1827,0.26870669771072475
109,1828,0.2631261729916861
109,1829,0.23458633069382157
109,1830,0.23915901121705077
109,1831,0.23103942600793617
109,1832,0.2477995635465134
109,1833,0.238705248333687
109,1834,0.2270367869804072
109,1835,0.23780809654745944
109,1836,0.22732825196066567
109,1837,0.21942626667577167
109,1838,0.22876547173012135
109,1839,0.23546971172787423
109,1840,0.22377193355283073
109,1841,0.23481677022091177
109,1842,0.24107240105784217
109,1843,0.22851182866928188
109,1844,0.24221857619840045
109,1845,0.2494540394738663
109,1846,0.21880067988883617
109,1847,0.2367172449134117
109,1848,0.22063541793546013
109,1849,0.21570764655290647
109,1850,0.2438136969887933
109,1851,0.2145752785510795
109,1852,0.21870565345120985
109,1853,0.22771919847920882
109,1854,0.23471313818942668
109,1855,0.22739621026571408
109,1856,0.24301217045894888
109,1857,0.2368147095968557
109,1858,0.2388860423897588
109,1859,0.25593377961668856
109,1860,0.2537788714087287
109,1861,0.22749379554460214
109,1862,0.23866593941699626
109,1863,0.2245042868131815
109,1864,0.2194802515035452
109,1865,0.23033647585746853
109,1866,0.24945439779481224
109,1867,0.24564931489700495
109,1868,0.23651204483453617
109,1869,0.24943513579146806
109,1870,0.22591442354889804
109,1871,0.2527885693450307
109,1872,0.24033172255338625
109,1873,0.2488200518974038
109,1874,0.238900201265202
109,1875,0.23603317765302437
109,1876,0.2312223266723544
109,1877,0.23820236671802608
109,1878,0.23813679918300273
109,1879,0.2500055997177612
109,1880,0.22974765751250956
109,1881,0.2242778657480728
109,1882,0.2444532212129859
109,1883,0.21735423248867655
109,1884,0.23273035121518512
109,1885,0.2327528803847557
109,1886,0.21955330704533776
109,1887,0.23919590129408724
109,1888,0.23979223086390383
109,1889,0.23090756216714547
109,1890,0.21417746259722598
109,1891,0.22639223448065823
109,1892,0.2307303797367007
109,1893,0.23950637599756552
109,1894,0.22547552786594213
109,1895,0.23931835106638974
109,1896,0.23489499542602274
109,1897,0.22586882807487665
109,1898,0.233969024100969
109,1899,0.24303354634795077
109,1900,0.25241041668625763
109,1901,0.24389383855254151
109,1902,0.22446702836557877
109,1903,0.2380278353081193
109,1904,0.23651404990706332
109,1905,0.25024508667546647
109,1906,0.20719292448010557
109,1907,0.2427851436443107
109,1908,0.23672695353973744
109,1909,0.2213874088470326
109,1910,0.2597607606372168
109,1911,0.2363027154013168
109,1912,0.2482231030630511
109,1913,0.21983988479126332
109,1914,0.24827241343121195
109,1915,0.24964447354161462
109,1916,0.23611453972583593
109,1917,0.2292554586432701
109,1918,0.2149273489796838
109,1919,0.22785583623619968
109,1920,0.22702729528726534
109,1921,0.22267551477565323
109,1922,0.23494627032169077
109,1923,0.22006732606610588
109,1924,0.22167024744111438
109,1925,0.24993191555488942
109,1926,0.24619616048280582
109,1927,0.21580956910931787
109,1928,0.23983044749082522
109,1929,0.2470765120761339
109,1930,0.21703100828237312
109,1931,0.232357696738354
109,1932,0.23314725209114162
109,1933,0.2165781439736832
109,1934,0.25461034857949544
109,1935,0.24443671592446262
109,1936,0.24699741567290107
109,1937,0.23359138535898785
109,1938,0.24529550934946814
109,1939,0.25217268078826194
109,1940,0.2557176878285963
109,1941,0.2271808472483657
109,1942,0.22000278324581857
109,1943,0.21348413928996685
109,1944,0.24511011048804882
109,1945,0.23435922556145247
109,1946,0.2221275346223698
109,1947,0.24049560725688934
109,1948,0.22493416417476741
109,1949,0.24408197333646375
109,1950,0.2295355297798334
109,1951,0.2325283157271008
109,1952,0.23789979586767596
109,1953,0.24228335743726687
109,1954,0.22548645214979038
109,1955,0.22185803187447925
109,1956,0.22709771574929702
109,1957,0.24654916240725405
109,1958,0.22860069676887157
109,1959,0.22336459367774253
109,1960,0.23185583810473598
109,1961,0.25148960185605423
109,1962,0.2505060929891675
109,1963,0.2414491031058999
109,1964,0.24080012218896732
109,1965,0.23404351361962253
109,1966,0.23411657713180364
109,1967,0.2518809479336406
109,1968,0.23305345447950584
109,1969,0.23558548612650052
109,1970,0.22786334850067316
109,1971,0.2397800548825153
109,1972,0.24077023323192154
109,1973,0.23377406666445177
109,1974,0.24761809859164927
109,1975,0.2326532692410225
109,1976,0.2197250134723131
109,1977,0.20633406694545303
109,1978,0.22979286382364672
109,1979,0.22208607474038766
109,1980,0.23221629164939703
109,1981,0.2305904311496158
109,1982,0.24240968255109566
109,1983,0.23937853928222214
109,1984,0.25470158804294674
109,1985,0.2344350752442382
109,1986,0.2170371028573014
109,1987,0.23288644884907922
109,1988,0.23118506475936534
109,1989,0.22780092095219812
109,1990,0.21167213625686113
109,1991,0.22856038427630135
109,1992,0.2326475080362586
109,1993,0.2343805120434872
109,1994,0.22059211377487625
109,1995,0.21444682187812272
109,1996,0.23912698480972025
109,1997,0.23326370570548746
109,1998,0.21911401111026144
109,1999,0.23456577124983766
109,2000,0.25256526123645695
109,2001,0.21370253348073295
109,2002,0.2231915607008823
109,2003,0.23128168874008712
109,2004,0.25207203106824744
109,2005,0.2436688341373621
109,2006,0.21797778440076251
109,2007,0.22209369893683945
109,2008,0.2355604334626087
109,2009,0.2197915267112643
109,2010,0.2246944363727126
109,2011,0.22614095550636912
109,2012,0.22021421928738438
109,2013,0.22296047418616538
109,2014,0.22243837804295297
109,2015,0.2621372626271359
109,2016,0.2129115753395613
109,2017,0.23641674185908118
109,2018,0.24925455312396205
109,2019,0.22686050381771353
109,2020,0.2315963340360065
109,2021,0.22992219412049583
109,2022,0.233445918837259
109,2023,0.25651971060176226
109,2024,0.21908494691516078
109,2025,0.2340949375269025
109,2026,0.2452428264673366
109,2027,0.23916610520939494
109,2028,0.23646589801755064
109,2029,0.2472693694885387
109,2030,0.22372834176518197
109,2031,0.24190003234286642
109,2032,0.23057716045268747
109,2033,0.2340346540129462
109,2034,0.21701366159805033
109,2035,0.23589316322359927
109,2036,0.23310102487719336
109,2037,0.2230892486350481
109,2038,0.23416739078455193
109,2039,0.21480651581010154
109,2040,0.2217689995155778
109,2041,0.2357592360917912
109,2042,0.2383549012417017
109,2043,0.2189003887564637
109,2044,0.23461537167083385
109,2045,0.21732670588548794
109,2046,0.2552187560602676
109,2047,0.2577026375504427
109,2048,0.2586413656556329
109,2049,0.237096187333728
109,2050,0.22789904821750728
109,2051,0.23349238343017045
109,2052,0.22999714107014413
109,2053,0.22245033431884853
109,2054,0.21843860939491627
109,2055,0.2362996183855589
109,2056,0.25034350953822915
109,2057,0.22029089962327203
109,2058,0.2321500722752061
109,2059,0.23988485405611437
109,2060,0.2414814403583837
109,2061,0.23001993742100027
109,2062,0.2322240101043568
109,2063,0.233711208021918
109,2064,0.2385001328102378
109,2065,0.22231160242890202
109,2066,0.24497231321279392
109,2067,0.24576581182867982
109,2068,0.21638467873251716
109,2069,0.2507169856581577
109,2070,0.23472730156987212
109,2071,0.2123157052799713
109,2072,0.24879069349100424
109,2073,0.22149302134680193
109,2074,0.25283394788586816
109,2075,0.23569854158301687
109,2076,0.21681599977404573
109,2077,0.21935510739337566
109,2078,0.21759414049082024
109,2079,0.22976295823274656
109,2080,0.22284239773140396
109,2081,0.22516965727473415
109,2082,0.22681789065516272
109,2083,0.225615075854368
109,2084,0.21832003045913784
109,2085,0.21116817205451255
109,2086,0.23879585085913194
109,2087,0.21662490624327993
109,2088,0.22146534607854002
109,2089,0.218953225501748
109,2090,0.22209606163723525
109,2091,0.2501033184140228
109,2092,0.2244993895292282
109,2093,0.22257730849953586
109,2094,0.25014768922051717
109,2095,0.2282700753489206
109,2096,0.23719619387804075
109,2097,0.22225353710873183
109,2098,0.23491467951342118
109,2099,0.21746983153875485
109,2100,0.2206040118322816
